property,propertyLabel,class,classLabel
P1000,record held,Q1241356,record
P1001,applies to jurisdiction,Q1048835,political territorial entity
P1001,applies to jurisdiction,Q13414953,religious denomination
P1001,applies to jurisdiction,Q155076,juridical person
P1001,applies to jurisdiction,Q166140,registration authority
P1001,applies to jurisdiction,Q1914636,activity
P1001,applies to jurisdiction,Q192611,electoral unit
P1001,applies to jurisdiction,Q2221906,geographic location
P1001,applies to jurisdiction,Q2882257,First Nation band
P1001,applies to jurisdiction,Q31728,public administration
P1001,applies to jurisdiction,Q3895768,fictional location
P1001,applies to jurisdiction,Q3918,university
P1001,applies to jurisdiction,Q43229,organization
P1001,applies to jurisdiction,Q4358176,council
P1001,applies to jurisdiction,Q44554,law enforcement
P1001,applies to jurisdiction,Q44782,port
P1001,applies to jurisdiction,Q56061,administrative territorial entity
P1001,applies to jurisdiction,Q57662985,country in a fiction work
P1001,applies to jurisdiction,Q5982983,jurisdiction
P1001,applies to jurisdiction,Q6087062,court proceeding
P1001,applies to jurisdiction,Q61005213,copyright determination method
P1001,applies to jurisdiction,Q7188,government
P1001,applies to jurisdiction,Q7278,political party
P1001,applies to jurisdiction,Q8187769,economic activity
P1001,applies to jurisdiction,Q82794,region
P1002,engine configuration,Q2576663,engine configuration
P10067,train melody,Q105543609,musical work/composition
P10129,protective marking,Q59157145,information classification
P1016,asteroid taxonomy,Q15101896,asteroid classification
P10176,type host,Q16521,taxon
P1018,language regulatory body,Q4164871,position
P1018,language regulatory body,Q43229,organization
P1018,language regulatory body,Q5,human
P102,member of political party,Q1393724,political faction
P102,member of political party,Q15145017,Ticket
P102,member of political party,Q2738074,political movement
P102,member of political party,Q6138528,political coalition
P102,member of political party,Q7210356,political organization
P102,member of political party,Q7278,political party
P10229,next level in hierarchy,Q56061,administrative territorial entity
P10241,individual of taxon,Q15707583,fictional taxon
P10241,individual of taxon,Q16521,taxon
P10241,individual of taxon,Q427626,taxonomic rank
P10254,associated cadastral district,Q15623950,prefecture of Morocco
P10254,associated cadastral district,Q17376095,cadastral municipality of Austria
P10254,associated cadastral district,Q20871353,cadastral area in the Czech Republic
P10254,associated cadastral district,Q23925382,arrondissement of Morocco
P10254,associated cadastral district,Q23925393,douar in Morocco
P10254,associated cadastral district,Q2989400,commune of Morocco
P1026,academic thesis,Q111475835,bachelor's with honors thesis
P1026,academic thesis,Q1266946,thesis
P1026,academic thesis,Q1385450,dissertation
P1026,academic thesis,Q187685,doctoral thesis
P1026,academic thesis,Q1907875,master's thesis
P1026,academic thesis,Q798134,bachelor's thesis
P1028,donated by,Q16334295,group of humans
P1028,donated by,Q43229,organization
P1028,donated by,Q5,human
P1029,crew member,Q5,human
P1029,crew member,Q95074,character
P103,native language,Q17376908,languoid
P10308,director of publication,Q5,human
P1035,honorific suffix,Q115859704,honorific suffix
P1035,honorific suffix,Q1964223,name suffix
P1035,honorific suffix,Q60754876,grade of an order
P1035,honorific suffix,Q618779,award
P1037,director / manager,Q21070568,human whose existence is disputed
P1037,director / manager,Q5,human
P1037,director / manager,Q95074,character
P10374,computational complexity,Q908207,complexity class
P1038,relative,Q1569167,video game character
P1038,relative,Q178885,deity
P1038,relative,Q21070598,figure that may or may not be fictional
P1038,relative,Q26401003,individual animal
P1038,relative,Q5,human
P1038,relative,Q95074,character
P1039,kinship to subject,Q11666901,nominal kinship
P1039,kinship to subject,Q12758374,relative
P1039,kinship to subject,Q171318,kinship
P1040,film editor,Q10648343,duo
P1040,film editor,Q1400264,artist collective
P1040,film editor,Q14073567,sibling duo
P1040,film editor,Q14756018,twins
P1040,film editor,Q215380,musical group
P1040,film editor,Q5,human
P10408,created during,Q1190554,occurrence
P1041,socket supported,Q727009,CPU socket
P10449,trained by,Q5,human
P1049,worshipped by,Q17364638,fictional religion
P1049,worshipped by,Q3117863,isolated human group
P1049,worshipped by,Q3257686,locality
P1049,worshipped by,Q41710,ethnic group
P1049,worshipped by,Q71966963,religion or world view
P1049,worshipped by,Q8432,civilization
P105,taxon rank,Q427626,taxonomic rank
P1050,medical condition,Q12131,disability
P1050,medical condition,Q12136,disease
P1050,medical condition,Q1441305,clinical sign
P1050,medical condition,Q175854,phobia
P1050,medical condition,Q18596079,fictional medical condition
P1050,medical condition,Q19656546,fictional virus
P1050,medical condition,Q2057971,health problem
P1050,medical condition,Q7189713,physiological condition
P1050,medical condition,Q796194,medical procedure
P1050,medical condition,Q808,virus
P10527,documentation files at,Q2668072,collection
P10527,documentation files at,Q43229,organization
P1056,product or material produced,Q11028,information
P1056,product or material produced,Q110832782,software resource
P1056,product or material produced,Q11379,energy
P1056,product or material produced,Q11651,electric current
P1056,product or material produced,Q1172284,data set
P1056,product or material produced,Q1310239,component
P1056,product or material produced,Q13226383,facility
P1056,product or material produced,Q1371819,plan
P1056,product or material produced,Q1408286,production process
P1056,product or material produced,Q14897293,fictional entity
P1056,product or material produced,Q15809678,financial product
P1056,product or material produced,Q16686448,artificial object
P1056,product or material produced,Q1799072,method
P1056,product or material produced,Q192276,measure
P1056,product or material produced,Q2424752,product
P1056,product or material produced,Q28877,goods
P1056,product or material produced,Q3566043,economic bad
P1056,product or material produced,Q4406616,concrete object
P1056,product or material produced,Q58778,system
P1056,product or material produced,Q7048977,abstract entity
P1056,product or material produced,Q7079603,official statistics
P1056,product or material produced,Q7406919,service
P1056,product or material produced,Q8187769,economic activity
P1057,chromosome,Q37748,chromosome
P10588,academic calendar type,Q138610495,academic calendar
P10594,taxonomic treatment,Q32945461,taxonomic treatment
P106,occupation,Q108377574,Islamic religious occupation
P106,occupation,Q115580828,fictional analog of an occupation
P106,occupation,Q12737077,occupation
P106,occupation,Q17305127,fictional profession
P106,occupation,Q192581,job activity
P106,occupation,Q21451536,"fictional office, position, or title"
P106,occupation,Q228534,working animal
P106,occupation,Q28640,profession
P106,occupation,Q4164871,position
P106,occupation,Q4504549,religious figure
P106,occupation,Q47472256,fictional religious occupation
P106,occupation,Q480319,title of authority
P106,occupation,Q63188683,Christian religious occupation
P106,occupation,Q63188808,Catholic vocation
P1060,disease transmission process,Q525512,pathogen transmission
P10601,co-applicant,Q106559804,person or organization
P10602,applicant,Q106559804,person or organization
P10604,type of a register in Germany,Q110609500,type of register in Germany
P10606,notable role,Q3375731,historical character
P10606,notable role,Q5,human
P10606,notable role,Q95074,character
P10607,athletics program,Q124803011,school athletics program
P10607,athletics program,Q2367225,university and college sports club
P10607,athletics program,Q86044603,high school athletics program
P10612,choreography for,Q2188189,musical work
P10627,web interface software,Q7397,software
P10629,suggested data fields,Q18616576,Wikidata property
P1064,track gauge,Q214519,track gauge
P10645,reports to,Q4164871,position
P10654,rack system,Q29898761,rack system
P1066,student of,Q115537581,imaginary character
P1066,student of,Q16334295,group of humans
P1066,student of,Q5,human
P10661,exhibited creator,Q16334295,group of humans
P10661,exhibited creator,Q43229,organization
P10661,exhibited creator,Q5,human
P10663,applies to work,Q116779428,group of works often treated as a singular work
P10663,applies to work,Q386724,work
P10663,applies to work,Q559618,fictional universe
P10663,applies to work,Q7725310,series of creative works
P10663,applies to work,Q9134,mythology
P10664,featured track(s),Q55850593,music track with vocals
P10664,featured track(s),Q55850643,music track without lyrics
P10672,raw material processed,Q11173,chemical compound
P10672,raw material processed,Q1550712,primary commodity
P10672,raw material processed,Q188460,natural resource
P10672,raw material processed,Q214609,material
P10672,raw material processed,Q2424752,product
P10672,raw material processed,Q2518864,delving material
P10672,raw material processed,Q3955017,intermediate good
P1068,instruction set,Q272683,instruction set architecture
P10695,introduced in,Q386724,work
P1071,location of creation,Q109645909,astronomical object in the Solar System
P1071,location of creation,Q17334923,physical location
P1071,location of creation,Q3895768,fictional location
P1071,location of creation,Q618123,geographical feature
P1071,location of creation,Q868557,music festival
P10714,WikiProject importance scale rating,Q108606989,Wikimedia article badge
P1072,readable file format,Q235557,file format
P1072,readable file format,Q26085352,file format family
P10726,class of non-item property value,Q115786086,form
P10726,class of non-item property value,Q184754,string
P10726,class of non-item property value,Q186408,point in time
P10726,class of non-item property value,Q234460,text
P10726,class of non-item property value,Q25106976,cartographic work
P10726,class of non-item property value,Q2912517,value
P10726,class of non-item property value,Q309314,quantity
P10726,class of non-item property value,Q3250736,coordinate
P10726,class of non-item property value,Q3302947,audio recording
P10726,class of non-item property value,Q478798,image
P10726,class of non-item property value,Q496946,table
P10726,class of non-item property value,Q853614,identifier
P10726,class of non-item property value,Q98069877,video
P10729,finisher,Q3745723,finisher
P1073,writable file format,Q235557,file format
P1073,writable file format,Q26085352,file format family
P10741,dance style,Q107357104,type of dance
P10741,dance style,Q11639,dance
P1075,rector,Q5,human
P1075,rector,Q95074,character
P10754,distributed from,Q2221906,geographic location
P1078,valvetrain configuration,Q1127794,valvetrain
P10788,in operation on service,Q1067164,transport service itinerary
P10788,in operation on service,Q1297806,transport route
P1079,launch contractor,Q11753232,launch service provider
P108,employer,Q1002697,periodical
P108,employer,Q102496,parish
P108,employer,Q10648343,duo
P108,employer,Q11032,newspaper
P108,employer,Q11812394,theatre company
P108,employer,Q1248784,airport
P108,employer,Q13002315,legendary figure
P108,employer,Q13226383,facility
P108,employer,Q13235160,manufacturer
P108,employer,Q135106502,animal role
P108,employer,Q14623646,fictional organization
P108,employer,Q1474440,radio channel
P108,employer,Q15265344,broadcaster
P108,employer,Q15416,television program
P108,employer,Q1555508,radio program
P108,employer,Q15632617,fictional human
P108,employer,Q15911314,association
P108,employer,Q16334295,group of humans
P108,employer,Q16560,palace
P108,employer,Q167037,corporation
P108,employer,Q2001305,television channel
P108,employer,Q2085381,publishing house
P108,employer,Q21070568,human whose existence is disputed
P108,employer,Q22988604,mythological Greek character
P108,employer,Q2385804,educational institution
P108,employer,Q245016,military base
P108,employer,Q24634210,podcast show
P108,employer,Q2659904,government organization
P108,employer,Q3152824,cultural institution
P108,employer,Q327333,government agency
P108,employer,Q35127,website
P108,employer,Q431289,brand
P108,employer,Q43229,organization
P108,employer,Q5,human
P108,employer,Q5446565,fictional company
P108,employer,Q56061,administrative territorial entity
P108,employer,Q6056746,campaign
P108,employer,Q783794,company
P108,employer,Q820477,mine
P108,employer,Q95074,character
P1080,from narrative universe,Q47306921,fictional parallel universe
P1080,from narrative universe,Q559618,fictional universe
P1080,from narrative universe,Q867335,literary cycle
P1080,from narrative universe,Q9134,mythology
P10806,orchestrator,Q43229,organization
P10806,orchestrator,Q5,human
P10808,preceding halt on service,Q548662,public transport stop
P10809,following halt on service,Q548662,public transport stop
P10818,last entry,Q1260524,time of day
P10836,inker,Q16334295,group of humans
P10836,inker,Q43229,organization
P10836,inker,Q5,human
P10837,penciller,Q16017119,collective pseudonym
P10837,penciller,Q16334295,group of humans
P10837,penciller,Q43229,organization
P10837,penciller,Q5,human
P10888,contains the statistical territorial entity,Q123705,neighborhood
P10888,contains the statistical territorial entity,Q15042037,statistical territorial entity
P10893,recordist,Q11019,machine
P10893,recordist,Q16334295,group of humans
P10893,recordist,Q4233718,anonymous
P10893,recordist,Q43229,organization
P10893,recordist,Q5,human
P10893,recordist,Q8436,family
P10894,spoken by,Q15632617,fictional human
P10894,spoken by,Q16334295,group of humans
P10894,spoken by,Q5,human
P10960,harvested organism(s),Q16521,taxon
P10960,harvested organism(s),Q55983715,organisms known by a particular common name
P10994,KFCB classification (Kenya),Q112290900,Kenya Film Classification Board  category
P110,illustrator,Q10648343,duo
P110,illustrator,Q16334295,group of humans
P110,illustrator,Q43229,organization
P110,illustrator,Q5,human
P11053,grammatical person,Q690940,person
P11054,grammatical number,Q104083,grammatical number
P111,measured physical quantity,Q71550118,individual quantity
P11105,annotator,Q16334295,group of humans
P11105,annotator,Q215627,person
P11105,annotator,Q43229,organization
P11105,annotator,Q5,human
P11105,annotator,Q61002,pseudonym
P11106,alphabetical index,Q2545446,grapheme
P11108,recorded participant,Q105815710,performing arts group
P11108,recorded participant,Q1141470,double act
P11108,recorded participant,Q120544,vocal group
P11108,recorded participant,Q12973014,sports team
P11108,recorded participant,Q16334295,group of humans
P11108,recorded participant,Q18510489,comedy troupe
P11108,recorded participant,Q215380,musical group
P11108,recorded participant,Q26401003,individual animal
P11108,recorded participant,Q5,human
P11108,recorded participant,Q8436,family
P11146,collection items at,Q163740,nonprofit organization
P11146,collection items at,Q181916,herbarium
P11146,collection items at,Q1970365,natural history museum
P11146,collection items at,Q2668072,collection
P11146,collection items at,Q31855,research institute
P11146,collection items at,Q33506,museum
P11146,collection items at,Q866133,university museum
P11197,build system,Q114900460,build system
P112,founder,Q13002315,legendary figure
P112,founder,Q15632617,fictional human
P112,founder,Q16334295,group of humans
P112,founder,Q21070568,human whose existence is disputed
P112,founder,Q215627,person
P112,founder,Q24577840,fictional group of characters
P112,founder,Q41710,ethnic group
P112,founder,Q4271324,mythical character
P112,founder,Q43229,organization
P112,founder,Q5,human
P112,founder,Q66481339,fictional artificial intelligence
P112,founder,Q95074,character
P11220,fruit color,Q1075,color
P11231,has biological vector,Q16521,taxon
P113,airline hub,Q1248784,airport
P11356,grading system,Q113962060,academic grading system
P1136,solved by,Q5,human
P1137,fossil found in this unit,Q23038290,fossil taxon
P1137,fossil found in this unit,Q40614,fossil
P11385,camera lens,Q3880557,objective
P11387,image processor,Q861004,image processor
P114,airline alliance,Q465909,airline alliance
P11415,image stabilizer,Q31009,image stabilization
P11415,image stabilizer,Q5026018,camera stabilizer
P1142,political ideology,Q10286227,religious fundamentalism
P1142,political ideology,Q106632462,newspaper genre
P1142,political ideology,Q117850,doctrine
P1142,political ideology,Q12909644,political ideology
P1142,political ideology,Q17537576,creative work
P1142,political ideology,Q21286623,fictional political faction
P1142,political ideology,Q49773,social movement
P1142,political ideology,Q5891,philosophy
P1142,political ideology,Q58927801,ethical theory
P1142,political ideology,Q7210356,political organization
P1142,political ideology,Q7278,political party
P1145,Lagrangian point,Q190463,Lagrangian point
P11463,travel advisory category,Q116026794,travel advisory category
P11491,member of Roman tribe,Q938560,tribus
P115,home venue,Q811979,architectural structure
P1151,topic's main Wikimedia portal,Q4663903,Wikimedia portal
P11590,stamp perforation,Q731790,postage stamp separation
P11603,transcribed by,Q5,human
P1165,home world,Q15796005,location in a fictional work
P1165,home world,Q3895768,fictional location
P1165,home world,Q6999,astronomical object
P1170,transmitted signal type,Q174984,signal
P1171,approximation algorithm,Q621751,approximation algorithm
P11738,"handled, mitigated, or managed by",Q10273457,equipment
P11738,"handled, mitigated, or managed by",Q10843872,process
P11738,"handled, mitigated, or managed by",Q113210443,engineering practice
P11738,"handled, mitigated, or managed by",Q1414531,correction
P11738,"handled, mitigated, or managed by",Q1427940,warning system
P11738,"handled, mitigated, or managed by",Q1717246,prevention
P11738,"handled, mitigated, or managed by",Q1799072,method
P11738,"handled, mitigated, or managed by",Q1914636,activity
P11738,"handled, mitigated, or managed by",Q21075690,solution
P11738,"handled, mitigated, or managed by",Q2251595,protection
P11738,"handled, mitigated, or managed by",Q24651263,management tool
P11738,"handled, mitigated, or managed by",Q2526135,security
P11738,"handled, mitigated, or managed by",Q26256310,treatment
P11738,"handled, mitigated, or managed by",Q29017603,control
P11738,"handled, mitigated, or managed by",Q2920921,management
P11738,"handled, mitigated, or managed by",Q3030569,protective device
P11738,"handled, mitigated, or managed by",Q3249551,process
P11738,"handled, mitigated, or managed by",Q5720030,detection
P11738,"handled, mitigated, or managed by",Q6881760,mitigation
P11738,"handled, mitigated, or managed by",Q748250,prediction
P11738,"handled, mitigated, or managed by",Q937228,property
P11747,holds diplomatic passport of,Q107390,federated state
P11747,holds diplomatic passport of,Q133442,city-state
P11747,holds diplomatic passport of,Q15239622,disputed territory
P11747,holds diplomatic passport of,Q170156,confederation
P11747,holds diplomatic passport of,Q3024240,historical country
P11747,holds diplomatic passport of,Q3624078,sovereign state
P11747,holds diplomatic passport of,Q48349,empire
P11747,holds diplomatic passport of,Q6256,country
P11747,holds diplomatic passport of,Q6266,nation
P11747,holds diplomatic passport of,Q6726158,independent country
P11747,holds diplomatic passport of,Q96196009,former or current state
P11799,alternate universe counterpart,Q14897293,fictional entity
P11811,beforehand owned by,Q43229,organization
P11811,beforehand owned by,Q5,human
P11811,beforehand owned by,Q851990,population group
P11812,afterward owned by,Q43229,organization
P11812,afterward owned by,Q5,human
P11814,funded by grant,Q230788,grant
P11849,first performance by,Q11812394,theatre company
P11849,first performance by,Q16334295,group of humans
P11849,first performance by,Q20819922,opera company
P11849,first performance by,Q2088357,musical ensemble
P11849,first performance by,Q215380,musical group
P11849,first performance by,Q5,human
P11849,first performance by,Q742421,theatre company
P11849,first performance by,Q805233,ballet company
P119,place of burial,Q16859021,"cemetery, burial plot, or tomb"
P119,place of burial,Q3024240,historical country
P119,place of burial,Q3895768,fictional location
P119,place of burial,Q39614,cemetery
P119,place of burial,Q48634,sarcophagus
P119,place of burial,Q567603,unmarked grave
P119,place of burial,Q6023295,funerary structure
P119,place of burial,Q618123,geographical feature
P119,place of burial,Q62077203,unknown location
P119,place of burial,Q6256,country
P119,place of burial,Q630013,burial at sea
P119,place of burial,Q82794,region
P1192,connecting service,Q1067164,transport service itinerary
P1192,connecting service,Q15079663,rapid transit line
P1192,connecting service,Q16858238,train and rail category
P1194,received signal type,Q174984,signal
P1196,manner of death,Q2438541,manner of death
P1199,mode of inheritance,Q1348351,mode of inheritance
P1200,category for the water basin,Q4167836,Wikimedia category
P12002,has heir or beneficiary,Q43229,organization
P12002,has heir or beneficiary,Q5,human
P1201,space tug,Q1958838,space tug
P1201,space tug,Q618844,apogee kick motor
P12011,tribe,Q107410977,Amazigh tribe
P12011,tribe,Q108872743,fictional tribe
P12011,tribe,Q115790720,First Nation
P12011,tribe,Q12885585,Native American tribe
P12011,tribe,Q133311,tribe
P12011,tribe,Q1676081,iwi
P12011,tribe,Q221355,Seven Slavic tribes
P12011,tribe,Q2386350,tabar
P12011,tribe,Q2605404,tribes of Israel
P12011,tribe,Q2882257,First Nation band
P12011,tribe,Q3277231,Polish tribes
P12011,tribe,Q3538942,Kabylian tribes
P12011,tribe,Q357670,Adivasi
P12011,tribe,Q3918404,Pashtun tribe
P12011,tribe,Q6572970,Hazara tribes
P12011,tribe,Q7855428,Turkmen tribes
P12011,tribe,Q83793567,Tribes of Montenegro
P1202,carries scientific instrument,Q1047213,measurement tool
P1202,carries scientific instrument,Q3099911,scientific instrument
P12020,state of transmission,Q122238678,state of transmission
P12041,type of musical notation,Q233861,figuring
P12050,demo of,Q7397,software
P12050,demo of,Q7889,video game
P12095,fonds,Q2668072,collection
P12095,fonds,Q3052382,fonds
P12099,parent form of an active substance,Q113145171,type of chemical entity
P121,item operated,Q1055307,fictional technology
P121,item operated,Q11019,machine
P121,item operated,Q11660,artificial intelligence
P121,item operated,Q12973014,sports team
P121,item operated,Q1322323,itinerary
P121,item operated,Q13226383,facility
P121,item operated,Q14296,top-level domain
P121,item operated,Q14635346,multi-channel network
P121,item operated,Q14897293,fictional entity
P121,item operated,Q170584,project
P121,item operated,Q18643213,military equipment
P121,item operated,Q189004,college
P121,item operated,Q19541,search engine
P121,item operated,Q2668072,collection
P121,item operated,Q2897903,goods and services
P121,item operated,Q3150005,legal instrument
P121,item operated,Q340169,communications media
P121,item operated,Q3604202,user account
P121,item operated,Q3914,school
P121,item operated,Q3918,university
P121,item operated,Q39546,physical tool
P121,item operated,Q431289,brand
P121,item operated,Q47311934,fleet
P121,item operated,Q476028,association football club
P121,item operated,Q507619,retail chain
P121,item operated,Q61974339,esports team
P121,item operated,Q623109,sports league
P121,item operated,Q63981612,product category
P121,item operated,Q728937,railway line
P121,item operated,Q778575,conglomerate
P121,item operated,Q8513,database
P121,item operated,Q994895,technical system
P1210,supercharger,Q1949814,forced induction
P1211,fuel system,Q1786017,engine fuel system
P12132,stated in source according to,Q8513,database
P12168,Torino scale,Q116879509,Torino Scale Level
P122,basic form of government,Q1307214,form of government
P122,basic form of government,Q2526886,ecclesiastical polity
P122,basic form of government,Q28108,political system
P1221,compressor type,Q178898,compressor
P1227,astronomical filter,Q15987503,astronomical passband
P1227,astronomical filter,Q271860,color index
P1227,astronomical filter,Q4811658,astronomical filter
P123,publisher,Q1002697,periodical
P123,publisher,Q107655869,group of awards
P123,publisher,Q11032,newspaper
P123,publisher,Q1298668,science project
P123,publisher,Q1428914,business register
P123,publisher,Q14350,radio station
P123,publisher,Q152416,samizdat
P123,publisher,Q16334295,group of humans
P123,publisher,Q170584,project
P123,publisher,Q17558136,YouTube channel
P123,publisher,Q2001305,television channel
P123,publisher,Q2085381,publishing house
P123,publisher,Q22222786,government program
P123,publisher,Q2516866,publisher
P123,publisher,Q2608849,imprint
P123,publisher,Q327333,government agency
P123,publisher,Q35127,website
P123,publisher,Q431289,brand
P123,publisher,Q43229,organization
P123,publisher,Q4671277,academic institution
P123,publisher,Q5,human
P123,publisher,Q56061,administrative territorial entity
P123,publisher,Q72588,content delivery network
P123,publisher,Q7554349,software publisher
P123,publisher,Q895526,governing body
P12322,underlying structure(s),Q748349,mathematical structure
P12323,RAM type,Q193395,recording medium
P12324,production manager,Q5,human
P12439,civil rank,Q28745974,civil rank of the Russian Empire
P12443,has cabinet,Q4686848,advisory council
P12443,has cabinet,Q640506,cabinet
P12446,ISCED field,Q113586463,ISCED Field of Education and Training
P12457,invariant under,Q11348,function
P12457,invariant under,Q130998,equivalence relation
P12457,invariant under,Q3249551,process
P12457,invariant under,Q83478,group
P12475,top scorer,Q5,human
P12476,filial church,Q16970,church building
P12484,competition judge,Q795052,individual
P12484,competition judge,Q95074,character
P12505,topic's main thesaurus,Q31209114,Wiktionary thesaurus page
P12516,rug style,Q56147411,rug style
P12526,performing organization,Q43229,organization
P12548,media modality,Q107435521,record
P12548,media modality,Q119228987,media object
P126,maintained by,Q13226383,facility
P126,maintained by,Q14623646,fictional organization
P126,maintained by,Q170584,project
P126,maintained by,Q22222786,government program
P126,maintained by,Q4164871,position
P126,maintained by,Q43229,organization
P126,maintained by,Q5,human
P12616,leaf morphology,Q521246,leaf shape
P12617,creative director,Q5,human
P12621,beneficial owner,Q5,human
P12650,electoral symbol,Q1721663,political symbol
P12650,electoral symbol,Q19604742,electoral symbol
P1268,represents,Q151885,concept
P1268,represents,Q1656682,event
P1268,represents,Q43229,organization
P1268,represents,Q5,human
P127,owned by,Q102345381,social media account
P127,owned by,Q115537581,imaginary character
P127,owned by,Q14514600,group of fictional characters
P127,owned by,Q14623646,fictional organization
P127,owned by,Q15642541,human-geographic territorial entity
P127,owned by,Q2001305,television channel
P127,owned by,Q215627,person
P127,owned by,Q34627,synagogue
P127,owned by,Q3778211,legal person
P127,owned by,Q3914,school
P127,owned by,Q4233718,anonymous
P127,owned by,Q43229,organization
P127,owned by,Q44613,monastery
P127,owned by,Q56061,administrative territorial entity
P127,owned by,Q61002,pseudonym
P127,owned by,Q874405,social group
P12795,showrunner,Q5,human
P128,regulates (molecular biology),Q14860489,molecular function
P128,regulates (molecular biology),Q2996394,biological process
P128,regulates (molecular biology),Q7187,gene
P1283,filmography,Q1371849,filmography
P12830,music mood,Q126179530,music mood
P12876,writing technique,Q125400578,writing technique
P12895,indexer,Q43229,organization
P12895,indexer,Q5,human
P129,physically interacts with,Q4406616,concrete object
P129,physically interacts with,Q98119401,group or class of physical objects
P1290,godparent,Q15632617,fictional human
P1290,godparent,Q21070598,figure that may or may not be fictional
P1290,godparent,Q5,human
P12912,object of occurrence,Q103940464,continuant
P12912,object of occurrence,Q108764372,fictional collective entity
P12912,object of occurrence,Q122380363,fictional property
P12912,object of occurrence,Q126078866,fictional temporal entity
P12912,object of occurrence,Q126364274,fictional continuant
P12912,object of occurrence,Q15706911,fictional object
P12912,object of occurrence,Q17376908,languoid
P12912,object of occurrence,Q18011202,fictional language family
P12912,object of occurrence,Q2623733,fictional language
P12912,object of occurrence,Q26907166,temporal entity
P12912,object of occurrence,Q488383,object
P12912,object of occurrence,Q937228,property
P12912,object of occurrence,Q95074,character
P12912,object of occurrence,Q99527517,collective entity
P12913,class of object(s) of occurrence,Q14897293,fictional entity
P12913,class of object(s) of occurrence,Q35120,entity
P12933,"relates to sustainable development goal, target or indicator",Q53580881,Sustainable Development Goal
P12933,"relates to sustainable development goal, target or indicator",Q56724848,Sustainable Development Goal Target
P12933,"relates to sustainable development goal, target or indicator",Q56726345,Sustainable Development Goal Indicator
P12933,"relates to sustainable development goal, target or indicator",Q7649586,Sustainable Development Goals
P12969,game designer,Q16334295,group of humans
P12969,game designer,Q5,human
P1299,depicted by,Q1406161,artistic theme
P1299,depicted by,Q15709879,artwork series
P1299,depicted by,Q386724,work
P1299,depicted by,Q482919,caricature
P1299,depicted by,Q713200,performing artist
P1299,depicted by,Q82799,name
P12992,objects of occurrence have role,Q16334295,group of humans
P12992,objects of occurrence have role,Q4897819,role
P12992,objects of occurrence have role,Q930933,relation
P12993,role of agent(s) of action,Q4897819,role
P12994,class of agent(s) of action,Q11491547,routine
P12994,class of agent(s) of action,Q115537581,imaginary character
P12994,class of agent(s) of action,Q134602505,group of beings
P12994,class of agent(s) of action,Q14514600,group of fictional characters
P12994,class of agent(s) of action,Q15707583,fictional taxon
P12994,class of agent(s) of action,Q21871294,group or class of living things
P12994,class of agent(s) of action,Q24229398,being
P12995,agent of action,Q115537581,imaginary character
P12995,agent of action,Q24229398,being
P1303,instrument,Q109659725,musical technique
P1303,instrument,Q110295396,type of musical instrument
P1303,instrument,Q17172850,voice
P1303,instrument,Q18352980,fictional musical instrument
P1303,instrument,Q29982117,musical instrument model
P1303,instrument,Q34379,musical instrument
P1303,instrument,Q55990535,computer model
P1304,central bank,Q66344,central bank
P13046,publication type of scholarly work,Q55915575,scholarly work
P13047,leased to,Q106559804,person or organization
P13047,leased to,Q16334295,group of humans
P13047,leased to,Q56061,administrative territorial entity
P1308,position holder,Q5,human
P1308,position holder,Q95074,character
P131,located in the administrative territorial entity,Q15617994,administrative territorial entity type
P131,located in the administrative territorial entity,Q15642541,human-geographic territorial entity
P131,located in the administrative territorial entity,Q19953632,former administrative territorial entity
P131,located in the administrative territorial entity,Q245016,military base
P131,located in the administrative territorial entity,Q269528,unincorporated area
P131,located in the administrative territorial entity,Q30070324,fictional county
P131,located in the administrative territorial entity,Q56061,administrative territorial entity
P131,located in the administrative territorial entity,Q64034456,fictional administrative territorial entity
P131,located in the administrative territorial entity,Q7275,state
P131,located in the administrative territorial entity,Q852446,administrative territorial entity of the United States
P1312,has facet polytope,Q747980,polytope
P1313,office held by head of government,Q114962596,historical position
P1313,office held by head of government,Q21451536,"fictional office, position, or title"
P1313,office held by head of government,Q4164871,position
P13176,taxon known by this common name,Q16521,taxon
P13177,homonymous taxon,Q16521,taxon
P1318,proved by,Q16017119,collective pseudonym
P1318,proved by,Q5,human
P13188,meeting of,Q15275719,recurring event
P13188,meeting of,Q43229,organization
P1321,municipal affiliation of a Swiss national,Q685309,former municipality of Switzerland
P1321,municipal affiliation of a Swiss national,Q70208,Municipality of Switzerland
P13210,organisation tax status,Q131437023,tax status
P1322,dual to,Q125977,vector space
P1322,dual to,Q161973,curve
P1322,dual to,Q1752667,linear code
P1322,dual to,Q547823,planar graph
P1322,dual to,Q747980,polytope
P13260,romantic orientation,Q4688879,romantic orientation
P13269,directs readers to,Q49848,document
P1327,partner in business or sport,Q4271324,mythical character
P1327,partner in business or sport,Q5,human
P1327,partner in business or sport,Q95074,character
P13296,study or design for this work,Q17537576,creative work
P13308,software used for creation,Q7397,software
P13318,mode of reproduction,Q130077803,mode of biological reproduction
P13318,mode of reproduction,Q173432,asexual reproduction
P13318,mode of reproduction,Q182353,sexual reproduction
P13318,mode of reproduction,Q25313209,mode of animal reproduction
P13318,mode of reproduction,Q4115658,artificial reproduction
P13338,thesis submitted for degree,Q189533,academic degree
P13353,provides data for property,Q29934218,Wikibase property
P13359,items classified,Q35120,entity
P1336,territory claimed by,Q43229,organization
P1336,territory claimed by,Q5,human
P1336,territory claimed by,Q6256,country
P13360,presented works,Q17537576,creative work
P13360,presented works,Q49848,document
P13360,presented works,Q8205328,artificial physical object
P13391,data analysis method,Q35120,entity
P1340,eye color,Q23786,eye color
P1343,described by source,Q12139612,list
P1343,described by source,Q1277575,correspondence
P1343,described by source,Q1656682,event
P1343,described by source,Q17489659,group of works
P1343,described by source,Q2085381,publishing house
P1343,described by source,Q309,history
P1343,described by source,Q30941709,government document
P1343,described by source,Q3331189,"version, edition or translation"
P1343,described by source,Q34508,video recording
P1343,described by source,Q36279,biography
P1343,described by source,Q36774,web page
P1343,described by source,Q386724,work
P1343,described by source,Q49848,document
P1343,described by source,Q571,book
P1343,described by source,Q63412991,YouTube video
P1344,participant in,Q101965,experiment
P1344,participant in,Q1190554,occurrence
P1344,participant in,Q14136353,fictional occurrence
P1344,participant in,Q1656682,event
P1344,participant in,Q1914636,activity
P1344,participant in,Q386724,work
P1344,participant in,Q43229,organization
P1346,winner,Q1002697,periodical
P1346,winner,Q1004,comics
P1346,winner,Q1364192,chess computer
P1346,winner,Q1656682,event
P1346,winner,Q386724,work
P1346,winner,Q43229,organization
P1346,winner,Q486972,human settlement
P1346,winner,Q5,human
P1346,winner,Q5107,continent
P1346,winner,Q56061,administrative territorial entity
P1346,winner,Q571,book
P1346,winner,Q6266,nation
P1346,winner,Q726,horse
P1346,winner,Q95074,character
P13464,terminal speaker,Q5,human
P13478,nomenclatural type of,Q16521,taxon
P1349,ploidy,Q118406,ploidy
P13497,interior designer,Q5,human
P135,movement,Q10274693,literary group
P135,movement,Q12765852,philosophical schools and traditions
P135,movement,Q12909644,political ideology
P135,movement,Q1387659,school of thought
P135,movement,Q17399019,style of painting
P135,movement,Q1792644,art style
P135,movement,Q1826286,religious movement
P135,movement,Q2054106,religious philosophy
P135,movement,Q2198855,cultural movement
P135,movement,Q264965,subculture
P135,movement,Q2738074,political movement
P135,movement,Q28820001,musical scene
P135,movement,Q2915955,philosophical movement
P135,movement,Q3233738,golden age
P135,movement,Q3533467,group action
P135,movement,Q49773,social movement
P135,movement,Q7254446,pseudo-scholarship
P135,movement,Q85175122,fictional philosophical movement
P135,movement,Q968159,art movement
P13504,kigo of,Q15275719,recurring event
P13574,most populous urban area,Q702492,urban area
P13589,reason for no value,Q134466357,reason for no value
P13593,cosplay of,Q15706911,fictional object
P13593,cosplay of,Q17305127,fictional profession
P13593,cosplay of,Q5,human
P13593,cosplay of,Q95074,character
P136,genre,Q10428845,narrative technique
P136,genre,Q104624828,book form
P136,genre,Q1047113,field of study
P136,genre,Q104822033,podcast genre
P136,genre,Q107356781,song type
P136,genre,Q1078597,artistic language
P136,genre,Q108676140,audio content genre
P136,genre,Q109551565,sub-set of literature
P136,genre,Q110562117,type of television program
P136,genre,Q116474095,type of work of art
P136,genre,Q11921029,musical style
P136,genre,Q126125231,dictionary genre
P136,genre,Q128093,ebook
P136,genre,Q1406161,artistic theme
P136,genre,Q17155032,software category
P136,genre,Q1792644,art style
P136,genre,Q17955,criticism
P136,genre,Q188451,music genre
P136,genre,Q1991869,diwan
P136,genre,Q223393,literary genre
P136,genre,Q25679497,art of an area
P136,genre,Q3030248,discussion
P136,genre,Q317623,technical standard
P136,genre,Q37930,postage stamp
P136,genre,Q41207,coin
P136,genre,Q4263830,literary form
P136,genre,Q47433,banknote
P136,genre,Q483394,genre
P136,genre,Q53001749,subject of depiction
P136,genre,Q56055944,type of arts
P136,genre,Q64138195,religious song
P136,genre,Q6806507,medical dictionary
P136,genre,Q735,art
P136,genre,Q82753,computer file
P136,genre,Q862597,musical form
P13602,single taken from the album or EP,Q169930,extended play
P13602,single taken from the album or EP,Q482994,album
P13612,breed belongs to taxon,Q16521,taxon
P13633,worn on,Q4936952,anatomical structure
P13638,settlement classification,Q98966309,classification of human settlements
P137,operator,Q106559804,person or organization
P137,operator,Q1248784,airport
P137,operator,Q12737077,occupation
P137,operator,Q14623646,fictional organization
P137,operator,Q15343039,établissement public
P137,operator,Q155076,juridical person
P137,operator,Q15911314,association
P137,operator,Q16334295,group of humans
P137,operator,Q170584,project
P137,operator,Q18325841,public transport network
P137,operator,Q19967801,online service
P137,operator,Q215627,person
P137,operator,Q268592,industry
P137,operator,Q29933786,operator
P137,operator,Q327333,government agency
P137,operator,Q35127,website
P137,operator,Q390516,control room
P137,operator,Q39614,cemetery
P137,operator,Q43229,organization
P137,operator,Q4830453,business
P137,operator,Q5,human
P137,operator,Q56061,administrative territorial entity
P137,operator,Q6881511,enterprise
P137,operator,Q95074,character
P13713,awarded for type of work,Q12142141,political activity
P13713,awarded for type of work,Q16686448,artificial object
P13713,awarded for type of work,Q1914636,activity
P13713,awarded for type of work,Q386724,work
P13723,shrine ranking,Q10444029,shrine rank
P1376,capital of,Q137834788,ethnic area
P1376,capital of,Q20750954,fictional geographic region
P1376,capital of,Q23442,island
P1376,capital of,Q56061,administrative territorial entity
P1376,capital of,Q64034456,fictional administrative territorial entity
P1376,capital of,Q702492,urban area
P13773,LSF rating,Q134531222,LSF classification category
P13829,excluding work,Q116779428,group of works often treated as a singular work
P13829,excluding work,Q386724,work
P13829,excluding work,Q559618,fictional universe
P13829,excluding work,Q7725310,series of creative works
P13829,excluding work,Q9134,mythology
P1383,contains settlement,Q112117312,fictional settlement
P1383,contains settlement,Q11939023,populated place nucleus
P1383,contains settlement,Q123705,neighborhood
P1383,contains settlement,Q21751582,deserted medieval village
P1383,contains settlement,Q280209,mas
P1383,contains settlement,Q28518354,pardina
P1383,contains settlement,Q350895,abandoned village
P1383,contains settlement,Q3957,town
P1383,contains settlement,Q486972,human settlement
P1383,contains settlement,Q5084,hamlet
P1383,contains settlement,Q515,city
P1383,contains settlement,Q532,village
P13838,intervener,Q11488158,corporate title
P13838,intervener,Q294414,public office
P13838,intervener,Q43229,organization
P13838,intervener,Q5,human
P13883,start work,Q386724,work
P13884,end work,Q386724,work
P13887,firmware,Q104851,firmware
P13914,collector,Q16391167,vessel
P13914,collector,Q43229,organization
P13914,collector,Q5,human
P13914,collector,Q618465,remotely operated underwater vehicle
P13923,data collection method,Q122367949,data collection method
P1398,structure replaces,Q27096235,artificial geographic entity
P1398,structure replaces,Q811979,architectural structure
P1398,structure replaces,Q82794,region
P1399,convicted of,Q1184244,delict
P1399,convicted of,Q12142141,political activity
P1399,convicted of,Q124734,rebellion
P1399,convicted of,Q1323212,insurgency
P1399,convicted of,Q1456832,violation of law
P1399,convicted of,Q2628882,legal status
P1399,convicted of,Q321703,premise
P1399,convicted of,Q690768,black magic
P1399,convicted of,Q7311382,religious offense
P1399,convicted of,Q83267,crime
P140,religion or worldview,Q1530022,religious organization
P140,religion or worldview,Q16334295,group of humans
P140,religion or worldview,Q17364638,fictional religion
P140,religion or worldview,Q1826286,religious movement
P140,religion or worldview,Q211606,social structure
P140,religion or worldview,Q4392985,religious identity
P140,religion or worldview,Q71966963,religion or world view
P14005,Japanese court rank,Q99196082,court rank in Japan
P14026,specimen classifier,Q5,human
P14039,logical consequence of,Q108163,proposition
P14039,logical consequence of,Q10859910,theory
P14039,logical consequence of,Q17736,axiom
P14039,logical consequence of,Q21281405,Wikidata internal entity
P14039,logical consequence of,Q319141,conjecture
P1406,script directionality,Q12055124,script directionality
P14067,common organism,Q55983715,organisms known by a particular common name
P1408,licensed to broadcast to,Q27096213,geographic entity
P1408,licensed to broadcast to,Q78758464,broadcasting licence area
P14094,translates from,Q1288568,modern language
P14094,translates from,Q152559,macrolanguage
P14094,translates from,Q315,language
P14094,translates from,Q33742,natural language
P14095,translates into,Q1288568,modern language
P14095,translates into,Q152559,macrolanguage
P14095,translates into,Q315,language
P14095,translates into,Q33742,natural language
P1411,nominated for,Q1046088,hall of fame
P1411,nominated for,Q18772252,pornographic film award
P1411,nominated for,Q378427,literary award
P1411,nominated for,Q38033430,class of award
P1411,nominated for,Q4220917,film award
P1411,nominated for,Q4504495,award ceremony
P1411,nominated for,Q618779,award
P1412,"languages spoken, written or signed",Q17376908,languoid
P1414,GUI toolkit or framework,Q1193246,widget toolkit
P1414,GUI toolkit or framework,Q47146,user interface
P1416,affiliation,Q13414953,religious denomination
P1416,affiliation,Q1370598,structure of worship
P1416,affiliation,Q14623646,fictional organization
P1416,affiliation,Q15911314,association
P1416,affiliation,Q16334295,group of humans
P1416,affiliation,Q16970,church building
P1416,affiliation,Q170584,project
P1416,affiliation,Q1729207,Christian ministry
P1416,affiliation,Q178706,institution
P1416,affiliation,Q24577840,fictional group of characters
P1416,affiliation,Q2659904,government organization
P1416,affiliation,Q334453,division
P1416,affiliation,Q35127,website
P1416,affiliation,Q43229,organization
P1416,affiliation,Q55155641,VTuber
P1416,affiliation,Q618779,award
P1416,affiliation,Q62662717,fictional place of worship
P1416,affiliation,Q995347,Christian movement
P14182,river regime,Q320072,river regime
P14186,seat occupied,Q138049477,seat of a scientific academy
P1419,shape,Q207961,shape
P1424,topic has template,Q11266439,Wikimedia template
P1424,topic has template,Q15184295,Wikimedia module
P14251,peer-review process for scholarly journals or publications,Q215028,peer review
P1427,start point,Q1076486,sports venue
P1427,start point,Q17334923,physical location
P1427,start point,Q2169973,service provider
P1427,start point,Q27096213,geographic entity
P1427,start point,Q41176,building
P1427,start point,Q538685,mother ship
P1427,start point,Q6999,astronomical object
P1427,start point,Q811979,architectural structure
P1429,has pet,Q2593744,fictional creature
P1429,has pet,Q729,Animalia
P143,imported from Wikimedia project,Q14827288,Wikimedia project
P143,imported from Wikimedia project,Q20726407,Wikidata tool
P143,imported from Wikimedia project,Q210588,umbrella term
P143,imported from Wikimedia project,Q42156541,Wikimedia Phabricator
P143,imported from Wikimedia project,Q63144794,database derived from Wikimedia projects
P1431,executive producer,Q5,human
P1433,published in,Q107655869,group of awards
P1433,published in,Q1126006,public broadcaster
P1433,published in,Q1331793,media company
P1433,published in,Q14350,radio station
P1433,published in,Q1616075,television station
P1433,published in,Q17084016,nonprofit corporation
P1433,published in,Q1713,citation
P1433,published in,Q17489659,group of works
P1433,published in,Q192283,news agency
P1433,published in,Q19824398,news desk
P1433,published in,Q2001305,television channel
P1433,published in,Q3331189,"version, edition or translation"
P1433,published in,Q35127,website
P1433,published in,Q386724,work
P1433,published in,Q4801521,arts festival
P1433,published in,Q6881511,enterprise
P1433,published in,Q7243180,primary ticket outlet
P1434,takes place in fictional universe,Q559618,fictional universe
P1434,takes place in fictional universe,Q867335,literary cycle
P1434,takes place in fictional universe,Q9134,mythology
P1435,heritage designation,Q210272,cultural heritage
P1435,heritage designation,Q386426,natural heritage
P144,based on,Q10541491,legal form
P144,based on,Q110227435,past occurrence
P144,based on,Q11410,game
P144,based on,Q115537581,imaginary character
P144,based on,Q13002315,legendary figure
P144,based on,Q1445650,holiday
P144,based on,Q157811,virtue
P144,based on,Q16686448,artificial object
P144,based on,Q17489659,group of works
P144,based on,Q17537576,creative work
P144,based on,Q17737,theory
P144,based on,Q2085518,format
P144,based on,Q24334685,mythical entity
P144,based on,Q31629,type of sport
P144,based on,Q34770,language
P144,based on,Q3695082,sign
P144,based on,Q384748,dance move
P144,based on,Q386724,work
P144,based on,Q47451145,tale type
P144,based on,Q483394,genre
P144,based on,Q5,human
P144,based on,Q53996674,conjugation class
P144,based on,Q65943,theorem
P144,based on,Q729,Animalia
P144,based on,Q8192,writing system
P144,based on,Q95074,character
P144,based on,Q95107111,license scheme
P144,based on,Q980357,grammatical category
P144,based on,Q98119401,group or class of physical objects
P1441,present in work,Q109296714,fictional unfinished novel
P1441,present in work,Q17489659,group of works
P1441,present in work,Q3771738,historical document
P1441,present in work,Q386724,work
P1441,present in work,Q42109240,stoff
P1441,present in work,Q7725310,series of creative works
P1444,destination point,Q17334923,physical location
P1444,destination point,Q2169973,service provider
P1444,destination point,Q41176,building
P1444,destination point,Q4130,orbit
P1444,destination point,Q618123,geographical feature
P1444,destination point,Q6999,astronomical object
P1444,destination point,Q801780,orbital maneuver
P1445,fictional universe described in,Q386724,work
P1454,legal form,Q10541491,legal form
P1455,list of works,Q100775361,Wikimedia list of musical works by composer
P1455,list of works,Q100775856,Wikimedia list of dramatico-musical works by composer
P1455,list of works,Q13406463,Wikimedia list article
P1455,list of works,Q1631107,bibliography
P1455,list of works,Q17099416,Wikimedia list of songs
P1455,list of works,Q2560570,thematic catalog
P1455,list of works,Q5051330,catalogue of classical compositions
P1456,list of monuments,Q13406463,Wikimedia list article
P1462,standards body,Q1328899,standards organization
P1462,standards body,Q43229,organization
P1464,category for people born here,Q4167836,Wikimedia category
P1465,category for people who died here,Q4167836,Wikimedia category
P149,architectural style,Q1792644,art style
P149,architectural style,Q32880,architectural style
P149,architectural style,Q784969,architectural typology
P150,contains the administrative territorial entity,Q56061,administrative territorial entity
P150,contains the administrative territorial entity,Q64034456,fictional administrative territorial entity
P1532,country for sport,Q11422536,international sport governing body
P1532,country for sport,Q46135307,nation at sport competition
P1532,country for sport,Q56061,administrative territorial entity
P1532,country for sport,Q6256,country
P1532,country for sport,Q7275,state
P1532,country for sport,Q82794,region
P1533,family name identical to this given name,Q101352,family name
P1534,end cause,Q1151067,rule
P1534,end cause,Q1190554,occurrence
P1534,end cause,Q122397289,imaginary event
P1534,end cause,Q17853087,union
P1534,end cause,Q2245405,key event
P1534,end cause,Q2574811,cause
P1534,end cause,Q3505845,state
P1534,end cause,Q5,human
P1534,end cause,Q628523,message
P1534,end cause,Q6428674,era
P1534,end cause,Q646381,compromise agreement
P1534,end cause,Q67518978,occurrent
P1535,used by,Q115537581,imaginary character
P1535,used by,Q15706911,fictional object
P1535,used by,Q15720608,Wikidata qualifier
P1535,used by,Q1799072,method
P1535,used by,Q21871294,group or class of living things
P1535,used by,Q24229398,being
P1535,used by,Q27096213,geographic entity
P1535,used by,Q483394,genre
P1535,used by,Q488383,object
P1546,motto,Q42470,motto
P1547,depends on software,Q20826013,software version
P1547,depends on software,Q7397,software
P1547,depends on software,Q9143,programming language
P1557,manifestation of,Q104934,fundamental interaction
P1557,manifestation of,Q1207505,quality
P1557,manifestation of,Q133250,sequence
P1557,manifestation of,Q16887380,group
P1557,manifestation of,Q211364,principle
P1557,manifestation of,Q3505845,state
P1557,manifestation of,Q35120,entity
P1557,manifestation of,Q52948,interaction
P1557,manifestation of,Q7048977,abstract entity
P1558,tempo marking,Q189214,tempo
P1568,definition domain,Q134488202,possibly infinitary structure
P1568,definition domain,Q17077830,groupoid object
P1568,definition domain,Q179899,topological space
P1568,definition domain,Q205464,algebraic structure
P1568,definition domain,Q217594,class
P1568,definition domain,Q2785361,monoid object
P1568,definition domain,Q3552958,differentiable manifold
P1568,definition domain,Q36161,set
P1568,definition domain,Q4781718,approach space
P1568,definition domain,Q5379515,enriched category
P1568,definition domain,Q652446,uniform space
P1568,definition domain,Q719395,category
P1568,definition domain,Q7252877,proximity space
P1568,definition domain,Q765994,group object
P1568,definition domain,Q7977957,weak n-category
P1568,definition domain,Q864475,functor
P157,killed by,Q13430821,crowd
P157,killed by,Q14514600,group of fictional characters
P157,killed by,Q21070568,human whose existence is disputed
P157,killed by,Q24334685,mythical entity
P157,killed by,Q4271324,mythical character
P157,killed by,Q43229,organization
P157,killed by,Q44554,law enforcement
P157,killed by,Q5,human
P157,killed by,Q95074,character
P1571,codomain,Q134488202,possibly infinitary structure
P1571,codomain,Q17077830,groupoid object
P1571,codomain,Q179899,topological space
P1571,codomain,Q205464,algebraic structure
P1571,codomain,Q217594,class
P1571,codomain,Q2785361,monoid object
P1571,codomain,Q3552958,differentiable manifold
P1571,codomain,Q36161,set
P1571,codomain,Q4781718,approach space
P1571,codomain,Q5379515,enriched category
P1571,codomain,Q652446,uniform space
P1571,codomain,Q719395,category
P1571,codomain,Q7252877,proximity space
P1571,codomain,Q765994,group object
P1571,codomain,Q7977957,weak n-category
P1576,lifestyle,Q188976,counterculture
P1576,lifestyle,Q24034076,way of life
P1576,lifestyle,Q2515887,pattern of behavior
P1576,lifestyle,Q251777,custom
P1576,lifestyle,Q264965,subculture
P1576,lifestyle,Q474191,diet
P1582,natural product of taxon,Q16521,taxon
P1582,natural product of taxon,Q502895,common name
P1582,natural product of taxon,Q55983715,organisms known by a particular common name
P1589,lowest point,Q2221906,geographic location
P1589,lowest point,Q618123,geographical feature
P159,headquarters location,Q15642541,human-geographic territorial entity
P159,headquarters location,Q2221906,geographic location
P159,headquarters location,Q3895768,fictional location
P159,headquarters location,Q42889,vehicle
P159,headquarters location,Q484652,international organization
P159,headquarters location,Q618123,geographical feature
P1591,defendant,Q14623646,fictional organization
P1591,defendant,Q167037,corporation
P1591,defendant,Q294414,public office
P1591,defendant,Q43229,organization
P1591,defendant,Q5,human
P1591,defendant,Q7275,state
P1591,defendant,Q95074,character
P1592,prosecutor,Q5,human
P1593,legal counsel,Q43229,organization
P1593,legal counsel,Q5,human
P1594,judge,Q16533,judge
P1594,judge,Q190752,supreme court
P1594,judge,Q5,human
P1594,judge,Q95074,character
P1595,charge,Q1456832,violation of law
P1595,charge,Q7311382,religious offense
P1595,charge,Q83267,crime
P1596,penalty,Q1763090,sentence
P1596,penalty,Q186361,punishment
P1598,consecrator,Q5,human
P16,transport network,Q1054650,cable transport
P16,transport network,Q124130081,commuter rail network
P16,transport network,Q15640053,tram system
P16,transport network,Q25631158,highway system
P16,transport network,Q30014735,bus-based transport system
P16,transport network,Q3241753,road number
P16,transport network,Q34442,road
P16,transport network,Q5503,rapid transit
P16,transport network,Q639030,people mover
P16,transport network,Q924286,transport network
P1604,biosafety level,Q898943,biosafety level
P1605,has natural reservoir,Q16521,taxon
P1606,natural reservoir of,Q16521,taxon
P161,cast member,Q1141470,double act
P161,cast member,Q11664239,music unit
P161,cast member,Q120544,vocal group
P161,cast member,Q18510489,comedy troupe
P161,cast member,Q215380,musical group
P161,cast member,Q216866,conjoined twins
P161,cast member,Q26401003,individual animal
P161,cast member,Q5,human
P161,cast member,Q95074,character
P1611,NATO code for grade,Q18518822,NATO code for grade
P162,producer,Q10648343,duo
P162,producer,Q11396960,production company
P162,producer,Q14514600,group of fictional characters
P162,producer,Q215380,musical group
P162,producer,Q5,human
P162,producer,Q59755569,special purpose artist
P162,producer,Q7247847,production team
P162,producer,Q742421,theatre company
P162,producer,Q95074,character
P1620,plaintiff,Q1047437,copyright collective
P1620,plaintiff,Q155076,juridical person
P1620,plaintiff,Q167037,corporation
P1620,plaintiff,Q327333,government agency
P1620,plaintiff,Q43229,organization
P1620,plaintiff,Q486972,human settlement
P1620,plaintiff,Q5,human
P1625,has melody,Q105543609,musical work/composition
P1625,has melody,Q11399,rock music
P1625,has melody,Q1344,opera
P1625,has melody,Q15079786,ballet
P1625,has melody,Q212952,boogie-woogie
P1625,has melody,Q245596,cycle
P1625,has melody,Q379755,arrangement
P1625,has melody,Q7749,rock and roll
P1625,has melody,Q856713,Christian hymn
P163,flag,Q14660,flag
P163,flag,Q17335294,flag or coat of arms
P163,flag,Q64682301,fictional flag
P1637,undercarriage,Q263421,undercarriage
P1639,pendant of,Q7725310,series of creative works
P1639,pendant of,Q838948,work of art
P1642,acquisition transaction,Q18515440,sports transaction
P1647,subproperty of,Q18616576,Wikidata property
P1652,referee,Q15632617,fictional human
P1652,referee,Q5,human
P1654,wing configuration,Q2992500,wing configuration
P1656,unveiled by,Q5,human
P1656,unveiled by,Q95074,character
P1657,MPA film rating,Q23660208,MPA classification category
P1659,related Wikidata property,Q18616576,Wikidata property
P166,award received,Q1046088,hall of fame
P166,award received,Q11448906,science award
P166,award received,Q131647,medallion
P166,award received,Q14659,coat of arms
P166,award received,Q16249975,homage
P166,award received,Q1788716,military decoration
P166,award received,Q193622,order
P166,award received,Q3320743,title of honor
P166,award received,Q378427,literary award
P166,award received,Q38033430,class of award
P166,award received,Q4164871,position
P166,award received,Q480319,title of authority
P166,award received,Q56116950,film award category
P166,award received,Q60466213,fictional award
P166,award received,Q60754876,grade of an order
P166,award received,Q618779,award
P166,award received,Q657438,Roman triumph
P166,award received,Q7302601,recognition
P1660,has index case,Q5,human
P167,structure replaced by,Q27096235,artificial geographic entity
P167,structure replaced by,Q811979,architectural structure
P167,structure replaced by,Q82794,region
P1677,index case of,Q3241045,disease outbreak
P1678,has vertex figure,Q747980,polytope
P1686,for work,Q113145171,type of chemical entity
P1686,for work,Q11410,game
P1686,for work,Q115633690,medical product
P1686,for work,Q12579633,invention
P1686,for work,Q15275192,political initiative
P1686,for work,Q15773347,film character
P1686,for work,Q1656682,event
P1686,for work,Q170584,project
P1686,for work,Q2133344,space mission
P1686,for work,Q386724,work
P1686,for work,Q6586093,lifetime achievement
P1687,main Wikidata property,Q18616576,Wikidata property
P169,chief executive officer,Q15632617,fictional human
P169,chief executive officer,Q5,human
P1696,inverse property,Q18616576,Wikidata property
P17,country,Q10711424,state with limited recognition
P17,country,Q1145276,fictional country
P17,country,Q1151405,client state
P17,country,Q1250464,realm
P17,country,Q148837,polis
P17,country,Q15239622,disputed territory
P17,country,Q15304003,country of the Kingdom of the Netherlands
P17,country,Q161243,dependent territory
P17,country,Q1620908,historical region
P17,country,Q170156,confederation
P17,country,Q182547,Roman province
P17,country,Q1896989,subject of international law
P17,country,Q253836,judicial district
P17,country,Q2577883,occupied territory
P17,country,Q28171280,ancient civilization
P17,country,Q3024240,historical country
P17,country,Q3238337,mythical location
P17,country,Q3624078,sovereign state
P17,country,Q3895768,fictional location
P17,country,Q43702,federation
P17,country,Q48349,empire
P17,country,Q59281,provisional government
P17,country,Q5982983,jurisdiction
P17,country,Q6256,country
P17,country,Q678116,government-in-exile
P17,country,Q7275,state
P170,creator,Q11019,machine
P170,creator,Q14514600,group of fictional characters
P170,creator,Q16017119,collective pseudonym
P170,creator,Q16334295,group of humans
P170,creator,Q170584,project
P170,creator,Q17442446,Wikimedia internal item
P170,creator,Q24229398,being
P170,creator,Q28640,profession
P170,creator,Q35273,optical telescope
P170,creator,Q43229,organization
P170,creator,Q5,human
P170,creator,Q60198807,dressage horse
P170,creator,Q729,Animalia
P170,creator,Q7397,software
P170,creator,Q95074,character
P171,parent taxon,Q16521,taxon
P1716,brand,Q137183855,perfume brand
P1716,brand,Q1412386,fictional brand
P1716,brand,Q167270,trademark
P1716,brand,Q431289,brand
P1716,brand,Q5,human
P1716,brand,Q6881511,enterprise
P172,ethnic group,Q103817,indigenous people
P172,ethnic group,Q108788952,ethnic group by residency
P172,ethnic group,Q112583859,ethnic or cultural group in fiction
P172,ethnic group,Q133311,tribe
P172,ethnic group,Q21192438,fictional species
P172,ethnic group,Q231002,nationality
P172,ethnic group,Q2472587,people
P172,ethnic group,Q2531956,ethnic minority group
P172,ethnic group,Q25380035,ethnic community
P172,ethnic group,Q2590445,fictional ethnic group
P172,ethnic group,Q27863646,mythical people
P172,ethnic group,Q321703,premise
P172,ethnic group,Q3254959,race
P172,ethnic group,Q33829,human population
P172,ethnic group,Q41597955,fictional race
P172,ethnic group,Q41710,ethnic group
P172,ethnic group,Q4533081,ethnolinguistic group
P172,ethnic group,Q6266,nation
P1731,Fach vocal classification,Q1748957,Fach
P175,performer,Q12973014,sports team
P175,performer,Q14514600,group of fictional characters
P175,performer,Q15267437,cast
P175,performer,Q15632617,fictional human
P175,performer,Q1569167,video game character
P175,performer,Q15711870,animated character
P175,performer,Q15773317,television character
P175,performer,Q18510489,comedy troupe
P175,performer,Q2013644,dōjin circle
P175,performer,Q2088357,musical ensemble
P175,performer,Q215380,musical group
P175,performer,Q2393314,dance troupe
P175,performer,Q2416217,theatre troupe
P175,performer,Q26401003,individual animal
P175,performer,Q2742167,religious community
P175,performer,Q5,human
P175,performer,Q5354754,talent agency
P175,performer,Q59755569,special purpose artist
P175,performer,Q60614352,uncredited musical artist
P175,performer,Q65209857,virtual character
P175,performer,Q6619719,fictional musical ensemble
P175,performer,Q66481339,fictional artificial intelligence
P175,performer,Q729,Animalia
P1750,name day,Q14795564,point in time with respect to recurrent timeframe
P1754,category related to list,Q4167836,Wikimedia category
P176,manufacturer,Q12737077,occupation
P176,manufacturer,Q1294787,artisan
P176,manufacturer,Q14514600,group of fictional characters
P176,manufacturer,Q16521,taxon
P176,manufacturer,Q268592,industry
P176,manufacturer,Q28640,profession
P176,manufacturer,Q43229,organization
P176,manufacturer,Q5,human
P176,manufacturer,Q656720,workshop
P176,manufacturer,Q729,Animalia
P176,manufacturer,Q83405,factory
P176,manufacturer,Q95074,character
P177,crosses,Q618123,geographical feature
P1779,possible creator,Q11019,machine
P1779,possible creator,Q14514600,group of fictional characters
P1779,possible creator,Q16017119,collective pseudonym
P1779,possible creator,Q16334295,group of humans
P1779,possible creator,Q21070568,human whose existence is disputed
P1779,possible creator,Q4271324,mythical character
P1779,possible creator,Q43229,organization
P1779,possible creator,Q5,human
P1779,possible creator,Q729,Animalia
P1779,possible creator,Q7397,software
P1779,possible creator,Q95074,character
P178,developer,Q177634,community
P178,developer,Q43229,organization
P178,developer,Q5,human
P1789,chief operating officer,Q5,human
P179,part of the series,Q104536121,level set
P179,part of the series,Q10929058,product model
P179,part of the series,Q11578774,broadcasting program
P179,part of the series,Q133250,sequence
P179,part of the series,Q13406463,Wikimedia list article
P179,part of the series,Q134312529,series of scholarly articles
P179,part of the series,Q137582133,perfume collection
P179,part of the series,Q15275719,recurring event
P179,part of the series,Q16858238,train and rail category
P179,part of the series,Q17518557,collection of articles
P179,part of the series,Q1978454,complete works
P179,part of the series,Q20655472,editorial collection
P179,part of the series,Q34442,road
P179,part of the series,Q3511132,series
P179,part of the series,Q431289,brand
P179,part of the series,Q43229,organization
P179,part of the series,Q5398426,television series
P179,part of the series,Q57305,trade fair
P179,part of the series,Q63183159,series of video game compilations
P179,part of the series,Q7058673,video game series
P179,part of the series,Q7725310,series of creative works
P179,part of the series,Q811701,model series
P1809,choreographer,Q5,human
P1811,list of episodes,Q13406463,Wikimedia list article
P1817,addressee,Q106559804,person or organization
P1817,addressee,Q14623646,fictional organization
P1817,addressee,Q16334295,group of humans
P1817,addressee,Q43229,organization
P1817,addressee,Q5,human
P1817,addressee,Q95074,character
P183,endemic to,Q2221906,geographic location
P183,endemic to,Q46831,mountain range
P183,endemic to,Q4835091,territory
P183,endemic to,Q618123,geographical feature
P183,endemic to,Q82794,region
P1830,owner of,Q115537581,imaginary character
P1830,owner of,Q1417728,trade name
P1830,owner of,Q15706911,fictional object
P1830,owner of,Q16334298,group of living things
P1830,owner of,Q16686448,artificial object
P1830,owner of,Q167270,trademark
P1830,owner of,Q2001305,television channel
P1830,owner of,Q26401003,individual animal
P1830,owner of,Q39201,pet
P1830,owner of,Q431289,brand
P1830,owner of,Q43229,organization
P1830,owner of,Q4406616,concrete object
P1830,owner of,Q5,human
P1830,owner of,Q6671777,structure
P184,doctoral advisor,Q15632617,fictional human
P184,doctoral advisor,Q5,human
P1840,investigated by,Q30093123,investigator
P1840,investigated by,Q43229,organization
P1840,investigated by,Q5,human
P1840,investigated by,Q6087062,court proceeding
P1840,investigated by,Q732717,law enforcement agency
P185,doctoral student,Q15632617,fictional human
P185,doctoral student,Q5,human
P1851,partial function domain,Q217594,class
P1851,partial function domain,Q36161,set
P186,made from material,Q10683158,substance
P186,made from material,Q11173,chemical compound
P186,made from material,Q11344,chemical element
P186,made from material,Q1362373,cultigen
P186,made from material,Q15053464,fictional material
P186,made from material,Q16521,taxon
P186,made from material,Q19829125,absence
P186,made from material,Q206615,building material
P186,made from material,Q2095,food
P186,made from material,Q214609,material
P186,made from material,Q223557,physical object
P186,made from material,Q25403900,food ingredient
P186,made from material,Q31839438,food crop
P186,made from material,Q37756,alloy
P186,made from material,Q40050,drink
P186,made from material,Q4936952,anatomical structure
P186,made from material,Q55983715,organisms known by a particular common name
P186,made from material,Q7239,organism
P1875,represented by,Q1144447,modeling agency
P1875,represented by,Q11446,ship
P1875,represented by,Q157031,foundation
P1875,represented by,Q16334295,group of humans
P1875,represented by,Q4830453,business
P1875,represented by,Q5,human
P1875,represented by,Q5354754,talent agency
P1876,vessel,Q15056993,aircraft family
P1876,vessel,Q20871196,fictional vehicle
P1876,vessel,Q22999537,vehicle family
P1876,vessel,Q29048322,vehicle model
P1876,vessel,Q42889,vehicle
P1877,after a work by,Q127843,pen name
P1877,after a work by,Q16017119,collective pseudonym
P1877,after a work by,Q43229,organization
P1877,after a work by,Q5,human
P1878,Vox-ATypI classification,Q58481926,typeface family
P1880,measurement scale,Q1370617,measurement scale
P1881,list of characters,Q13406463,Wikimedia list article
P1884,hair color,Q1048314,human hair color
P1884,hair color,Q321703,premise
P1885,cathedral,Q2977,cathedral
P1885,cathedral,Q97588309,former cathedral
P1887,vice-county,Q7925010,vice-county
P189,location of discovery,Q17334923,physical location
P189,location of discovery,Q27096213,geographic entity
P189,location of discovery,Q3895768,fictional location
P1891,signatory,Q106559804,person or organization
P1891,signatory,Q43229,organization
P1891,signatory,Q5,human
P1891,signatory,Q7275,state
P1898,lowest note,Q263478,note sign
P19,place of birth,Q11446,ship
P19,place of birth,Q115095765,location
P19,place of birth,Q16391167,vessel
P19,place of birth,Q18670171,fictional vessel
P19,place of birth,Q219858,zone
P19,place of birth,Q2221906,geographic location
P19,place of birth,Q27096213,geographic entity
P19,place of birth,Q3238337,mythical location
P19,place of birth,Q3895768,fictional location
P19,place of birth,Q4130,orbit
P19,place of birth,Q6999,astronomical object
P19,place of birth,Q811979,architectural structure
P190,twinned administrative body,Q3895768,fictional location
P190,twinned administrative body,Q3914,school
P190,twinned administrative body,Q486972,human settlement
P190,twinned administrative body,Q4989906,monument
P190,twinned administrative body,Q55488,railway station
P190,twinned administrative body,Q56061,administrative territorial entity
P1906,office held by head of state,Q21451536,"fictional office, position, or title"
P1906,office held by head of state,Q4164871,position
P1906,office held by head of state,Q48352,head of state
P1906,office held by head of state,Q70716623,fictional head of state
P1910,decreased expression in,Q12136,disease
P1911,increased expression in,Q12136,disease
P1912,gene deletion association with,Q12136,disease
P1913,gene duplication association with,Q12136,disease
P1914,gene insertion association with,Q12136,disease
P1915,gene inversion association with,Q12136,disease
P1916,gene substitution association with,Q12136,disease
P1917,posttranslational modification association with,Q12136,disease
P1918,altered regulation leads to,Q12136,disease
P1923,participating team,Q12973014,sports team
P1923,participating team,Q43229,organization
P1923,participating team,Q46135307,nation at sport competition
P1923,participating team,Q847017,sports club
P1924,vaccine for,Q12136,disease
P193,main building contractor,Q289612,general contractor
P193,main building contractor,Q43229,organization
P193,main building contractor,Q5,human
P194,legislative body,Q1048835,political territorial entity
P194,legislative body,Q10553309,legislative house
P194,legislative body,Q11204,legislature
P194,legislative body,Q117006686,group of assemblies
P194,legislative body,Q15238535,fictional government
P194,legislative body,Q17456916,government commission
P194,legislative body,Q6501447,local government
P195,collection,Q17489659,group of works
P195,collection,Q2668072,collection
P195,collection,Q334453,division
P195,collection,Q3707858,type
P195,collection,Q43229,organization
P195,collection,Q811979,architectural structure
P195,collection,Q8513,database
P1950,second family name in Spanish name,Q101352,family name
P1956,takeoff and landing capability,Q20031543,aircraft undercarriage class
P1956,takeoff and landing capability,Q20046585,takeoff and landing
P196,minor planet group,Q1022867,minor planet
P196,minor planet group,Q2332332,minor planet group
P196,minor planet group,Q3235978,circumstellar disk
P1963,properties for this type,Q18616576,Wikidata property
P197,adjacent station,Q228332,entry point
P197,adjacent station,Q28109487,proposed railway station
P1981,FSK film rating,Q23649976,content rating category
P199,has organizational division,Q14623646,fictional organization
P199,has organizational division,Q43229,organization
P1990,species kept,Q16521,taxon
P1990,species kept,Q38829,breed
P1990,species kept,Q502895,common name
P20,place of death,Q112872396,type of educational institution
P20,place of death,Q13226383,facility
P20,place of death,Q16917,hospital
P20,place of death,Q178561,battle
P20,place of death,Q219858,zone
P20,place of death,Q2221906,geographic location
P20,place of death,Q233324,seminary
P20,place of death,Q27096213,geographic entity
P20,place of death,Q3238337,mythical location
P20,place of death,Q3895768,fictional location
P20,place of death,Q41176,building
P20,place of death,Q4130,orbit
P20,place of death,Q4260475,medical facility
P20,place of death,Q55438959,at sea
P20,place of death,Q618123,geographical feature
P20,place of death,Q67140121,residential facility
P20,place of death,Q6999,astronomical object
P20,place of death,Q837142,nursing home
P200,inflows,Q15324,body of water
P200,inflows,Q16500104,fictional body of water
P200,inflows,Q2479431,open water
P200,inflows,Q355304,watercourse
P201,outflows,Q132814,evaporation
P201,outflows,Q15324,body of water
P201,outflows,Q355304,watercourse
P2012,cuisine,Q1778821,cuisine
P205,basin country,Q15239622,disputed territory
P205,basin country,Q7275,state
P2058,depositary,Q4164871,position
P2058,depositary,Q43229,organization
P206,located in or next to body of water,Q15324,body of water
P206,located in or next to body of water,Q16500104,fictional body of water
P206,located in or next to body of water,Q16615865,coastal water body
P206,located in or next to body of water,Q44782,port
P2061,aspect ratio (W:H),Q1441762,aspect ratio
P2061,aspect ratio (W:H),Q20970434,width to height aspect ratio
P2079,fabrication method,Q1799072,method
P2079,fabrication method,Q1914636,activity
P2079,fabrication method,Q26907166,temporal entity
P2079,fabrication method,Q2695280,technique
P2079,fabrication method,Q3249551,process
P2079,fabrication method,Q4485156,software feature
P208,executive body,Q35798,executive branch
P209,highest judicial authority,Q41487,court
P2094,competition class,Q106594809,music competition class
P2094,competition class,Q16510064,sporting event
P2094,competition class,Q1744559,classification in sports
P2094,competition class,Q1955280,music competition
P2094,competition class,Q22999537,vehicle family
P2094,competition class,Q2312410,sports discipline
P2094,competition class,Q2385804,educational institution
P2094,competition class,Q31629,type of sport
P2094,competition class,Q4369513,sex of humans
P2098,substitute/deputy/replacement of office/officeholder,Q4164871,position
P2098,substitute/deputy/replacement of office/officeholder,Q43229,organization
P2098,substitute/deputy/replacement of office/officeholder,Q5,human
P210,party chief representative,Q5,human
P2127,International Nuclear Event Scale,Q21012976,level of INES scale
P2152,antiparticle,Q1621273,particle
P2159,computes solution to,Q3435924,computational problem
P2175,medical condition treated,Q2057971,health problem
P2176,drug or therapy used for treatment,Q11173,chemical compound
P2176,drug or therapy used for treatment,Q113145171,type of chemical entity
P2176,drug or therapy used for treatment,Q179661,medical treatment
P2176,drug or therapy used for treatment,Q6554101,medical device
P2184,history of topic,Q11514315,historical period
P2184,history of topic,Q115857096,aspect of history in a geographic region
P2184,history of topic,Q130788,chronology
P2184,history of topic,Q17524420,aspect of history
P2184,history of topic,Q18340514,events in a specific year or time period
P2184,history of topic,Q186117,timeline
P2184,history of topic,Q309,history
P22,father,Q13002315,legendary figure
P22,father,Q21070568,human whose existence is disputed
P22,father,Q21070598,figure that may or may not be fictional
P22,father,Q215627,person
P22,father,Q4271324,mythical character
P22,father,Q729,Animalia
P22,father,Q795052,individual
P22,father,Q95074,character
P2239,first aid measures,Q133981,first aid
P2241,reason for deprecated rank,Q27949697,Wikibase reason for deprecated rank
P2271,Wikidata property example for properties,Q18616576,Wikidata property
P2279,ambitus,Q189962,interval
P2286,arterial supply,Q9655,artery
P2288,lymphatic drainage,Q170758,lymph node
P2289,venous drainage,Q988343,blood vessel
P2291,charted in,Q373899,record chart
P2291,charted in,Q80793969,ranked list
P2302,property constraint,Q21502402,property constraint
P2306,property,Q18616576,Wikidata property
P2318,debut participant,Q5,human
P2318,debut participant,Q6256,country
P2319,elector,Q4164871,position
P2321,general classification of race participants,Q12973014,sports team
P2321,general classification of race participants,Q5,human
P2341,indigenous to,Q108788952,ethnic group by residency
P2341,indigenous to,Q1402592,island group
P2341,indigenous to,Q14514600,group of fictional characters
P2341,indigenous to,Q2472587,people
P2341,indigenous to,Q33829,human population
P2341,indigenous to,Q3502482,cultural region
P2341,indigenous to,Q41710,ethnic group
P2341,indigenous to,Q465299,archaeological culture
P2341,indigenous to,Q56061,administrative territorial entity
P2341,indigenous to,Q6266,nation
P2341,indigenous to,Q82794,region
P2341,indigenous to,Q851990,population group
P2354,has list,Q13406463,Wikimedia list article
P2358,praenomen,Q1240901,praenomen
P2359,nomen gentilicium,Q3760158,nomen
P2360,intended public,Q12737077,occupation
P2360,intended public,Q16334295,group of humans
P2360,intended public,Q18127,record label
P2360,intended public,Q198981,target market
P2360,intended public,Q215627,person
P2360,intended public,Q22855,consumer
P2360,intended public,Q23649976,content rating category
P2360,intended public,Q2604680,target audience
P2360,intended public,Q268592,industry
P2360,intended public,Q327065,display device
P2360,intended public,Q32738,microcomputer
P2360,intended public,Q48282,student
P2360,intended public,Q5,human
P2360,intended public,Q5932254,demographic profile
P2360,intended public,Q729,Animalia
P2360,intended public,Q785260,phase of human life
P2360,intended public,Q8148,industrial sector
P2360,intended public,Q82794,region
P2361,online service,Q11371,internet service provider
P2361,online service,Q1641122,online service provider
P2361,online service,Q1668024,service on Internet
P2361,online service,Q19967801,online service
P2361,online service,Q35127,website
P2361,online service,Q81989119,video game distribution platform
P2363,NMHH film rating,Q23683425,NMHH rating category
P2365,cognomen,Q777342,cognomen
P2366,agnomen,Q2596516,agnomen
P237,coat of arms,Q1079693,national emblem
P237,coat of arms,Q14659,coat of arms
P237,coat of arms,Q17335294,flag or coat of arms
P237,coat of arms,Q2532754,achievement
P2375,has superpartner,Q10888573,hypothetical particle
P2376,superpartner of,Q43116,elementary particle
P2377,MediaWiki hooks used,Q21674818,MediaWiki hook
P2378,issued by,Q14623646,fictional organization
P2378,issued by,Q170584,project
P2378,issued by,Q22222786,government program
P2378,issued by,Q2659904,government organization
P2378,issued by,Q35127,website
P2378,issued by,Q4164871,position
P2378,issued by,Q43229,organization
P2378,issued by,Q5,human
P2379,deprecated in version,Q20826013,software version
P2388,position held by head of the organization,Q188628,board of directors
P2388,position held by head of the organization,Q21451536,"fictional office, position, or title"
P2388,position held by head of the organization,Q4164871,position
P2388,position held by head of the organization,Q96597574,board of trustees
P2389,organization directed by the office or position,Q1002697,periodical
P2389,organization directed by the office or position,Q11446,ship
P2389,organization directed by the office or position,Q1248784,airport
P2389,organization directed by the office or position,Q14623646,fictional organization
P2389,organization directed by the office or position,Q161837,public service
P2389,organization directed by the office or position,Q16510064,sporting event
P2389,organization directed by the office or position,Q170584,project
P2389,organization directed by the office or position,Q20655472,editorial collection
P2389,organization directed by the office or position,Q245016,military base
P2389,organization directed by the office or position,Q43229,organization
P2392,teaching method,Q1813494,teaching method
P2396,image of function,Q217594,class
P2396,image of function,Q36161,set
P2396,image of function,Q748349,mathematical structure
P2408,set in period,Q105721984,fictional day
P2408,set in period,Q14136353,fictional occurrence
P2408,set in period,Q15401699,archaeological age
P2408,set in period,Q18032959,fictional holiday
P2408,set in period,Q18230293,fictional historical period
P2408,set in period,Q186081,time interval
P2408,set in period,Q26907166,temporal entity
P2408,set in period,Q6428674,era
P2408,set in period,Q69239576,fictional calendar day
P241,military branch,Q1673189,irregular military
P241,military branch,Q1750673,major command of the United States Army
P241,military branch,Q176799,military unit
P241,military branch,Q18011141,fictional military organization
P241,military branch,Q20642011,guerrilla organization
P241,military branch,Q210815,military police
P241,military branch,Q4508,navy
P241,military branch,Q690109,branch of service
P241,military branch,Q781132,military branch
P241,military branch,Q8473,military
P2414,substrate of,Q8047,enzyme
P2416,sports discipline competed in,Q10708051,competition class
P2416,sports discipline competed in,Q2312410,sports discipline
P2416,sports discipline competed in,Q31629,type of sport
P2433,gender of a scientific name of a genus,Q162378,grammatical gender
P248,stated in,Q1057179,user guide
P248,stated in,Q11028,information
P248,stated in,Q116779426,group of video games often treated as a singular game
P248,stated in,Q117207263,file
P248,stated in,Q121182,information system
P248,stated in,Q1277575,correspondence
P248,stated in,Q1338914,handbook
P248,stated in,Q19386377,register
P248,stated in,Q3052382,fonds
P248,stated in,Q324681,press review
P248,stated in,Q3331189,"version, edition or translation"
P248,stated in,Q340169,communications media
P248,stated in,Q37866906,information resource
P248,stated in,Q386724,work
P248,stated in,Q5227240,data library
P248,stated in,Q5707594,news article
P248,stated in,Q66092429,fictional online database
P248,stated in,Q6979629,national mapping agency
P248,stated in,Q82753,computer file
P248,stated in,Q8513,database
P248,stated in,Q853614,identifier
P25,mother,Q112265308,type of fictional character
P25,mother,Q13002315,legendary figure
P25,mother,Q178885,deity
P25,mother,Q21070568,human whose existence is disputed
P25,mother,Q21070598,figure that may or may not be fictional
P25,mother,Q4271324,mythical character
P25,mother,Q4886,cultivar
P25,mother,Q5,human
P25,mother,Q729,Animalia
P25,mother,Q75855169,hypothetical person
P25,mother,Q795052,individual
P25,mother,Q95074,character
P2501,results,Q131094762,distinction in a cycle race
P2501,results,Q19571328,electoral result
P2501,results,Q2995644,result
P2501,results,Q4120621,rank
P2501,results,Q51591359,voting result
P2501,results,Q53869933,sport result
P2501,results,Q54933017,race result
P2505,carries thoroughfare,Q1067164,transport service itinerary
P2505,carries thoroughfare,Q355304,watercourse
P2505,carries thoroughfare,Q3679502,piping
P2505,carries thoroughfare,Q391414,architectural element
P2505,carries thoroughfare,Q44377,tunnel
P2505,carries thoroughfare,Q474,aqueduct
P2505,carries thoroughfare,Q577998,conveyor system
P2505,carries thoroughfare,Q811979,architectural structure
P2505,carries thoroughfare,Q83620,thoroughfare
P2507,corrigendum / erratum,Q1348305,erratum
P2512,has spin-off,Q386724,work
P2517,category for recipients of this award,Q4167836,Wikimedia category
P2522,competition won,Q106594095,annual music competition edition
P2522,competition won,Q13406554,sports competition
P2522,competition won,Q15707532,fictional competition
P2522,competition won,Q1572106,mathematics competition
P2522,competition won,Q18608583,recurring sporting event
P2522,competition won,Q1955280,music competition
P2522,competition won,Q2658935,beauty contest
P2522,competition won,Q27020041,sports season
P2522,competition won,Q3464665,television series season
P2522,competition won,Q841654,competition
P2541,operating area,Q116780221,fictional geographic location
P2541,operating area,Q20750954,fictional geographic region
P2541,operating area,Q2221906,geographic location
P2541,operating area,Q82794,region
P2545,bowling style,Q22911714,bowling style
P2545,bowling style,Q7860947,Types of bowlers in cricket
P2546,sidekick of,Q14514600,group of fictional characters
P2546,sidekick of,Q14623646,fictional organization
P2546,sidekick of,Q20830276,group of mythical characters
P2546,sidekick of,Q21070598,figure that may or may not be fictional
P2546,sidekick of,Q4271324,mythical character
P2546,sidekick of,Q95074,character
P2550,recording or performance of,Q105543609,musical work/composition
P2550,recording or performance of,Q22672348,performance artwork
P2550,recording or performance of,Q25379,play
P2550,recording or performance of,Q5185279,poem
P2550,recording or performance of,Q58483083,dramatico-musical work
P2550,recording or performance of,Q58483088,choreographic work
P2550,recording or performance of,Q603773,lecture
P2550,recording or performance of,Q7725634,literary work
P2550,recording or performance of,Q861911,oration
P2551,used metre,Q192624,meter
P2560,GPU,Q122760330,graphics processing unit model
P2560,GPU,Q183484,graphics processing unit
P2560,GPU,Q4308,graphics card
P2563,superhuman feature or ability,Q104698487,fictional ability or attack
P2563,superhuman feature or ability,Q1047698,superpower
P2563,superhuman feature or ability,Q1347367,aptitude
P2563,superhuman feature or ability,Q29604895,superhuman quality
P2564,Köppen climate classification,Q23702033,category in the Köppen climate classification systems
P2567,amended by,Q1238720,volume
P2567,amended by,Q1269627,amendment
P2567,amended by,Q1348305,erratum
P2567,amended by,Q212971,Request for Comments
P2567,amended by,Q352858,addendum
P2567,amended by,Q740464,legal act
P2568,repealed by,Q1269627,amendment
P2568,repealed by,Q132205156,secretarial order
P2568,repealed by,Q1348305,erratum
P2568,repealed by,Q212971,Request for Comments
P2568,repealed by,Q352858,addendum
P2568,repealed by,Q740464,legal act
P2568,repealed by,Q820655,statute
P2575,measures,Q71550118,individual quantity
P2579,studied by,Q1047113,field of study
P2579,studied by,Q105606485,intellectual activity
P2579,studied by,Q11862829,academic discipline
P2579,studied by,Q126090312,fictional academic discipline
P2579,studied by,Q126368749,science in science fiction
P2579,studied by,Q1387659,school of thought
P2579,studied by,Q17737,theory
P2579,studied by,Q2267705,field of study
P2579,studied by,Q2465832,branch of science
P2579,studied by,Q336,science
P2579,studied by,Q408891,scientific law
P2579,studied by,Q42240,research
P2579,studied by,Q7254446,pseudo-scholarship
P2587,has phoneme,Q202064,phone
P2596,culture,Q11042,culture
P2596,culture,Q2472587,people
P2596,culture,Q41710,ethnic group
P2596,culture,Q465299,archaeological culture
P2596,culture,Q518261,cultural area
P2596,culture,Q8432,civilization
P2629,BBFC rating,Q23790218,BBFC classification category
P263,official residence,Q15720793,fictional building
P263,official residence,Q41176,building
P263,official residence,Q481289,official residence
P2632,place of detention,Q1220959,building of public administration
P2632,place of detention,Q1306981,penal military unit
P2632,place of detention,Q17334923,physical location
P2632,place of detention,Q177597,naval vessel
P2632,place of detention,Q1785071,fort
P2632,place of detention,Q2583015,ghetto in Nazi-occupied Europe
P2632,place of detention,Q320994,house arrest
P2632,place of detention,Q3895768,fictional location
P2632,place of detention,Q40357,prison
P2632,place of detention,Q486972,human settlement
P2632,place of detention,Q55506436,Xinjiang internment camps
P2632,place of detention,Q61927259,Holocaust train journey
P2632,place of detention,Q811979,architectural structure
P2632,place of detention,Q820477,mine
P2632,place of detention,Q88291,citadel
P2632,place of detention,Q91165,keep
P2634,model,Q5,human
P264,record label,Q1137109,video game publisher
P264,record label,Q1542343,independent record label
P264,record label,Q18127,record label
P264,record label,Q210167,video game developer
P2643,Carnegie Classification of Institutions of Higher Education,Q4223026,Carnegie Classification of Institutions of Higher Education
P2647,source of material,Q2221906,geographic location
P2652,partnership with,Q16519632,scientific organization
P2652,partnership with,Q22222786,government program
P2652,partnership with,Q3152824,cultural institution
P2652,partnership with,Q3244038,public establishment of an administrative nature
P2652,partnership with,Q43229,organization
P2652,partnership with,Q56061,administrative territorial entity
P2667,corresponding template,Q11266439,Wikimedia template
P2668,stability of property value,Q23611439,Wikidata property change frequency
P2673,next crossing upstream,Q12280,bridge
P2673,next crossing upstream,Q12323,dam
P2673,next crossing upstream,Q12743,ford
P2673,next crossing upstream,Q18984099,ferry route
P2673,next crossing upstream,Q44377,tunnel
P2674,next crossing downstream,Q12280,bridge
P2674,next crossing downstream,Q12323,dam
P2674,next crossing downstream,Q12743,ford
P2674,next crossing downstream,Q18984099,ferry route
P2674,next crossing downstream,Q44377,tunnel
P2675,reply to,Q15621286,intellectual work
P2679,author of foreword,Q5,human
P2679,author of foreword,Q95074,character
P2680,author of afterword,Q5,human
P2681,is recto of,Q47461344,written work
P2681,is recto of,Q49848,document
P2681,is recto of,Q838948,work of art
P2682,is verso of,Q47461344,written work
P2682,is verso of,Q49848,document
P2682,is verso of,Q838948,work of art
P2684,Kijkwijzer rating,Q23649978,Kijkwijzer rating category
P27,country of citizenship,Q1048835,political territorial entity
P27,country of citizenship,Q107390,federated state
P27,country of citizenship,Q1145276,fictional country
P27,country of citizenship,Q133156,colony
P27,country of citizenship,Q133442,city-state
P27,country of citizenship,Q148837,polis
P27,country of citizenship,Q15239622,disputed territory
P27,country of citizenship,Q161243,dependent territory
P27,country of citizenship,Q170156,confederation
P27,country of citizenship,Q231002,nationality
P27,country of citizenship,Q2775969,fictional planet
P27,country of citizenship,Q3024240,historical country
P27,country of citizenship,Q3624078,sovereign state
P27,country of citizenship,Q42138,citizenship
P27,country of citizenship,Q48349,empire
P27,country of citizenship,Q57662985,country in a fiction work
P27,country of citizenship,Q6256,country
P27,country of citizenship,Q6266,nation
P27,country of citizenship,Q96196009,former or current state
P2700,protocol,Q132364,communication protocol
P2701,file format,Q186157,filename extension
P2701,file format,Q235557,file format
P2701,file format,Q59155265,textual data format
P2702,dataset distribution,Q1172284,data set
P2715,elected in,Q40231,public election
P272,production company,Q11396960,production company
P272,production company,Q1298801,dubbing studio
P272,production company,Q43229,organization
P2743,this zoological name is coordinate with,Q16521,taxon
P275,copyright license,Q77205602,copyright license
P276,location,Q11033,mass media
P276,location,Q118547484,namespace on MediaWiki
P276,location,Q121141099,shelving location
P276,location,Q13196193,part
P276,location,Q13226383,facility
P276,location,Q1656682,event
P276,location,Q166118,archives
P276,location,Q17334923,physical location
P276,location,Q18670171,fictional vessel
P276,location,Q190463,Lagrangian point
P276,location,Q20203388,extremity
P276,location,Q204606,cyberspace
P276,location,Q2133296,space
P276,location,Q2221906,geographic location
P276,location,Q2385804,educational institution
P276,location,Q3238337,mythical location
P276,location,Q36133,soil
P276,location,Q3895768,fictional location
P276,location,Q41176,building
P276,location,Q4130,orbit
P276,location,Q43229,organization
P276,location,Q47495022,shell of an astronomical object
P276,location,Q4936952,anatomical structure
P276,location,Q618123,geographical feature
P276,location,Q6999,astronomical object
P276,location,Q7075,library
P276,location,Q82794,region
P276,location,Q853614,identifier
P276,location,Q9158768,storage
P276,location,Q988108,club
P277,programmed in,Q165194,application programming interface
P277,programmed in,Q188860,software library
P277,programmed in,Q9143,programming language
P2813,house publication,Q192283,news agency
P2813,house publication,Q27785883,conference proceedings series
P2813,house publication,Q340169,communications media
P2817,appears in the heritage monument list,Q13406463,Wikimedia list article
P282,writing system,Q1055909,orthographic transcription
P282,writing system,Q43091,orthography
P282,writing system,Q64362969,language in script
P282,writing system,Q8192,writing system
P282,writing system,Q9779,alphabet
P2825,via,Q2221906,geographic location
P2825,via,Q618123,geographical feature
P2827,flower color,Q1075,color
P2828,corporate officer,Q5,human
P2838,professional name,Q11415657,professional name
P2839,gait,Q2370000,animal gait
P2841,age of onset,Q185836,age of a person
P2841,age of onset,Q48834911,developmental stage
P2842,place of marriage,Q11446,ship
P2842,place of marriage,Q15642541,human-geographic territorial entity
P2842,place of marriage,Q1656682,event
P2842,place of marriage,Q3895768,fictional location
P2842,place of marriage,Q618123,geographical feature
P2842,place of marriage,Q745221,register office
P2842,place of marriage,Q988108,club
P2851,payment types accepted,Q190122,promissory note
P2851,payment types accepted,Q689044,voucher
P2851,payment types accepted,Q986008,payment system
P2852,emergency phone number,Q694554,emergency telephone number
P2853,electrical plug type,Q215292,AC power connector
P286,head coach,Q5,human
P286,head coach,Q95074,character
P287,designed by,Q12737077,occupation
P287,designed by,Q14623646,fictional organization
P287,designed by,Q16334295,group of humans
P287,designed by,Q31855,research institute
P287,designed by,Q327245,team
P287,designed by,Q43229,organization
P287,designed by,Q4830453,business
P287,designed by,Q5,human
P287,designed by,Q55155641,VTuber
P287,designed by,Q95074,character
P2872,visitor center,Q106788473,fictional destination marketing organisation
P2872,visitor center,Q3689421,destination marketing organization
P2875,property usage tracking category,Q4167836,Wikimedia category
P2876,type of unit for this property,Q47574,unit of measurement
P2876,type of unit for this property,Q8142,currency
P2876,type of unit for this property,Q853614,identifier
P2881,promoted,Q4438121,sports organization
P2881,promoted,Q5,human
P2882,relegated,Q4438121,sports organization
P2882,relegated,Q5,human
P289,vessel class,Q1428357,submarine class
P289,vessel class,Q18039177,fictional spacecraft class
P289,vessel class,Q19832479,vessel class
P289,vessel class,Q559026,ship class
P291,place of publication,Q15796005,location in a fictional work
P291,place of publication,Q220505,film festival
P291,place of publication,Q27096213,geographic entity
P291,place of publication,Q27787439,film festival edition
P2912,distinctive jersey,Q24257743,distinctive jersey used in professional cycling
P2922,month of the year,Q5151,month
P2935,connector,Q18819626,connector
P2936,language used,Q17376908,languoid
P2936,language used,Q8192,writing system
P2937,parliamentary term,Q15238777,legislative term
P2937,parliamentary term,Q1812889,legislative session
P2962,title of chess person,Q5093327,chess title
P2974,habitat,Q107425,landscape
P2974,habitat,Q16521,taxon
P2974,habitat,Q2221906,geographic location
P2974,habitat,Q2382443,Biota
P2974,habitat,Q25894868,type of environment
P2974,habitat,Q35758,matter
P2974,habitat,Q37813,ecosystem
P2974,habitat,Q52105,habitat
P2974,habitat,Q712378,organ
P2974,habitat,Q7239,organism
P2975,has host,Q15707583,fictional taxon
P2975,has host,Q16521,taxon
P2976,patronym or matronym for this name,Q1076664,matronymic
P2976,patronym or matronym for this name,Q110874,patronymic
P2976,patronym or matronym for this name,Q12717622,parentonymic
P2976,patronym or matronym for this name,Q130443873,masculine matronymic
P2976,patronym or matronym for this name,Q130443889,feminine matronymic
P2976,patronym or matronym for this name,Q130444148,masculine patronymic
P2976,patronym or matronym for this name,Q130444179,feminine patronymic
P2976,patronym or matronym for this name,Q130446947,unisex patronymic
P2978,wheel arrangement,Q672593,wheel arrangement
P2989,has grammatical case,Q128234,case
P2992,software quality assurance,Q836575,quality assurance
P30,continent,Q17199338,fictional continent
P30,continent,Q5107,continent
P30,continent,Q55833,supercontinent
P30,continent,Q855697,subcontinent
P3005,valid in place,Q112110,emblem
P3005,valid in place,Q13226383,facility
P3005,valid in place,Q3895768,fictional location
P3005,valid in place,Q4169,outer space
P3005,valid in place,Q42889,vehicle
P3005,valid in place,Q4430275,social space
P3005,valid in place,Q618123,geographical feature
P3005,valid in place,Q628858,workplace
P3005,valid in place,Q634,planet
P3005,valid in place,Q7275,state
P3014,laws applied,Q820655,statute
P3015,backup or reserve team or crew,Q16334295,group of humans
P3015,backup or reserve team or crew,Q5,human
P3018,located in protected area,Q473972,protected area
P3018,located in protected area,Q72082844,protected area section
P3018,located in protected area,Q9259,World Heritage Site
P3019,railway signalling system,Q1316667,railway signalling system
P3022,flag bearer,Q5,human
P3025,open days,Q1062856,anniversary
P3025,open days,Q1445650,holiday
P3025,open days,Q14795564,point in time with respect to recurrent timeframe
P3025,open days,Q41825,day of the week
P3025,open days,Q60982302,themed day
P3025,open days,Q99731370,range of days of the week
P3026,closed on,Q1197685,public holiday
P3026,closed on,Q1445650,holiday
P3026,closed on,Q14795564,point in time with respect to recurrent timeframe
P3026,closed on,Q41825,day of the week
P3026,closed on,Q99731370,range of days of the week
P3027,open period from,Q14795564,point in time with respect to recurrent timeframe
P3028,open period to,Q14795564,point in time with respect to recurrent timeframe
P3033,package management system,Q891055,package manager
P3037,spatial reference system,Q1502887,geodetic reference system
P3037,spatial reference system,Q161779,spatial reference system
P3037,spatial reference system,Q22664,geographic coordinate system
P3037,spatial reference system,Q31087202,height reference system
P306,operating system,Q9135,operating system
P3075,official religion,Q71966963,religion or world view
P3080,game artist,Q5,human
P3085,qualifies for event,Q16510064,sporting event
P3085,qualifies for event,Q2658935,beauty contest
P3085,qualifies for event,Q27020041,sports season
P3085,qualifies for event,Q841654,competition
P3092,film crew member,Q5,human
P3096,KML file,Q26267864,Wikimedia KML file
P3103,has tense,Q177691,tense
P3137,parent peak,Q111177881,main peak
P3137,parent peak,Q3618634,subpeak
P3137,parent peak,Q54050,hill
P3137,parent peak,Q8502,mountain
P3148,repeals,Q1269627,amendment
P3148,repeals,Q1348305,erratum
P3148,repeals,Q212971,Request for Comments
P3148,repeals,Q352858,addendum
P3148,repeals,Q740464,legal act
P3148,repeals,Q820655,statute
P3150,birthday,Q14795564,point in time with respect to recurrent timeframe
P3150,birthday,Q47018901,calendar month
P3156,Australian Classification,Q26708074,Australian Classification category
P3161,has grammatical mood,Q184932,grammatical mood
P3173,offers view on,Q1067164,transport service itinerary
P3173,offers view on,Q618123,geographical feature
P3173,offers view on,Q728937,railway line
P3174,art director,Q5,human
P3176,uses property,Q18616576,Wikidata property
P3179,territory overlaps,Q3241107,geographical boundary
P3179,territory overlaps,Q3895768,fictional location
P3179,territory overlaps,Q4006,map
P3179,territory overlaps,Q56061,administrative territorial entity
P3179,territory overlaps,Q82794,region
P3189,innervated by,Q9620,nerve
P3190,innervates,Q4936952,anatomical structure
P3195,league points system,Q111594374,league points system
P3216,ClassInd rating,Q26678730,ClassInd category
P3261,anatomical branch of,Q4936952,anatomical structure
P3262,has anatomical branch,Q4936952,anatomical structure
P3263,base,Q815741,geometric shape
P3264,radix,Q11563,number
P3300,musical conductor,Q5,human
P3301,broadcast by,Q102336293,live streaming service
P3301,broadcast by,Q14350,radio station
P3301,broadcast by,Q2001305,television channel
P3301,broadcast by,Q43229,organization
P3301,broadcast by,Q59152282,video streaming service
P3301,broadcast by,Q61715186,podcast hosting service
P3301,broadcast by,Q63241860,streaming service
P3306,ICAA rating,Q27253938,ICAA rating category
P3310,muscle action,Q25624925,muscle movement
P3320,board member,Q43229,organization
P3320,board member,Q5,human
P3323,opponent during disputation,Q5,human
P3335,associated hazard,Q1132455,hazard
P3335,associated hazard,Q1178984,vulnerability
P3335,associated hazard,Q1322005,natural phenomenon
P3335,associated hazard,Q191797,aggression
P3335,associated hazard,Q481609,damage
P3335,associated hazard,Q86923152,risk source
P3342,significant person,Q115537581,imaginary character
P3342,significant person,Q215627,person
P3349,designed to carry,Q10683158,substance
P3349,designed to carry,Q15706911,fictional object
P3349,designed to carry,Q223557,physical object
P3349,designed to carry,Q5,human
P3354,positive therapeutic predictor for,Q11173,chemical compound
P3355,negative therapeutic predictor for,Q11173,chemical compound
P3356,positive diagnostic predictor for,Q12136,disease
P3357,negative diagnostic predictor for,Q112193867,class of disease
P3357,negative diagnostic predictor for,Q12136,disease
P3358,positive prognostic predictor for,Q12136,disease
P3359,negative prognostic predictor for,Q15304597,sequence variant
P3373,sibling,Q115537581,imaginary character
P3373,sibling,Q117463454,miscarried child
P3373,sibling,Q144,dog
P3373,sibling,Q16979650,sibling group
P3373,sibling,Q178885,deity
P3373,sibling,Q21070598,figure that may or may not be fictional
P3373,sibling,Q215627,person
P3373,sibling,Q2345820,stillborn child
P3373,sibling,Q24577840,fictional group of characters
P3373,sibling,Q26401003,individual animal
P3373,sibling,Q26513,human fetus
P3373,sibling,Q26843,Orcinus orca
P3373,sibling,Q301676,crab-eating macaque
P3373,sibling,Q36341,Ursus arctos
P3373,sibling,Q4271324,mythical character
P3373,sibling,Q57812611,captive mammal
P3373,sibling,Q726,horse
P3373,sibling,Q795052,individual
P3373,sibling,Q839769,Ursus arctos arctos
P3373,sibling,Q876500,western lowland gorilla
P3373,sibling,Q95074,character
P3374,endianness,Q339338,endianness
P3438,vehicle normally used,Q20871196,fictional vehicle
P3438,vehicle normally used,Q29048322,vehicle model
P3438,vehicle normally used,Q42889,vehicle
P3438,vehicle normally used,Q43229,organization
P3438,vehicle normally used,Q811704,rolling stock class
P344,director of photography,Q10648343,duo
P344,director of photography,Q14073567,sibling duo
P344,director of photography,Q15632617,fictional human
P344,director of photography,Q16979650,sibling group
P344,director of photography,Q5,human
P3440,time signature,Q155234,time signature
P3448,stepparent,Q21070598,figure that may or may not be fictional
P3448,stepparent,Q5,human
P3448,stepparent,Q95074,character
P3450,sports season of league or competition,Q13406554,sports competition
P3450,sports season of league or competition,Q16510064,sporting event
P3460,colonel-in-chief,Q5,human
P3490,muscle origin,Q66394244,physical anatomical entity
P3491,muscle insertion,Q66394244,physical anatomical entity
P35,head of state,Q22950320,collective head of state
P35,head of state,Q5,human
P35,head of state,Q95074,character
P3501,Christian liturgical rite,Q13024547,Christian liturgical rite
P3512,means of locomotion,Q2633862,locomotion
P355,child organization or unit,Q10387680,organization unit
P355,child organization or unit,Q13226383,facility
P355,child organization or unit,Q14623646,fictional organization
P355,child organization or unit,Q170584,project
P355,child organization or unit,Q43229,organization
P358,discography,Q273057,discography
P3592,saros cycle of eclipse,Q220397,saros series
P36,capital,Q1048835,political territorial entity
P36,capital,Q123349660,geolocatable entity
P36,capital,Q486972,human settlement
P36,capital,Q5119,capital city
P36,capital,Q56061,administrative territorial entity
P36,capital,Q64034456,fictional administrative territorial entity
P3602,candidacy in election,Q40231,public election
P3610,fare zone,Q25377652,fare zone
P364,original language of film or TV show,Q17376908,languoid
P3643,significant environmental impact,Q112622562,environmental process
P3643,significant environmental impact,Q2144359,environmental issue
P3679,stock market index,Q223371,stock market index
P37,official language,Q17376908,languoid
P37,official language,Q23492,official language
P3709,category for value different from Wikidata,Q4167836,Wikimedia category
P371,presenter,Q15632617,fictional human
P371,presenter,Q1569167,video game character
P371,presenter,Q15711870,animated character
P371,presenter,Q15773317,television character
P371,presenter,Q5,human
P3713,category for value not in Wikidata,Q4167836,Wikimedia category
P3716,social classification,Q187588,social class
P3716,social classification,Q189970,social status
P3716,social classification,Q2628882,legal status
P3719,regulated by,Q43229,organization
P3739,inflorescence,Q156428,inflorescence
P3741,seed dispersal,Q943313,seed dispersal
P375,space launch vehicle,Q138864344,launcher
P375,space launch vehicle,Q579036,sounding rocket
P375,space launch vehicle,Q697175,launch vehicle
P375,space launch vehicle,Q741745,booster
P376,located on astronomical body,Q15831598,fictional astronomical object
P376,located on astronomical body,Q3132741,substellar object
P376,located on astronomical body,Q523,star
P3764,pole position,Q5,human
P3776,inhibitor of,Q14860489,molecular function
P3776,inhibitor of,Q8054,protein
P38,currency,Q3622170,fictional currency
P38,currency,Q8142,currency
P3803,original film format,Q759853,film format
P3803,original film format,Q86850,film gauge
P3815,volcano observatory,Q1778118,volcano observatory
P3816,film script,Q3691017,script
P3822,rules for classification,Q1789452,criterion
P3823,Ethnologue language status,Q29051545,Ethnologue language status
P3828,wears,Q100792256,identifying artifact
P3828,wears,Q1065579,fashion accessory
P3828,wears,Q10971443,stick
P3828,wears,Q11460,clothing
P3828,wears,Q131207,cosmetics
P3828,wears,Q15706911,fictional object
P3828,wears,Q1618899,fashion label
P3828,wears,Q161928,footwear
P3828,wears,Q181802,prosthesis
P3828,wears,Q18195680,shoe style
P3828,wears,Q2142903,jewelry
P3828,wears,Q28823,textile
P3828,wears,Q321703,premise
P3828,wears,Q3217573,strap
P3828,wears,Q362200,accessory
P3828,wears,Q62595215,fictional clothing
P3828,wears,Q890057,body modification
P3833,diaspora,Q133004,diaspora
P3842,located in the present-day administrative territorial entity,Q56061,administrative territorial entity
P3858,route diagram template,Q11266439,Wikimedia template
P3858,route diagram template,Q17146139,Wikimedia route diagram
P3876,category for alumni of educational institution,Q4167836,Wikimedia category
P39,position held,Q11452125,East Asian government position
P39,position held,Q114962596,historical position
P39,position held,Q124466786,historical ecclesiastical position
P39,position held,Q124467070,historical episcopal title
P39,position held,Q124515690,Anglican episcopal title
P39,position held,Q136649946,type of position
P39,position held,Q16631188,military position
P39,position held,Q20006438,fellowship award
P39,position held,Q21114371,episcopal title
P39,position held,Q21451536,"fictional office, position, or title"
P39,position held,Q28640,profession
P39,position held,Q3139516,ecclesiastical occupation
P39,position held,Q355567,noble title
P39,position held,Q3687335,Council of state
P39,position held,Q4164871,position
P39,position held,Q480319,title of authority
P39,position held,Q713223,artist-in-residence
P39,position held,Q81752537,professorship
P3912,newspaper format,Q187051,newspaper format
P3919,contributed to creative work,Q12772819,discovery
P3919,contributed to creative work,Q386724,work
P3931,copyright holder,Q154954,natural person
P3931,copyright holder,Q155076,juridical person
P3931,copyright holder,Q16334295,group of humans
P3931,copyright holder,Q43229,organization
P3931,copyright holder,Q5,human
P3966,programming paradigm,Q188267,programming paradigm
P3967,final event,Q1190554,occurrence
P397,parent astronomical body,Q15831598,fictional astronomical object
P397,parent astronomical body,Q17444909,astronomical object type
P397,parent astronomical body,Q6999,astronomical object
P3975,general secretary,Q5,human
P3975,general secretary,Q95074,character
P398,child astronomical body,Q105000,meteor shower
P398,child astronomical body,Q15831598,fictional astronomical object
P398,child astronomical body,Q17444909,astronomical object type
P398,child astronomical body,Q26529,space probe
P398,child astronomical body,Q26540,artificial satellite
P398,child astronomical body,Q5961257,hypothetical astronomical object
P398,child astronomical body,Q6999,astronomical object
P3985,supports programming language,Q629206,computer language
P3989,members have occupation,Q108300140,occupation group according to ISCO-08
P3989,members have occupation,Q12737077,occupation
P3989,members have occupation,Q17305127,fictional profession
P3989,members have occupation,Q28640,profession
P399,companion of,Q6999,astronomical object
P40,child,Q115537581,imaginary character
P40,child,Q13002315,legendary figure
P40,child,Q16979650,sibling group
P40,child,Q178885,deity
P40,child,Q207174,personification
P40,child,Q21070568,human whose existence is disputed
P40,child,Q21070598,figure that may or may not be fictional
P40,child,Q21191150,fictional sibling group
P40,child,Q2135501,animalisation
P40,child,Q24334299,mythical animal
P40,child,Q4271324,mythical character
P40,child,Q4886,cultivar
P40,child,Q5,human
P40,child,Q64520857,fictional human formerly considered to be historical
P40,child,Q729,Animalia
P40,child,Q75855169,hypothetical person
P40,child,Q795052,individual
P40,child,Q95074,character
P400,platform,Q102676349,computer firmware
P400,platform,Q13522376,Classic Mac OS
P400,platform,Q1406,Microsoft Windows
P400,platform,Q14116,macOS
P400,platform,Q170434,DOS
P400,platform,Q173212,computer architecture
P400,platform,Q205020,desktop environment
P400,platform,Q241317,computing platform
P400,platform,Q26884850,smart speaker
P400,platform,Q2916479,shopping cart software
P400,platform,Q388,Linux
P400,platform,Q4202064,publishing platform
P400,platform,Q48493,iOS
P400,platform,Q600659,disk operating system
P400,platform,Q60644919,fictional video game console
P400,platform,Q6368,web browser
P400,platform,Q8076,video game console
P400,platform,Q9135,operating system
P4000,has fruit type,Q28149961,type of fruit
P4002,WFD Ecological status,Q23681639,ecological status
P4006,overrules,Q2334719,legal case
P4006,overrules,Q327000,court decision
P403,mouth of the watercourse,Q15324,body of water
P403,mouth of the watercourse,Q156849,sewer network
P403,mouth of the watercourse,Q16500104,fictional body of water
P403,mouth of the watercourse,Q187971,wadi
P403,mouth of the watercourse,Q337567,still waters
P403,mouth of the watercourse,Q39816,valley
P403,mouth of the watercourse,Q723748,confluence
P4032,reviewed by,Q5,human
P405,taxon author,Q5,human
P406,soundtrack release,Q134556,single
P406,soundtrack release,Q169930,extended play
P406,soundtrack release,Q482994,album
P407,language of work or name,Q17376908,languoid
P407,language of work or name,Q2092812,language identifier
P408,software engine,Q193564,game engine
P408,software engine,Q271680,software framework
P408,software engine,Q63533016,game engine version
P408,software engine,Q7397,software
P4082,captured with,Q100349043,space instrument
P4082,captured with,Q109672300,lens model
P4082,captured with,Q15328,camera
P4082,captured with,Q155972,tablet computer
P4082,captured with,Q1751850,optical instrument
P4082,captured with,Q193395,recording medium
P4082,captured with,Q19723444,cell phone model
P4082,captured with,Q20888659,camera model
P4082,captured with,Q22645,smartphone
P4082,captured with,Q758891,sound recording device
P4082,captured with,Q811701,model series
P4082,captured with,Q83178864,microphone model
P4099,metrically compatible typeface,Q17451,typeface
P410,"military, police or special rank",Q137487330,special or class rank
P410,"military, police or special rank",Q18325582,fictional military rank
P410,"military, police or special rank",Q19476593,police rank
P410,"military, police or special rank",Q56019,military rank
P4100,parliamentary group,Q11744698,parliamentary grouping
P4100,parliamentary group,Q1393724,political faction
P4100,parliamentary group,Q2738074,political movement
P4100,parliamentary group,Q327591,independent politician
P4100,parliamentary group,Q7278,political party
P4100,parliamentary group,Q848197,parliamentary group
P4101,thesis submitted to,Q31855,research institute
P4101,thesis submitted to,Q5341295,educational organization
P411,canonization status,Q15978876,canonization status
P412,voice type,Q1063547,voice type
P413,position played on team / speciality,Q1781513,position
P413,position played on team / speciality,Q2312410,sports discipline
P414,stock exchange,Q11691,stock exchange
P414,stock exchange,Q25401607,cryptocurrency exchange
P414,stock exchange,Q475000,stock market
P4147,conjugate acid,Q11173,chemical compound
P4147,conjugate acid,Q15711994,group of isomeric entities
P4147,conjugate acid,Q2512777,simple substance
P4147,conjugate acid,Q36496,ion
P4147,conjugate acid,Q47154513,structural class of chemical entities
P4147,conjugate acid,Q55640599,group of chemical entities
P4149,conjugate base,Q11173,chemical compound
P4149,conjugate base,Q15711994,group of isomeric entities
P4149,conjugate base,Q2512777,simple substance
P4149,conjugate base,Q36496,ion
P4149,conjugate base,Q47154513,structural class of chemical entities
P4149,conjugate base,Q55640599,group of chemical entities
P415,radio format,Q589183,radio format
P4151,game mechanics,Q1751513,game mechanic
P417,patron saint,Q10648343,duo
P417,patron saint,Q10822464,angels in Christianity
P417,patron saint,Q1087471,relic associated with Jesus
P417,patron saint,Q14073567,sibling duo
P417,patron saint,Q1509831,"titles of Mary, mother of Jesus"
P417,patron saint,Q16334295,group of humans
P417,patron saint,Q20643955,human biblical figure
P417,patron saint,Q21070568,human whose existence is disputed
P417,patron saint,Q2634521,title of Jesus
P417,patron saint,Q375011,religious holiday
P417,patron saint,Q5,human
P417,patron saint,Q95074,character
P418,"has seal, badge, or sigil",Q162919,seal
P4195,category for employees of the organization,Q4167836,Wikimedia category
P4202,WFD Chemical status,Q23034859,chemical status
P421,located in time zone,Q12143,time zone
P4220,order of battle,Q11167066,order of battle
P423,shooting handedness,Q10927834,laterality
P4240,regular expression syntax,Q185612,regular expression
P4241,refine date,Q1260524,time of day
P4241,refine date,Q1969448,term
P4241,refine date,Q26907166,temporal entity
P425,field of this occupation,Q1047113,field of study
P425,field of this occupation,Q115580828,fictional analog of an occupation
P425,field of this occupation,Q117021501,music by instrument
P425,field of this occupation,Q11862829,academic discipline
P425,field of this occupation,Q126090312,fictional academic discipline
P425,field of this occupation,Q12737077,occupation
P425,field of this occupation,Q17524420,aspect of history
P425,field of this occupation,Q1756157,area of law
P425,field of this occupation,Q1914636,activity
P425,field of this occupation,Q2312410,sports discipline
P425,field of this occupation,Q315,language
P425,field of this occupation,Q32859534,fictional activity
P425,field of this occupation,Q483394,genre
P425,field of this occupation,Q60733114,music tradition
P425,field of this occupation,Q627436,field of work
P425,field of this occupation,Q71966963,religion or world view
P425,field of this occupation,Q7406919,service
P425,field of this occupation,Q9081,knowledge
P425,field of this occupation,Q9174,religion
P425,field of this occupation,Q930752,medical specialty
P427,taxonomic type,Q16521,taxon
P427,taxonomic type,Q3707858,type
P4290,official app,Q21743174,mobile software
P4290,official app,Q620615,mobile app
P4322,best sprinter classification,Q5,human
P4329,category populated by,Q11266439,Wikimedia template
P4329,category populated by,Q15184295,Wikimedia module
P4329,category populated by,Q6805426,MediaWiki extension
P4345,director of archaeological fieldwork,Q5,human
P4353,nominated by,Q4164871,position
P4353,nominated by,Q43229,organization
P4353,nominated by,Q5,human
P437,distribution format,Q1020767,product bundle
P437,distribution format,Q1048236,machine-readable medium
P437,distribution format,Q105858921,external memory expansion
P437,distribution format,Q108037652,audio release format
P437,distribution format,Q11396303,printed book
P437,distribution format,Q1209283,electronic media
P437,distribution format,Q1261026,printed matter
P437,distribution format,Q1351368,archive file format
P437,distribution format,Q15078788,broadcasting
P437,distribution format,Q15416,television program
P437,distribution format,Q1714118,online publication
P437,distribution format,Q17994250,pocket edition
P437,distribution format,Q18602566,book format
P437,distribution format,Q190399,pamphlet
P437,distribution format,Q1995395,Digipak
P437,distribution format,Q220499,streaming media
P437,distribution format,Q22661286,Flatpak
P437,distribution format,Q24633474,audio podcast
P437,distribution format,Q269415,digital distribution
P437,distribution format,Q26971562,comic format
P437,distribution format,Q340169,communications media
P437,distribution format,Q354004,audio storage device
P437,distribution format,Q37787110,file system object
P437,distribution format,Q394970,box set
P437,distribution format,Q408978,airplay
P437,distribution format,Q41349,smart card
P437,distribution format,Q5227330,data pack
P437,distribution format,Q54820071,digital download
P437,distribution format,Q55648452,non-fungible token
P437,distribution format,Q58901077,publication format
P437,distribution format,Q63367831,optical disc packaging
P437,distribution format,Q682626,audio file format
P437,distribution format,Q7189615,physical media
P437,distribution format,Q723685,video on demand
P437,distribution format,Q759853,film format
P437,distribution format,Q81941037,product distribution method
P437,distribution format,Q81986407,e-book file format
P437,distribution format,Q82036085,physical media format
P437,distribution format,Q82046811,print book format
P437,distribution format,Q830450,microform
P437,distribution format,Q86850,film gauge
P4379,youth wing,Q1572070,youth organization
P4425,mtDNA haplogroup,Q42262065,mitochondrial DNA haplogroup
P4426,Y-DNA Haplogroup,Q42262353,Y-DNA haplogroup
P4426,Y-DNA Haplogroup,Q428875,human Y-chromosome DNA haplogroup
P4428,implementation of,Q11266439,Wikimedia template
P4428,implementation of,Q11348,function
P4428,implementation of,Q1151067,rule
P4428,implementation of,Q165194,application programming interface
P4428,implementation of,Q181156,software design pattern
P4428,implementation of,Q2101564,specification
P4428,implementation of,Q317623,technical standard
P4428,implementation of,Q40056,computer program
P4428,implementation of,Q691358,domain-specific language
P4428,implementation of,Q8366,algorithm
P4428,implementation of,Q9143,programming language
P4437,FPB rating,Q42012485,FPB rating category
P449,original broadcaster,Q1254874,television network
P449,original broadcaster,Q141683,broadcast network
P449,original broadcaster,Q14350,radio station
P449,original broadcaster,Q15265344,broadcaster
P449,original broadcaster,Q1616075,television station
P449,original broadcaster,Q2001305,television channel
P449,original broadcaster,Q59152282,video streaming service
P449,original broadcaster,Q60153785,fictional radio station
P449,original broadcaster,Q66547481,fictional television network
P449,original broadcaster,Q721830,subscription television
P449,original broadcaster,Q841645,Internet television
P450,astronaut mission,Q14637321,fictional spacecraft
P450,astronaut mission,Q5916,spaceflight
P450,astronaut mission,Q7217761,crewed spacecraft
P451,unmarried partner,Q13002315,legendary figure
P451,unmarried partner,Q178885,deity
P451,unmarried partner,Q21070568,human whose existence is disputed
P451,unmarried partner,Q2239243,mythical creature
P451,unmarried partner,Q25810847,folklore character
P451,unmarried partner,Q4271324,mythical character
P451,unmarried partner,Q5,human
P451,unmarried partner,Q729,Animalia
P451,unmarried partner,Q95074,character
P452,industry,Q121359,infrastructure
P452,industry,Q134373683,item of the industry classification
P452,industry,Q173799,entertainment
P452,industry,Q26643,commerce
P452,industry,Q268592,industry
P452,industry,Q2976602,industry classification scheme
P452,industry,Q3958441,economic sector
P452,industry,Q8148,industrial sector
P452,industry,Q8187769,economic activity
P453,character role,Q14514600,group of fictional characters
P453,character role,Q1707847,role
P453,character role,Q18086706,self
P453,character role,Q21070598,figure that may or may not be fictional
P453,character role,Q215627,person
P453,character role,Q24577840,fictional group of characters
P453,character role,Q6949149,mythic humanoid
P453,character role,Q95074,character
P4552,mountain range,Q1061151,massif
P4552,mountain range,Q10862618,mountain saddle
P4552,mountain range,Q110634572,filled lake
P4552,mountain range,Q1174791,escarpment
P4552,mountain range,Q12099220,mountain river
P4552,mountain range,Q131521567,ridge section
P4552,mountain range,Q133056,mountain pass
P4552,mountain range,Q1334383,arête
P4552,mountain range,Q1400565,spur
P4552,mountain range,Q1437459,non-geologically related mountain range
P4552,mountain range,Q14524467,mountain pass saddle point
P4552,mountain range,Q15787792,mountain shoulder
P4552,mountain range,Q179049,nature reserve
P4552,mountain range,Q182676,mountain hut
P4552,mountain range,Q184368,cirque
P4552,mountain range,Q1851937,tarn
P4552,mountain range,Q19850234,hill group
P4552,mountain range,Q207326,summit
P4552,mountain range,Q2082774,mountain pasture
P4552,mountain range,Q2570370,mountain stream
P4552,mountain range,Q2624046,mountain chain
P4552,mountain range,Q2649726,alpine cabin
P4552,mountain range,Q3064051,mountainside
P4552,mountain range,Q361665,summit cross
P4552,mountain range,Q39816,valley
P4552,mountain range,Q46831,mountain range
P4552,mountain range,Q486972,human settlement
P4552,mountain range,Q54050,hill
P4552,mountain range,Q56406134,group of mountains
P4552,mountain range,Q594419,high valley
P4552,mountain range,Q740445,ridge
P4552,mountain range,Q8502,mountain
P457,foundational text,Q10383930,academic work
P457,foundational text,Q1058236,administrative act
P457,foundational text,Q131569,treaty
P457,foundational text,Q1864008,legal act
P457,foundational text,Q23001715,conventional amendment
P457,foundational text,Q2571972,decree
P457,foundational text,Q49848,document
P457,foundational text,Q727002,charter
P457,foundational text,Q820655,statute
P457,foundational text,Q93288,contract
P4584,first appearance,Q17489659,group of works
P4584,first appearance,Q386724,work
P4586,type foundry,Q377688,type foundry
P459,determination method or standard,Q110832782,software resource
P459,determination method or standard,Q11348,function
P459,determination method or standard,Q1151067,rule
P459,determination method or standard,Q1207505,quality
P459,determination method or standard,Q12483,statistics
P459,determination method or standard,Q1789452,criterion
P459,determination method or standard,Q1949963,statistic
P459,determination method or standard,Q201413,heuristic
P459,determination method or standard,Q20745594,bibliographic metadata
P459,determination method or standard,Q23173209,Gene Ontology Evidence code
P459,determination method or standard,Q2695280,technique
P459,determination method or standard,Q317623,technical standard
P459,determination method or standard,Q3249551,process
P459,determination method or standard,Q3884033,mathematical operation
P459,determination method or standard,Q42848,data
P459,determination method or standard,Q515,city
P459,determination method or standard,Q58778,system
P459,determination method or standard,Q712597,article
P459,determination method or standard,Q7748,law
P459,determination method or standard,Q7958,explanation
P459,determination method or standard,Q847843,college and university ranking
P459,determination method or standard,Q853614,identifier
P459,determination method or standard,Q88321276,determination method
P4599,monomer of,Q119896085,type of polymer
P4600,polymer of,Q113145171,type of chemical entity
P4608,scenographer,Q5,human
P4614,drainage basin,Q166620,drainage basin
P462,color,Q1075,color
P462,color,Q114177705,colour combination
P462,color,Q22006653,color
P462,color,Q487623,transparency
P4622,trophy awarded,Q386724,work
P4622,trophy awarded,Q488383,object
P463,member of,Q13473501,collective
P463,member of,Q14514600,group of fictional characters
P463,member of,Q14623646,fictional organization
P463,member of,Q16334295,group of humans
P463,member of,Q16887380,group
P463,member of,Q16970,church building
P463,member of,Q1729207,Christian ministry
P463,member of,Q1900326,network
P463,member of,Q2638480,church congregation
P463,member of,Q264965,subculture
P463,member of,Q34627,synagogue
P463,member of,Q431603,advocacy group
P463,member of,Q43229,organization
P463,member of,Q48204,voluntary association
P463,member of,Q49459835,fraternal hall
P463,member of,Q49773,social movement
P463,member of,Q55657615,commission
P463,member of,Q56561357,fictional criminal organization
P463,member of,Q627272,employers' organization
P4634,premiere type,Q204854,première
P4646,representation of,Q116476516,dramatic work
P4646,representation of,Q25379,play
P4646,representation of,Q43099500,performing arts production
P4647,location of first performance,Q132241,festival
P4647,location of first performance,Q1955280,music competition
P4647,location of first performance,Q27968055,recurring event edition
P4647,location of first performance,Q43229,organization
P4647,location of first performance,Q464980,exhibition
P4647,location of first performance,Q618123,geographical feature
P466,occupant,Q10387680,organization unit
P466,occupant,Q13226383,facility
P466,occupant,Q14514600,group of fictional characters
P466,occupant,Q14623646,fictional organization
P466,occupant,Q15707583,fictional taxon
P466,occupant,Q15893266,former entity
P466,occupant,Q16334295,group of humans
P466,occupant,Q1664720,institute
P466,occupant,Q18674739,event venue
P466,occupant,Q21871294,group or class of living things
P466,occupant,Q2668072,collection
P466,occupant,Q39659371,retail environment
P466,occupant,Q4164871,position
P466,occupant,Q43229,organization
P466,occupant,Q5,human
P466,occupant,Q55097243,defunct organization
P466,occupant,Q63982911,type of museum
P466,occupant,Q70363582,academies and institutes
P466,occupant,Q841654,competition
P466,occupant,Q95074,character
P4661,reservoir created,Q131681,reservoir
P4661,reservoir created,Q3215290,artificial lake
P467,legislated by,Q10553309,legislative house
P467,legislated by,Q110430875,type of legislation
P467,legislated by,Q11204,legislature
P467,legislated by,Q15238777,legislative term
P467,legislated by,Q178885,deity
P467,legislated by,Q1812889,legislative session
P467,legislated by,Q267995,constitutional convention
P467,legislated by,Q327333,government agency
P467,legislated by,Q4358176,council
P467,legislated by,Q5,human
P467,legislated by,Q640506,cabinet
P468,dan/kyu rank,Q373498,dan
P4688,geomorphological unit,Q12766313,geomorphological unit
P469,lake on watercourse,Q15324,body of water
P469,lake on watercourse,Q15709969,fictional lake
P469,lake on watercourse,Q16338046,fictional river
P47,shares border with,Q15642541,human-geographic territorial entity
P47,shares border with,Q3238337,mythical location
P47,shares border with,Q3895768,fictional location
P47,shares border with,Q4006,map
P47,shares border with,Q618123,geographical feature
P47,shares border with,Q8928,constellation
P4733,produced sound,Q11461,sound
P4743,animal breed,Q1404066,cat coat genetics
P4743,animal breed,Q38672,dog type
P4743,animal breed,Q38829,breed
P4743,animal breed,Q4390467,crossbreed
P4745,is proceedings from,Q1656682,event
P4770,hydrated form of,Q113145171,type of chemical entity
P4788,storage device,Q193395,recording medium
P479,input device,Q864114,input device
P4791,commanded by,Q15632617,fictional human
P4791,commanded by,Q4164871,position
P4791,commanded by,Q5,human
P4792,dam,Q105190,levee
P4792,dam,Q12323,dam
P4805,make-up artist,Q5,human
P4809,sets environment variable,Q400857,environment variable
P4810,reads environment variable,Q400857,environment variable
P483,recorded at studio or venue,Q1032372,hackspace
P483,recorded at studio or venue,Q1049757,multi-purpose sports venue
P483,recorded at studio or venue,Q132241,festival
P483,recorded at studio or venue,Q14350,radio station
P483,recorded at studio or venue,Q1555508,radio program
P483,recorded at studio or venue,Q16560,palace
P483,recorded at studio or venue,Q16970,church building
P483,recorded at studio or venue,Q17350442,venue
P483,recorded at studio or venue,Q182832,concert
P483,recorded at studio or venue,Q18674739,event venue
P483,recorded at studio or venue,Q194195,amusement park
P483,recorded at studio or venue,Q200538,party
P483,recorded at studio or venue,Q22698,park
P483,recorded at studio or venue,Q22746,urban park
P483,recorded at studio or venue,Q24354,theatre building
P483,recorded at studio or venue,Q253275,lecture hall
P483,recorded at studio or venue,Q288514,fair
P483,recorded at studio or venue,Q30022,café
P483,recorded at studio or venue,Q33506,museum
P483,recorded at studio or venue,Q3469910,performing arts center
P483,recorded at studio or venue,Q3914,school
P483,recorded at studio or venue,Q3918,university
P483,recorded at studio or venue,Q3947,house
P483,recorded at studio or venue,Q40357,prison
P483,recorded at studio or venue,Q41176,building
P483,recorded at studio or venue,Q41582469,music festival edition
P483,recorded at studio or venue,Q483110,stadium
P483,recorded at studio or venue,Q483242,laboratory
P483,recorded at studio or venue,Q511355,television studio
P483,recorded at studio or venue,Q641226,arena
P483,recorded at studio or venue,Q6497985,sound stage
P483,recorded at studio or venue,Q699405,dwelling
P483,recorded at studio or venue,Q7075,library
P483,recorded at studio or venue,Q746369,recording studio
P483,recorded at studio or venue,Q868557,music festival
P483,recorded at studio or venue,Q8719053,music venue
P4843,development of anatomical structure,Q2843407,developmental process
P485,archives at,Q178706,institution
P485,archives at,Q43229,organization
P485,archives at,Q5,human
P4873,isoschizomer,Q219715,restriction enzyme
P4875,neoschizomer,Q219715,restriction enzyme
P488,chairperson,Q108437605,position not filled
P488,chairperson,Q43229,organization
P488,chairperson,Q5,human
P488,chairperson,Q75855169,hypothetical person
P488,chairperson,Q95074,character
P4884,court,Q1412224,tribunal
P4884,court,Q41487,court
P489,currency sign,Q11639620,monetary subunit
P489,currency sign,Q308229,currency sign
P4908,season,Q3464665,television series season
P4908,season,Q61704031,web series season
P4908,season,Q69154911,podcast series season
P4908,season,Q93992677,part of television season
P4913,dialect of,Q34770,language
P4915,isocaudomer,Q219715,restriction enzyme
P4934,calculated from,Q1413083,parameter
P4934,calculated from,Q192276,measure
P4934,calculated from,Q1924249,measurand
P4934,calculated from,Q205892,calendar date
P4934,calculated from,Q246672,mathematical object
P4934,calculated from,Q309314,quantity
P4934,calculated from,Q367204,address space
P4934,calculated from,Q42014143,biomedical measurand type
P4934,calculated from,Q4418000,network address
P4934,calculated from,Q44476427,medical attribute
P4934,calculated from,Q71550118,individual quantity
P495,country of origin,Q1072012,internationality
P495,country of origin,Q1145276,fictional country
P495,country of origin,Q15239622,disputed territory
P495,country of origin,Q161243,dependent territory
P495,country of origin,Q17334923,physical location
P495,country of origin,Q19953632,former administrative territorial entity
P495,country of origin,Q3024240,historical country
P495,country of origin,Q3502482,cultural region
P495,country of origin,Q4120211,regional organization
P495,country of origin,Q5107,continent
P495,country of origin,Q6256,country
P495,country of origin,Q7275,state
P495,country of origin,Q7840353,federally recognized Native American tribe in the United States
P495,country of origin,Q82794,region
P4958,classification of the best at metas volantes,Q5,human
P4968,relevant qualification,Q16023913,professional certification
P4968,relevant qualification,Q189533,academic degree
P4988,test method,Q1003030,test
P4988,test method,Q46857,scientific method
P50,author,Q107307291,artificially intelligent entity
P50,author,Q11660,artificial intelligence
P50,author,Q16334295,group of humans
P50,author,Q215627,person
P50,author,Q24229398,being
P50,author,Q43229,organization
P50,author,Q5,human
P50,author,Q60557912,corporate author
P50,author,Q61002,pseudonym
P50,author,Q75855169,hypothetical person
P50,author,Q78056559,corporate authorship
P50,author,Q95074,character
P500,exclave of,Q15642541,human-geographic territorial entity
P5004,in opposition to,Q11042,culture
P5004,in opposition to,Q1151067,rule
P5004,in opposition to,Q1190554,occurrence
P5004,in opposition to,Q121359,infrastructure
P5004,in opposition to,Q130286945,type of problem
P5004,in opposition to,Q1639378,social system
P5004,in opposition to,Q1887898,activist group
P5004,in opposition to,Q1914636,activity
P5004,in opposition to,Q198,war
P5004,in opposition to,Q5,human
P5004,in opposition to,Q6881511,enterprise
P5004,in opposition to,Q7257,ideology
P5004,in opposition to,Q7278,political party
P5004,in opposition to,Q900406,reform
P5008,on focus list of Wikimedia project,Q16695773,WikiProject
P5009,complies with,Q1003030,test
P5009,complies with,Q101072,definition
P5009,complies with,Q1151067,rule
P5009,complies with,Q2101564,specification
P5009,complies with,Q212971,Request for Comments
P5009,complies with,Q317623,technical standard
P5009,complies with,Q65938634,quality control method
P5009,complies with,Q7748,law
P501,enclave within,Q56061,administrative territorial entity
P501,enclave within,Q7275,state
P5012,special rank or class rate,Q4223088,State civilian and municipal service ranks in Russian Federation
P5012,special rank or class rate,Q4431086,"military ranks, special ranks and class rates in Russia"
P5021,assessment,Q1379672,evaluation
P5021,assessment,Q27318,test
P5021,assessment,Q45107320,teacher recruitment competition
P5023,activity policy in this place,Q51728742,activity policy
P5024,choral conductor,Q5,human
P5025,gens,Q899409,gens
P5026,lighting designer,Q5,human
P5028,sound designer,Q5,human
P5030,talk show guest,Q16334295,group of humans
P5030,talk show guest,Q5,human
P504,shipping port,Q2221906,geographic location
P504,shipping port,Q27096213,geographic entity
P5040,GHS hazard pictogram,Q19360817,GHS hazard pictogram
P5041,GHS hazard statement,Q28360,GHS hazard statement
P5041,GHS hazard statement,Q52945051,supplemental GHS hazard statement (European Union)
P5042,GHS precautionary statement,Q2467204,GHS precautionary statement
P505,general manager,Q215627,person
P5051,towards,Q124817561,operation point
P5051,towards,Q548662,public transport stop
P5052,supervisory board member,Q5,human
P5053,fastest lap,Q5,human
P5054,member of cabinet,Q640506,cabinet
P5056,patronym or matronym,Q1076664,matronymic
P5056,patronym or matronym,Q110874,patronymic
P5056,patronym or matronym,Q12717622,parentonymic
P5056,patronym or matronym,Q130443873,masculine matronymic
P5056,patronym or matronym,Q130443889,feminine matronymic
P5056,patronym or matronym,Q130444148,masculine patronymic
P5056,patronym or matronym,Q130444179,feminine patronymic
P5056,patronym or matronym,Q130446947,unisex patronymic
P5059,modified version of,Q386724,work
P5070,French standard size for oil paintings,Q5502646,French standard size for oil paintings
P5072,presented in,Q1656682,event
P509,cause of death,Q124490,violence
P509,cause of death,Q15169167,execution method
P509,cause of death,Q1520311,violent crime
P509,cause of death,Q171558,accident
P509,cause of death,Q1931388,cause of death
P509,cause of death,Q2057971,health problem
P509,cause of death,Q2485083,suicide method
P509,cause of death,Q33753,metamorphosis
P509,cause of death,Q61915880,obsolete medical term
P509,cause of death,Q650711,combat
P5095,fault,Q112627894,fault zone
P5095,fault,Q215680,tectonic plate
P5095,fault,Q47089,fault
P5095,fault,Q48999000,tectonic block
P5095,fault,Q875399,boundary
P5096,member of the crew of,Q206021,flight
P5096,member of the crew of,Q42889,vehicle
P5109,has grammatical gender,Q162378,grammatical gender
P511,honorific prefix,Q1326966,honorific
P511,honorific prefix,Q3320743,title of honor
P511,honorific prefix,Q5767753,style
P5110,has grammatical person,Q690940,person
P512,academic degree,Q189533,academic degree
P512,academic degree,Q2250795,school graduation
P5125,Wikimedia outline,Q26884324,Wikimedia outline article
P5131,possible medical findings,Q639907,medical finding
P5132,suggests the existence of,Q7189713,physiological condition
P5133,has evaluation,Q3944822,chemical test
P5133,has evaluation,Q639907,medical finding
P5134,evaluation of,Q14860489,molecular function
P5134,evaluation of,Q2996394,biological process
P5134,evaluation of,Q44476427,medical attribute
P5134,evaluation of,Q835153,physical examination
P5138,season of club or team,Q115898316,department of a sports club
P5138,season of club or team,Q1194951,national sports team
P5138,season of club or team,Q12973014,sports team
P5138,season of club or team,Q847017,sports club
P515,phase of matter,Q11430,state of matter
P5150,IGAC rating,Q52690603,IGAC rating category
P5152,KAVI rating,Q52412816,KAVI rating category
P516,powered by,Q114567014,electric motor model
P516,powered by,Q15057021,engine model
P516,powered by,Q155640,potential energy
P516,powered by,Q1753139,electric power source
P516,powered by,Q2583685,propulsion
P516,powered by,Q29388778,propulsor
P516,powered by,Q335225,rocket engine
P516,powered by,Q41291,rocket
P516,powered by,Q44167,engine
P516,powered by,Q80877,nuclear reactor
P517,interaction,Q104934,fundamental interaction
P5185,grammatical gender,Q162378,grammatical gender
P5186,conjugation class,Q53996674,conjugation class
P5196,output device,Q778637,output device
P520,armament,Q15720870,fictional weapon
P520,armament,Q39546,physical tool
P520,armament,Q728,weapon
P5202,adapted by,Q16334295,group of humans
P5202,adapted by,Q5,human
P5203,topographic map,Q21623879,Wikimedia Commons atlas page
P5203,topographic map,Q216526,topographic map
P5206,has conjugation class,Q53996674,conjugation class
P521,scheduled service destination,Q12819564,station
P521,scheduled service destination,Q44782,port
P521,scheduled service destination,Q62447,aerodrome
P522,type of orbit,Q4130,orbit
P523,temporal range start,Q4005761,geochronological unit
P5236,prime factor,Q49008,prime number
P524,temporal range end,Q4005761,geochronological unit
P5248,medical evacuation to,Q30139652,health care structure
P5249,sports competition competed at,Q13406554,sports competition
P5277,grade of kanji,Q53786149,grade of kanji
P5278,surname for other gender,Q101352,family name
P5278,surname for other gender,Q1076664,matronymic
P5278,surname for other gender,Q110874,patronymic
P5280,radical,Q136440129,Tangut component
P5280,radical,Q138298806,Jurchen radical
P5280,radical,Q138829185,Seal ideograph
P5280,radical,Q849778,Chinese character radical
P53,family,Q15331236,fictional family
P53,family,Q2240474,Norse clan
P53,family,Q499247,Scottish clan
P53,family,Q8436,family
P530,diplomatic relation,Q1063239,polity
P530,diplomatic relation,Q1335818,supranational union
P530,diplomatic relation,Q3024240,historical country
P530,diplomatic relation,Q6256,country
P530,diplomatic relation,Q7275,state
P5304,type locality (biology),Q2221906,geographic location
P5304,type locality (biology),Q3694119,stratigraphic unit
P5307,display technology,Q54006339,display technology
P531,diplomatic mission sent,Q11997597,representative
P531,diplomatic mission sent,Q213283,diplomatic mission
P531,diplomatic mission sent,Q4164871,position
P5317,jockey,Q5,human
P532,port of registry,Q44782,port
P532,port of registry,Q486972,human settlement
P5323,attested in,Q386724,work
P5323,attested in,Q49848,document
P534,streak color,Q1075,color
P5353,school district,Q149621,district
P5353,school district,Q3914,school
P5353,school district,Q398141,school district
P537,twinning,Q109856,crystal twinning
P538,mineral fracture,Q488001,fracture
P5389,permanent resident of,Q56061,administrative territorial entity
P5389,permanent resident of,Q7275,state
P54,member of sports team,Q1066670,tag team
P54,member of sports team,Q115898316,department of a sports club
P54,member of sports team,Q12973014,sports team
P54,member of sports team,Q25178247,professional wrestling stable
P54,member of sports team,Q56850094,fictional sports team
P54,member of sports team,Q847017,sports club
P54,member of sports team,Q98767736,fictional sports club
P54,member of sports team,Q989470,clan
P5401,auxiliary verb,Q465800,auxiliary verb
P541,office contested,Q4164871,position
P542,officially opened by,Q5,human
P5425,Han character in this lexeme,Q15100640,Nôm character
P5425,Han character in this lexeme,Q17300291,sinogram
P5425,Han character in this lexeme,Q53764782,kanji character
P543,oath made by,Q5,human
P5444,model year,Q1850364,model year
P5444,model year,Q3186692,calendar year
P545,torch lit by,Q5,human
P5460,grants,Q189533,academic degree
P5460,grants,Q618779,award
P5460,grants,Q79719,license
P5475,CJKV variant character,Q17300291,sinogram
P5475,CJKV variant character,Q849778,Chinese character radical
P548,version type,Q107524042,amendment and abolition of laws and regulations
P548,version type,Q110430875,type of legislation
P548,version type,Q28530564,software version type
P550,chivalric order,Q2003221,order of chivalry
P551,residence,Q1497375,architectural ensemble
P551,residence,Q19860854,destroyed building or structure
P551,residence,Q2221906,geographic location
P551,residence,Q27686,hotel
P551,residence,Q3238337,mythical location
P551,residence,Q3895768,fictional location
P551,residence,Q3947,house
P551,residence,Q41176,building
P551,residence,Q699405,dwelling
P551,residence,Q82794,region
P551,residence,Q837142,nursing home
P552,handedness,Q10927834,laterality
P5522,Unicode block,Q3512806,Unicode block
P5523,fanqie,Q17300291,sinogram
P553,website account on,Q1639780,regulatory agency
P553,website account on,Q19967801,online service
P553,website account on,Q210980,virtual community
P553,website account on,Q2145117,repository
P553,website account on,Q287198,online chat
P553,website account on,Q2989352,free software community
P553,website account on,Q3133368,source code repository
P553,website account on,Q3390477,online marketplace
P553,website account on,Q340169,communications media
P553,website account on,Q42336871,crowdfunding platform
P553,website account on,Q620615,mobile app
P553,website account on,Q81989119,video game distribution platform
P5537,Hangul pronunciation,Q55809450,Hangul syllable
P556,crystal system,Q898786,crystal system
P5560,passive voice,Q1194697,passive
P5572,expressed in,Q103812671,anatomical entity type
P5572,expressed in,Q22299142,biological phase
P5572,expressed in,Q3505845,state
P5572,expressed in,Q4936952,anatomical structure
P5572,expressed in,Q55597235,class of living thing
P559,terminus,Q12819564,station
P559,terminus,Q178512,public transport
P559,terminus,Q228332,entry point
P559,terminus,Q27096213,geographic entity
P559,terminus,Q44782,port
P559,terminus,Q728937,railway line
P560,direction,Q2151613,relative direction
P5606,class of station,Q55488,railway station
P562,central bank/issuer,Q43229,organization
P562,central bank/issuer,Q5,human
P5658,railway traffic side,Q14565197,body relative direction
P57,director,Q14073567,sibling duo
P57,director,Q5,human
P5707,samples from work,Q2188189,musical work
P5707,samples from work,Q2431196,audiovisual work
P5707,samples from work,Q3302947,audio recording
P5753,ideographic description sequence,Q10888818,sinogram component
P5753,ideographic description sequence,Q136440129,Tangut component
P5753,ideographic description sequence,Q1689024,CJKV stroke
P5753,ideographic description sequence,Q17300291,sinogram
P5753,ideographic description sequence,Q55589899,ideographic description character
P5769,editor-in-chief,Q43229,organization
P5769,editor-in-chief,Q5,human
P5769,editor-in-chief,Q95074,character
P58,screenwriter,Q10648343,duo
P58,screenwriter,Q14073567,sibling duo
P58,screenwriter,Q16017119,collective pseudonym
P58,screenwriter,Q16334295,group of humans
P58,screenwriter,Q3046146,married couple
P58,screenwriter,Q5,human
P5800,narrative role,Q10428845,narrative technique
P5800,narrative role,Q131714,archetype
P5800,narrative role,Q1707847,role
P5800,narrative role,Q58363586,narrator
P5800,narrative role,Q6647660,literary element
P5804,has program committee member,Q5,human
P5805,OSI Model layer location,Q65054805,OSI model layer
P5816,state of conservation,Q55553838,conservation state
P5817,state of use,Q56557118,use status
P5824,retracted by,Q7316896,retraction notice
P5832,political coalition,Q6138528,political coalition
P5873,place of devotion,Q2221906,geographic location
P5886,mode of derivation,Q4117161,phonological change
P5886,mode of derivation,Q728001,derivation
P589,point group,Q899720,point group
P59,constellation,Q8928,constellation
P5911,paradigm class,Q1428334,paradigm
P5913,has paradigm class,Q56633378,inflection class
P5940,plot expanded in,Q17489659,group of works
P5940,plot expanded in,Q17537576,creative work
P5940,plot expanded in,Q386724,work
P5970,Medierådet rating,Q56887397,Danish media classification category
P598,commander of (DEPRECATED),Q17149090,armed organization
P598,commander of (DEPRECATED),Q176799,military unit
P598,commander of (DEPRECATED),Q18011131,fictional military unit
P598,commander of (DEPRECATED),Q18643213,military equipment
P598,commander of (DEPRECATED),Q18691599,military installation
P598,commander of (DEPRECATED),Q42889,vehicle
P598,commander of (DEPRECATED),Q48900561,fictional military facility
P598,commander of (DEPRECATED),Q645883,military operation
P598,commander of (DEPRECATED),Q6619802,fictional mode of transport
P598,commander of (DEPRECATED),Q939616,secret service
P5995,kit supplier,Q4830453,business
P6,head of government,Q5,human
P6,head of government,Q95074,character
P6022,"expression, gesture or body pose",Q327968,facial expression
P6022,"expression, gesture or body pose",Q371174,gesture
P6022,"expression, gesture or body pose",Q8514257,posture
P607,participated in conflict,Q1168287,intervention
P607,participated in conflict,Q14136353,fictional occurrence
P607,participated in conflict,Q180684,conflict
P607,participated in conflict,Q24336068,mythical war
P607,participated in conflict,Q2973801,defense line
P607,participated in conflict,Q3199915,massacre
P607,participated in conflict,Q370330,convoy
P607,participated in conflict,Q45382,coup d'état
P607,participated in conflict,Q6056746,campaign
P607,participated in conflict,Q645883,military operation
P607,participated in conflict,Q718893,theater of war
P607,participated in conflict,Q842332,war front
P608,exhibition history,Q124312595,arts festival edition
P608,exhibition history,Q1656682,event
P608,exhibition history,Q27787439,film festival edition
P608,exhibition history,Q464980,exhibition
P6087,coach of sports team,Q4438121,sports organization
P6087,coach of sports team,Q98767736,fictional sports club
P609,terminus location,Q486972,human settlement
P609,terminus location,Q56061,administrative territorial entity
P609,terminus location,Q6671777,structure
P61,discoverer or inventor,Q1047213,measurement tool
P61,discoverer or inventor,Q10855061,archaeological find
P61,discoverer or inventor,Q12579633,invention
P61,discoverer or inventor,Q1298668,science project
P61,discoverer or inventor,Q13226383,facility
P61,discoverer or inventor,Q1378139,robotic spacecraft
P61,discoverer or inventor,Q14514600,group of fictional characters
P61,discoverer or inventor,Q14897293,fictional entity
P61,discoverer or inventor,Q16334295,group of humans
P61,discoverer or inventor,Q18327510,fictional robot
P61,discoverer or inventor,Q43229,organization
P61,discoverer or inventor,Q5,human
P61,discoverer or inventor,Q550089,astronomical survey
P61,discoverer or inventor,Q6502154,exploration
P61,discoverer or inventor,Q7397,software
P61,discoverer or inventor,Q95074,character
P610,highest point,Q133056,mountain pass
P610,highest point,Q14524467,mountain pass saddle point
P610,highest point,Q207326,summit
P610,highest point,Q2221906,geographic location
P610,highest point,Q3393392,highest point
P610,highest point,Q3895768,fictional location
P610,highest point,Q46831,mountain range
P610,highest point,Q54050,hill
P610,highest point,Q8072,volcano
P610,highest point,Q8502,mountain
P6104,maintained by WikiProject,Q16695773,WikiProject
P611,religious order,Q136412573,Clerical Public Association
P611,religious order,Q2061186,religious order
P611,religious order,Q20746389,Christian missionary society
P611,religious order,Q225446,institute of consecrated life
P611,religious order,Q2311325,hospitaller order
P611,religious order,Q474717,religious military order
P611,religious order,Q5135744,Catholic religious institute
P611,religious order,Q732948,society of apostolic life
P6112,category for members of a team,Q4167836,Wikimedia category
P6116,chord progression,Q1326471,chord progression
P6116,chord progression,Q170439,chord
P6118,season ends,Q47018901,calendar month
P612,mother house,Q160742,abbey
P612,mother house,Q44613,monastery
P612,mother house,Q6021560,nunnery
P612,mother house,Q817056,benedictine abbey
P612,mother house,Q97824060,benedictine nunnery
P6149,running mate,Q5,human
P6153,research site,Q121359,infrastructure
P6153,research site,Q17334923,physical location
P6153,research site,Q43229,organization
P6166,quotes work,Q386724,work
P618,source of energy,Q11379,energy
P618,source of energy,Q1522115,energy source
P618,source of energy,Q187689,oxidizing agent
P618,source of energy,Q216830,reducing agent
P618,source of energy,Q2288996,accumulator
P618,source of energy,Q3935690,form of energy
P618,source of energy,Q42501,fuel
P618,source of energy,Q79529,chemical substance
P618,source of energy,Q837718,energy storage
P6185,tautomer of,Q113145171,type of chemical entity
P6185,tautomer of,Q59199015,group of stereoisomers
P6186,category for eponymous categories,Q30432511,Wikimedia meta category
P6191,language style,Q1047050,usage
P6191,language style,Q182545,stylistic device
P6191,language style,Q2313235,style
P6191,language style,Q286576,register
P6191,language style,Q3329375,language variety
P6193,ratified by,Q1335818,supranational union
P6193,ratified by,Q5,human
P6193,ratified by,Q6256,country
P6193,ratified by,Q7275,state
P6237,real estate developer,Q43229,organization
P6237,real estate developer,Q5,human
P624,guidance system,Q1707071,guidance system
P6241,collection creator,Q12737077,occupation
P6241,collection creator,Q16334295,group of humans
P6241,collection creator,Q43229,organization
P6241,collection creator,Q5,human
P6243,digital representation of,Q1076968,digital media
P6243,digital representation of,Q110304307,two-dimensional visual artwork
P6243,digital representation of,Q11060274,print
P6243,digital representation of,Q11424,film
P6243,digital representation of,Q125191,photograph
P6243,digital representation of,Q162919,seal
P6243,digital representation of,Q18593264,item of collection or exhibition
P6243,digital representation of,Q223557,physical object
P6243,digital representation of,Q3305213,painting
P6243,digital representation of,Q3331189,"version, edition or translation"
P6243,digital representation of,Q41207,coin
P6243,digital representation of,Q47461344,written work
P6243,digital representation of,Q53731850,individual copy of a book
P6243,digital representation of,Q7302866,audio track
P6243,digital representation of,Q93184,drawing
P6259,epoch,Q186408,point in time
P6275,copyright representative,Q1047437,copyright collective
P6275,copyright representative,Q154954,natural person
P6275,copyright representative,Q155076,juridical person
P6275,copyright representative,Q3152824,cultural institution
P6275,copyright representative,Q73278267,copyright holding organisation
P6275,copyright representative,Q78514488,type of copyright management
P629,edition or translation of,Q386724,work
P6338,colorist,Q16334295,group of humans
P6338,colorist,Q5,human
P634,team captain,Q15632617,fictional human
P634,team captain,Q5,human
P636,route of administration,Q621636,route of administration
P6364,official color,Q1075,color
P6364,official color,Q114177705,colour combination
P6364,official color,Q376431,color term
P6365,member category,Q4167836,Wikimedia category
P6379,has works in the collection,Q15090615,arts venue
P6379,has works in the collection,Q166118,archives
P6379,has works in the collection,Q17312283,fusion museum
P6379,has works in the collection,Q26271642,library network
P6379,has works in the collection,Q2668072,collection
P6379,has works in the collection,Q33506,museum
P6379,has works in the collection,Q464980,exhibition
P6379,has works in the collection,Q5774403,historical society
P6379,has works in the collection,Q7075,library
P6379,has works in the collection,Q88667167,museum network
P641,sport,Q11410,game
P641,sport,Q11417,martial arts
P641,sport,Q20037067,fictional sport
P641,sport,Q31629,type of sport
P641,sport,Q349,sport
P6426,RightsStatements.org statement according to source website,Q47530706,RightsStatements.org statement
P6437,day of regular release,Q14795564,point in time with respect to recurrent timeframe
P6437,day of regular release,Q41825,day of the week
P6437,day of regular release,Q51118183,day of the week within a given month
P6437,day of regular release,Q51119113,ordinal of day of the week within month
P6440,maintenance method,Q1914636,activity
P647,drafted by,Q4438121,sports organization
P65,site of astronomical discovery,Q1254933,astronomical observatory
P65,site of astronomical discovery,Q17334923,physical location
P6533,type of front suspension,Q272870,suspension
P6534,type of rear suspension,Q272870,suspension
P654,direction relative to location,Q2151613,relative direction
P655,translator,Q177634,community
P655,translator,Q43229,organization
P655,translator,Q5,human
P655,translator,Q59755569,special purpose artist
P6569,taxon especially protected in area,Q16521,taxon
P658,tracklist,Q7302866,audio track
P66,ancestral home,Q3895768,fictional location
P66,ancestral home,Q4835091,territory
P66,ancestral home,Q618123,geographical feature
P660,EC enzyme classification,Q67015883,group or class of enzymes
P6606,study or design for,Q838948,work of art
P6609,transitive over,Q18647515,transitive Wikidata property
P664,organizer,Q14623646,fictional organization
P664,organizer,Q15275719,recurring event
P664,organizer,Q16334295,group of humans
P664,organizer,Q1656682,event
P664,organizer,Q30017383,fictional organism
P664,organizer,Q4164871,position
P664,organizer,Q43229,organization
P664,organizer,Q49773,social movement
P664,organizer,Q5,human
P6684,first attested from,Q17537576,creative work
P6684,first attested from,Q3331189,"version, edition or translation"
P6684,first attested from,Q47461344,written work
P669,located on street,Q111415237,physical public space
P669,located on street,Q1251403,alley
P669,located on street,Q174782,square
P669,located on street,Q1761572,barrio
P669,located on street,Q18948595,fictional thoroughfare
P669,located on street,Q2126794,cycling network
P669,located on street,Q22667,railway
P669,located on street,Q269949,highway
P669,located on street,Q34442,road
P669,located on street,Q79007,street
P669,located on street,Q83620,thoroughfare
P6718,music video,Q193977,music video
P6718,music video,Q20871935,lyric video
P6718,music video,Q64100970,animated music video
P674,characters,Q1062345,player character
P674,characters,Q13002315,legendary figure
P674,characters,Q14514600,group of fictional characters
P674,characters,Q15706911,fictional object
P674,characters,Q16334295,group of humans
P674,characters,Q1913135,puppet
P674,characters,Q20830276,group of mythical characters
P674,characters,Q21070568,human whose existence is disputed
P674,characters,Q21192438,fictional species
P674,characters,Q215627,person
P674,characters,Q2239243,mythical creature
P674,characters,Q24334299,mythical animal
P674,characters,Q24337101,group of mythical creatures
P674,characters,Q25810847,folklore character
P674,characters,Q2607197,character race
P674,characters,Q3658341,literary character
P674,characters,Q4271324,mythical character
P674,characters,Q622852,domesticated animal
P674,characters,Q95074,character
P6758,supported sports team,Q12973014,sports team
P6758,supported sports team,Q847017,sports club
P676,lyricist,Q12405827,biblical character
P676,lyricist,Q215380,musical group
P676,lyricist,Q5,human
P676,lyricist,Q54982412,songwriting team
P676,lyricist,Q59755569,special purpose artist
P678,incertae sedis,Q427626,taxonomic rank
P6803,taxon found at location,Q16521,taxon
P6819,calligrapher,Q16334295,group of humans
P6819,calligrapher,Q21070598,figure that may or may not be fictional
P6819,calligrapher,Q215627,person
P6819,calligrapher,Q3303330,calligrapher
P6819,calligrapher,Q5,human
P6819,calligrapher,Q95074,character
P6824,replacement property,Q18616576,Wikidata property
P6840,student organization of,Q2385804,educational institution
P6872,has written for,Q1002697,periodical
P6872,has written for,Q11578774,broadcasting program
P6872,has written for,Q192283,news agency
P6872,has written for,Q2001305,television channel
P6872,has written for,Q2217301,serial
P6872,has written for,Q35127,website
P6872,has written for,Q36774,web page
P6872,has written for,Q5292,encyclopedia
P6872,has written for,Q571,book
P6872,has written for,Q7243180,primary ticket outlet
P6872,has written for,Q732577,publication
P6872,has written for,Q96102601,fictive serial publication
P6884,target muscle,Q7365,muscle
P6885,historical region,Q1620908,historical region
P6886,writing language,Q17376908,languoid
P6887,match interval,Q62521854,match interval
P6889,microarchitecture,Q259864,microarchitecture
P689,afflicts,Q16521,taxon
P69,educated at,Q1128397,convent
P69,educated at,Q15690029,fictional educational institution
P69,educated at,Q15893266,former entity
P69,educated at,Q16519632,scientific organization
P69,educated at,Q16917,hospital
P69,educated at,Q2023606,education program
P69,educated at,Q20860083,educational facility
P69,educated at,Q23005223,division of an educational institution
P69,educated at,Q2385804,educational institution
P69,educated at,Q32053225,training organization
P69,educated at,Q44613,monastery
P69,educated at,Q504703,seminar
P69,educated at,Q5341295,educational organization
P69,educated at,Q55097243,defunct organization
P69,educated at,Q96086516,former educational institution
P690,space group,Q102196561,space group Pc
P690,space group,Q13365572,space group P2/n
P690,space group,Q13365573,space group P2₁/n
P690,space group,Q899033,space group
P6902,era name,Q256408,era name
P694,replaced synonym (for nom. nov.),Q10753560,scientific name
P694,replaced synonym (for nom. nov.),Q16521,taxon
P694,replaced synonym (for nom. nov.),Q17134993,validly published name
P6942,animator,Q5,human
P6948,video system,Q241317,computing platform
P6948,video system,Q60644919,fictional video game console
P6948,video system,Q6368,web browser
P697,ex taxon author,Q5,human
P6977,review of,Q386724,work
P6978,Scandinavian middle family name,Q101352,family name
P7010,imprimatur granted by,Q16334295,group of humans
P7010,imprimatur granted by,Q215627,person
P7010,imprimatur granted by,Q43229,organization
P7010,imprimatur granted by,Q61002,pseudonym
P7010,imprimatur granted by,Q95074,character
P702,encoded by,Q121438,transposable element
P702,encoded by,Q7187,gene
P703,found in taxon,Q16521,taxon
P7047,enemy,Q1145276,fictional country
P7047,enemy,Q14514600,group of fictional characters
P7047,enemy,Q14623646,fictional organization
P7047,enemy,Q20830276,group of mythical characters
P7047,enemy,Q21070598,figure that may or may not be fictional
P7047,enemy,Q4271324,mythical character
P7047,enemy,Q95074,character
P706,located in/on physical feature,Q2221906,geographic location
P706,located in/on physical feature,Q2451477,natural material
P706,located in/on physical feature,Q3238337,mythical location
P706,located in/on physical feature,Q3895768,fictional location
P706,located in/on physical feature,Q618123,geographical feature
P706,located in/on physical feature,Q82794,region
P706,located in/on physical feature,Q9346860,geological structure
P707,spacecraft bus,Q372881,spacecraft bus
P7078,typing discipline,Q865760,type system
P708,diocese,Q105390172,Roman Catholic metropolitan archdiocese
P708,diocese,Q1147274,Apostolic see
P708,diocese,Q1269563,Stauropegion
P708,diocese,Q1431554,apostolic administration
P708,diocese,Q1492823,ecclesiastical district
P708,diocese,Q1531518,military ordinariate
P708,diocese,Q1778235,abbacy nullius
P708,diocese,Q2288631,archeparchy
P708,diocese,Q2665272,Ecclesiastical circumscription immediately subject to the Holy See
P708,diocese,Q285181,eparchy
P708,diocese,Q3732788,apostolic exarchate
P708,diocese,Q384003,apostolic prefecture
P708,diocese,Q620225,apostolic vicariate
P708,diocese,Q665487,diocese
P708,diocese,Q988198,district
P7084,related category,Q4167836,Wikimedia category
P7086,start grade,Q10291405,educational year
P7087,inverse label item,Q65932995,inverse property label item
P7095,end grade,Q10291405,educational year
P710,participant,Q115537581,imaginary character
P710,participant,Q16334298,group of living things
P710,participant,Q24229398,being
P710,participant,Q24334685,mythical entity
P710,participant,Q795052,individual
P7108,location of the point of view,Q11114344,points of the compass
P7108,location of the point of view,Q17334923,physical location
P7108,location of the point of view,Q188968,perspective
P7108,location of the point of view,Q3895768,fictional location
P7108,location of the point of view,Q618123,geographical feature
P7108,location of the point of view,Q82794,region
P7153,significant place,Q13226383,facility
P7153,significant place,Q17444909,astronomical object type
P7153,significant place,Q2434238,heritage
P7153,significant place,Q3895768,fictional location
P7153,significant place,Q41176,building
P7153,significant place,Q618123,geographical feature
P7160,manner of inhumane treatment,Q132781,torture
P7160,manner of inhumane treatment,Q305,corporal punishment
P7160,manner of inhumane treatment,Q933870,torture instrument
P7162,cases consolidated,Q2334719,legal case
P7163,typically sells,Q2342494,collectable
P7163,typically sells,Q2424752,product
P7163,typically sells,Q28877,goods
P7169,substitute director/manager,Q5,human
P7169,substitute director/manager,Q95074,character
P7174,school class,Q18204,class
P7174,school class,Q3186692,calendar year
P7174,school class,Q577,year
P720,asteroid spectral type,Q1750705,asteroid spectral type
P7209,ordeal by,Q40745,trial by ordeal
P725,voice actor,Q5,human
P725,voice actor,Q61002,pseudonym
P7252,degree of difficulty,Q11659512,degree of difficulty
P7253,color produced,Q1075,color
P726,candidate,Q19772737,political candidate
P726,candidate,Q22137478,presidential ticket
P726,candidate,Q5,human
P726,candidate,Q7210356,political organization
P726,candidate,Q99659193,referendum option
P7309,has climbing route,Q67179750,trail system
P7309,has climbing route,Q83620,thoroughfare
P7327,OFLC classification,Q57737074,OFLC classification category
P7327,OFLC classification,Q98381361,IPT classification category
P7327,OFLC classification,Q98381375,VRA classification category
P7327,OFLC classification,Q98381389,OCCF classification category
P734,family name,Q101352,family name
P734,family name,Q110874,patronymic
P734,family name,Q321703,premise
P734,family name,Q66475447,family name affix
P735,given name,Q122067883,given name component
P735,given name,Q202444,given name
P735,given name,Q321703,premise
P735,given name,Q49614,nickname
P736,cover art by,Q14756018,twins
P736,cover art by,Q43229,organization
P736,cover art by,Q5,human
P7367,content descriptor,Q68183127,content descriptor
P7376,worn by,Q115537581,imaginary character
P7376,worn by,Q12737077,occupation
P7376,worn by,Q14514600,group of fictional characters
P7376,worn by,Q15711870,animated character
P7376,worn by,Q16334295,group of humans
P7376,worn by,Q215627,person
P7376,worn by,Q4164871,position
P7376,worn by,Q4369513,sex of humans
P7376,worn by,Q48264,gender identity
P7376,worn by,Q5,human
P7376,worn by,Q55597235,class of living thing
P7376,worn by,Q729,Animalia
P7376,worn by,Q95074,character
P7377,infix,Q23585486,prefix
P7377,infix,Q2620828,tussenvoegsel
P7377,infix,Q62155,affix
P739,ammunition,Q104683706,fictional ammunition or cartridge
P739,ammunition,Q165363,torpedo
P739,ammunition,Q185785,ammunition
P744,asteroid family,Q249083,asteroid family
P7452,reason for preferred rank,Q71533077,Wikibase reason for preferred rank
P7469,orientation,Q2151613,relative direction
P747,has edition or translation,Q104217120,television series episode dubbing
P747,has edition or translation,Q1057179,user guide
P747,has edition or translation,Q1338914,handbook
P747,has edition or translation,Q17776219,poetic translation
P747,has edition or translation,Q26160672,revoiced work
P747,has edition or translation,Q3331189,"version, edition or translation"
P747,has edition or translation,Q386724,work
P747,has edition or translation,Q63141557,translated song
P7479,key col,Q10862618,mountain saddle
P7479,key col,Q133056,mountain pass
P7479,key col,Q15324,body of water
P7479,key col,Q16887036,gap
P748,appointed by,Q14897293,fictional entity
P748,appointed by,Q15238777,legislative term
P748,appointed by,Q267628,column
P748,appointed by,Q386724,work
P748,appointed by,Q4164871,position
P748,appointed by,Q43229,organization
P748,appointed by,Q5,human
P7486,grammatical aspect,Q208084,grammatical aspect
P749,parent organization or unit,Q10387680,organization unit
P749,parent organization or unit,Q14623646,fictional organization
P749,parent organization or unit,Q1530022,religious organization
P749,parent organization or unit,Q16519632,scientific organization
P749,parent organization or unit,Q170584,project
P749,parent organization or unit,Q431289,brand
P749,parent organization or unit,Q43229,organization
P749,parent organization or unit,Q70363582,academies and institutes
P749,parent organization or unit,Q895526,governing body
P750,distributed by,Q1002697,periodical
P750,distributed by,Q121717782,microtransaction store
P750,distributed by,Q12308700,mail distribution center
P750,distributed by,Q18534542,restaurant chain
P750,distributed by,Q19307174,digital distribution platform
P750,distributed by,Q2085381,publishing house
P750,distributed by,Q24229398,being
P750,distributed by,Q24634210,podcast show
P750,distributed by,Q30899001,software distributor
P750,distributed by,Q35127,website
P750,distributed by,Q55341040,video game database
P750,distributed by,Q72588,content delivery network
P750,distributed by,Q84324516,modding website
P750,distributed by,Q859965,item
P7501,audio system,Q80831,integrated circuit
P751,introduced feature,Q4485156,software feature
P7514,landscape architect,Q16334295,group of humans
P7514,landscape architect,Q43229,organization
P7514,landscape architect,Q5,human
P7528,statement or content of identifier is regarded as spoiler for,Q17537576,creative work
P756,removed feature,Q1049294,emoji
P756,removed feature,Q4485156,software feature
P7561,category for the interior of the item,Q4167836,Wikimedia category
P7573,IFCO rating,Q74431214,IFCO rating category
P7604,supervised by,Q153936,militia
P7604,supervised by,Q15416,television program
P7604,supervised by,Q1555508,radio program
P7604,supervised by,Q15632617,fictional human
P7604,supervised by,Q277759,book series
P7604,supervised by,Q3331189,"version, edition or translation"
P7604,supervised by,Q4164871,position
P7604,supervised by,Q5,human
P7604,supervised by,Q571,book
P7643,covered period,Q11514315,historical period
P767,contributor to the creative work or subject,Q16334295,group of humans
P767,contributor to the creative work or subject,Q43229,organization
P767,contributor to the creative work or subject,Q5,human
P768,electoral district,Q15063160,administrative territorial entity of New Zealand
P768,electoral district,Q15284,municipality
P768,electoral district,Q184188,canton of France
P768,electoral district,Q192611,electoral unit
P768,electoral district,Q2311958,canton
P768,electoral district,Q702842,municipal arrondissement of France
P768,electoral district,Q852231,county
P768,electoral district,Q941036,territorial authority of New Zealand
P769,significant drug interaction,Q113145171,type of chemical entity
P769,significant drug interaction,Q119892838,type of mixture of chemical entities
P770,cause of destruction,Q10843872,process
P770,cause of destruction,Q1190554,occurrence
P770,cause of destruction,Q1322005,natural phenomenon
P770,cause of destruction,Q180684,conflict
P770,cause of destruction,Q42889,vehicle
P770,cause of destruction,Q4373292,physical property
P770,cause of destruction,Q728,weapon
P7719,generalization of,Q108163,proposition
P7719,generalization of,Q11348,function
P7719,generalization of,Q24034552,mathematical concept
P7719,generalization of,Q8366,algorithm
P7727,legislative committee,Q2986700,parliamentary committee
P7763,copyright status as a creator,Q73568642,copyright status of set
P7779,military unit,Q1107156,state defense force
P7779,military unit,Q153936,militia
P7779,military unit,Q176799,military unit
P7779,military unit,Q177597,naval vessel
P7779,military unit,Q18011131,fictional military unit
P7779,military unit,Q18691599,military installation
P7779,military unit,Q204310,gendarmerie
P7779,military unit,Q207320,paramilitary organization
P7779,military unit,Q210815,military police
P7779,military unit,Q8473,military
P7781,exonerated of,Q694324,misdemeanor
P7781,exonerated of,Q7311382,religious offense
P7781,exonerated of,Q83267,crime
P7782,category for ship name,Q4167836,Wikimedia category
P78,top-level Internet domain,Q42032,country code top-level domain
P780,symptoms and signs,Q1441305,clinical sign
P780,symptoms and signs,Q169872,symptom
P780,symptoms and signs,Q2057971,health problem
P7861,category for files created with program,Q4167836,Wikimedia category
P7867,category for maps or plans,Q4167836,Wikimedia category
P7888,merged into,Q1002697,periodical
P7888,merged into,Q121359,infrastructure
P7888,merged into,Q14623646,fictional organization
P7888,merged into,Q15042037,statistical territorial entity
P7888,merged into,Q15642541,human-geographic territorial entity
P7888,merged into,Q15900616,event sequence
P7888,merged into,Q2668072,collection
P7888,merged into,Q35127,website
P7888,merged into,Q43229,organization
P7888,merged into,Q56061,administrative territorial entity
P7888,merged into,Q57662985,country in a fiction work
P790,approved by,Q108899558,approval process
P790,approved by,Q16334295,group of humans
P790,approved by,Q1646218,international environmental agreement
P790,approved by,Q1752346,assembly
P790,approved by,Q245065,intergovernmental organization
P790,approved by,Q2761147,meeting
P790,approved by,Q327333,government agency
P790,approved by,Q35749,parliament
P790,approved by,Q4164871,position
P790,approved by,Q43109,referendum
P790,approved by,Q5,human
P790,approved by,Q56061,administrative territorial entity
P790,approved by,Q740464,legal act
P7903,gained territory from,Q4835091,territory
P7904,gave up territory to,Q4835091,territory
P793,significant event,Q1172486,data breach
P793,significant event,Q14136353,fictional occurrence
P793,significant event,Q16513426,decision
P793,significant event,Q1656682,event
P793,significant event,Q171558,accident
P793,significant event,Q185451,strategy
P793,significant event,Q1914636,activity
P793,significant event,Q24336466,mythical event
P793,significant event,Q30111082,political event
P793,significant event,Q4071928,cyberattack
P793,significant event,Q49703,sacrament
P793,significant event,Q56557118,use status
P793,significant event,Q58415929,spatio-temporal entity
P793,significant event,Q67518978,occurrent
P793,significant event,Q751989,astronomical phenomenon
P7936,business model,Q815823,business model
P7937,form of creative work,Q104624828,book form
P7937,form of creative work,Q106043376,music release type
P7937,form of creative work,Q107356781,song type
P7937,form of creative work,Q107487333,type of musical work/composition
P7937,form of creative work,Q108224320,audio track attribute as printed on media
P7937,form of creative work,Q108329152,collection of literary works
P7937,form of creative work,Q110452794,form of creative work
P7937,form of creative work,Q110562117,type of television program
P7937,form of creative work,Q11921029,musical style
P7937,form of creative work,Q131733833,type of architectural structure
P7937,form of creative work,Q1437361,form of art
P7937,form of creative work,Q23622,dictionary
P7937,form of creative work,Q571,book
P7937,form of creative work,Q624903,cover art
P7937,form of creative work,Q7561199,song structure
P7937,form of creative work,Q862597,musical form
P7938,associated electoral district,Q192611,electoral unit
P795,located on linear feature,Q102307360,cycling route
P795,located on linear feature,Q12284,canal
P795,located on linear feature,Q34442,road
P795,located on linear feature,Q355304,watercourse
P795,located on linear feature,Q628179,trail
P795,located on linear feature,Q728937,railway line
P795,located on linear feature,Q924286,transport network
P7959,historic county,Q179872,county of Ireland
P7959,historic county,Q67376938,historic county of the United Kingdom
P800,notable work,Q101965,experiment
P800,notable work,Q10541491,legal form
P800,notable work,Q106822736,engraving
P800,notable work,Q113145171,type of chemical entity
P800,notable work,Q1151067,rule
P800,notable work,Q115633690,medical product
P800,notable work,Q11862829,academic discipline
P800,notable work,Q12280,bridge
P800,notable work,Q124301146,fictional work
P800,notable work,Q12579633,invention
P800,notable work,Q12772819,discovery
P800,notable work,Q12826253,design
P800,notable work,Q1293220,physical phenomenon
P800,notable work,Q1298668,science project
P800,notable work,Q131841,idea
P800,notable work,Q151885,concept
P800,notable work,Q1640824,inscription
P800,notable work,Q16510064,sporting event
P800,notable work,Q1656682,event
P800,notable work,Q170584,project
P800,notable work,Q1711593,edited volume
P800,notable work,Q17319698,lapidary
P800,notable work,Q17737,theory
P800,notable work,Q1799072,method
P800,notable work,Q185925,graphic design
P800,notable work,Q190084,hoax
P800,notable work,Q1914636,activity
P800,notable work,Q193946,scientific model
P800,notable work,Q2095,food
P800,notable work,Q211364,principle
P800,notable work,Q22811462,type of manufactured good
P800,notable work,Q2424752,product
P800,notable work,Q246672,mathematical object
P800,notable work,Q2668072,collection
P800,notable work,Q27058,approximation
P800,notable work,Q3249551,process
P800,notable work,Q36534,chemical reaction
P800,notable work,Q3658341,literary character
P800,notable work,Q386724,work
P800,notable work,Q41176,building
P800,notable work,Q43229,organization
P800,notable work,Q47461344,written work
P800,notable work,Q483394,genre
P800,notable work,Q618779,award
P800,notable work,Q65943,theorem
P800,notable work,Q7406919,service
P800,notable work,Q811979,architectural structure
P800,notable work,Q820655,statute
P800,notable work,Q8261,novel
P800,notable work,Q853614,identifier
P800,notable work,Q9081,knowledge
P800,notable work,Q95074,character
P8001,endorsed by,Q14623646,fictional organization
P8001,endorsed by,Q43229,organization
P8001,endorsed by,Q5,human
P8001,endorsed by,Q95074,character
P8004,ordered by,Q4164871,position
P8004,ordered by,Q43229,organization
P8004,ordered by,Q5,human
P8006,footedness,Q10927834,laterality
P802,student,Q16334295,group of humans
P802,student,Q178885,deity
P802,student,Q21070598,figure that may or may not be fictional
P802,student,Q5,human
P802,student,Q7380,primate
P802,student,Q95074,character
P803,professorship,Q1363750,chair
P803,professorship,Q486983,academic rank
P803,professorship,Q81752537,professorship
P8030,military size designation,Q21506450,military unit size class
P8031,perpetrator,Q14623646,fictional organization
P8031,perpetrator,Q15632617,fictional human
P8031,perpetrator,Q17149090,armed organization
P8031,perpetrator,Q1788992,criminal organization
P8031,perpetrator,Q21070568,human whose existence is disputed
P8031,perpetrator,Q30017383,fictional organism
P8031,perpetrator,Q43229,organization
P8031,perpetrator,Q47913,intelligence agency
P8031,perpetrator,Q5,human
P8032,victim(s),Q122192387,imaginary human
P8032,victim(s),Q16334295,group of humans
P8032,victim(s),Q26401003,individual animal
P8032,victim(s),Q30017383,fictional organism
P8032,victim(s),Q5,human
P8047,country of registry,Q56061,administrative territorial entity
P807,separated from,Q27096235,artificial geographic entity
P807,separated from,Q43229,organization
P807,separated from,Q56061,administrative territorial entity
P8097,network bands,Q16023911,radio frequency range
P81,connecting line,Q1054650,cable transport
P81,connecting line,Q1322323,itinerary
P81,connecting line,Q13409250,aerial lift
P81,connecting line,Q350783,rail and rope guided transport
P81,connecting line,Q57498564,rail network
P81,connecting line,Q728937,railway line
P811,academic minor,Q1047113,field of study
P811,academic minor,Q11862829,academic discipline
P811,academic minor,Q20162172,human language
P811,academic minor,Q2267705,field of study
P811,academic minor,Q2465832,branch of science
P811,academic minor,Q336,science
P811,academic minor,Q600134,course
P811,academic minor,Q8434,education
P8111,recommended unit of measurement,Q78754808,counting unit
P8111,recommended unit of measurement,Q87252761,SI or accepted non-SI unit
P8115,eligible recipient,Q24229398,being
P8115,eligible recipient,Q43229,organization
P812,academic major,Q1047113,field of study
P812,academic major,Q11862829,academic discipline
P812,academic major,Q1665984,interdisciplinary science
P812,academic major,Q17376908,languoid
P812,academic major,Q1792379,art genre
P812,academic major,Q223393,literary genre
P812,academic major,Q2267705,field of study
P812,academic major,Q22684100,Muhaddith
P812,academic major,Q2465832,branch of science
P812,academic major,Q336,science
P812,academic major,Q34379,musical instrument
P812,academic major,Q56055944,type of arts
P812,academic major,Q62302889,art practice
P812,academic major,Q629206,computer language
P812,academic major,Q8434,education
P8127,tournament format,Q61685689,tournament system
P8131,dialect of computer language,Q629206,computer language
P8131,dialect of computer language,Q9143,programming language
P8138,located in the statistical territorial entity,Q123705,neighborhood
P8138,located in the statistical territorial entity,Q15042037,statistical territorial entity
P816,decays to,Q11344,chemical element
P816,decays to,Q22675015,type of quantum particle
P816,decays to,Q25276,isotope
P816,decays to,Q3366856,composite particle
P816,decays to,Q43116,elementary particle
P817,decay mode,Q1048111,decay mode
P8193,hardiness of plant,Q1852702,hardiness
P8193,hardiness of plant,Q925615,hardiness zone
P8194,hardiness zone,Q925615,hardiness zone
P8196,voting system,Q182985,electoral system
P822,mascot,Q12737077,occupation
P822,mascot,Q1322005,natural phenomenon
P822,mascot,Q14897293,fictional entity
P822,mascot,Q16521,taxon
P822,mascot,Q18670161,mascot
P822,mascot,Q3139104,cultural icon
P822,mascot,Q4686758,advertising character
P822,mascot,Q55983715,organisms known by a particular common name
P823,speaker,Q21070568,human whose existence is disputed
P823,speaker,Q4164871,position
P823,speaker,Q4271324,mythical character
P823,speaker,Q5,human
P8258,field of training,Q11862829,academic discipline
P8258,field of training,Q131207,cosmetics
P8258,field of training,Q1914636,activity
P8258,field of training,Q2267705,field of study
P8258,field of training,Q627436,field of work
P826,tonality,Q192822,tonal system
P826,tonality,Q731978,mode
P8289,parish church(es),Q1088552,Catholic church building
P8289,parish church(es),Q16970,church building
P8289,parish church(es),Q831219,house of prayer
P831,parent club,Q115898316,department of a sports club
P831,parent club,Q12973014,sports team
P831,parent club,Q847017,sports club
P832,public holiday,Q1197685,public holiday
P832,public holiday,Q1445650,holiday
P8324,funder,Q106559804,person or organization
P8324,funder,Q1663557,initiative
P8324,funder,Q170584,project
P8324,funder,Q212468,appropriation
P8324,funder,Q372353,research funding
P8324,funder,Q8436,family
P8329,principal investigator,Q5,human
P833,interchange station,Q548662,public transport stop
P8331,strike tone,Q263478,note sign
P8339,entry receptor,Q8054,protein
P8345,media franchise,Q15991290,professional sports league
P8345,media franchise,Q18591554,media mix
P8345,media franchise,Q196600,media franchise
P8363,study type,Q78088984,study type
P837,day in year for periodic occurrence,Q14795564,point in time with respect to recurrent timeframe
P8371,"references work, tradition or theory",Q117850,doctrine
P8371,"references work, tradition or theory",Q1631107,bibliography
P8371,"references work, tradition or theory",Q17537576,creative work
P8371,"references work, tradition or theory",Q17737,theory
P8371,"references work, tradition or theory",Q3331189,"version, edition or translation"
P8371,"references work, tradition or theory",Q483394,genre
P8371,"references work, tradition or theory",Q82821,tradition
P8396,use with qualifier,Q15720608,Wikidata qualifier
P8397,prompt when missing,Q96726072,Wikidata prompt for missing value
P84,architect,Q16334295,group of humans
P84,architect,Q4830453,business
P84,architect,Q5,human
P84,architect,Q783794,company
P840,narrative location,Q100706037,fictional dimension
P840,narrative location,Q108059277,fictional locality
P840,narrative location,Q111547268,fictional group of locations
P840,narrative location,Q13226383,facility
P840,narrative location,Q14637321,fictional spacecraft
P840,narrative location,Q1656682,event
P840,narrative location,Q17334923,physical location
P840,narrative location,Q18670171,fictional vessel
P840,narrative location,Q20203388,extremity
P840,narrative location,Q3238337,mythical location
P840,narrative location,Q3895768,fictional location
P840,narrative location,Q39916781,fictional multiverse
P840,narrative location,Q4169,outer space
P840,narrative location,Q4418079,campaign setting
P840,narrative location,Q47306921,fictional parallel universe
P840,narrative location,Q47495022,shell of an astronomical object
P840,narrative location,Q4835091,territory
P840,narrative location,Q618123,geographical feature
P840,narrative location,Q6999,astronomical object
P840,narrative location,Q82794,region
P840,narrative location,Q89375447,fictional school
P8402,open data portal,Q27031827,open data portal
P8402,open data portal,Q8513,database
P8403,theorized by,Q43229,organization
P8403,theorized by,Q5,human
P8411,set in environment,Q1046315,level
P8411,set in environment,Q107,space
P8411,set in environment,Q107425,landscape
P8411,set in environment,Q11410,game
P8411,set in environment,Q121444807,tube
P8411,set in environment,Q1431026,horeca
P8411,set in environment,Q15710813,physical structure
P8411,set in environment,Q17334923,physical location
P8411,set in environment,Q192851,arcade video game machine
P8411,set in environment,Q20871196,fictional vehicle
P8411,set in environment,Q2221906,geographic location
P8411,set in environment,Q2249676,environment
P8411,set in environment,Q271669,landform
P8411,set in environment,Q30126005,hypothetical scientific object
P8411,set in environment,Q3238337,mythical location
P8411,set in environment,Q3895768,fictional location
P8411,set in environment,Q42889,vehicle
P8411,set in environment,Q4830453,business
P8411,set in environment,Q559618,fictional universe
P8411,set in environment,Q653928,pinball machine game
P8411,set in environment,Q811430,fixed construction
P8411,set in environment,Q82794,region
P8413,academic appointment,Q43229,organization
P8423,version control system,Q3257930,version control system
P8428,interactive elements,Q96759364,Interactive Element
P8450,peak bagging classification,Q97460675,peak bagging classification
P8453,public transport stop,Q124642584,group of railway stations
P8453,public transport stop,Q548662,public transport stop
P8464,content partnership category,Q4167836,Wikimedia category
P8480,Ofsted inspection rating,Q56675522,Ofsted inspection grade
P85,anthem,Q105543609,musical work/composition
P85,anthem,Q207628,composed musical work
P8500,Vietnamese middle name,Q108486313,Vietnamese middle name
P8500,Vietnamese middle name,Q202444,given name
P8503,heraldic attitude,Q1243409,heraldic attitude
P852,ESRB rating,Q23683568,ESRB rating category
P853,CERO rating,Q23683472,CERO rating category
P8535,tala,Q1896571,tala
P8536,raga,Q216926,raga
P8571,external auditor,Q43229,organization
P8571,external auditor,Q5,human
P859,sponsor,Q1298668,science project
P859,sponsor,Q268378,work
P859,sponsor,Q431289,brand
P859,sponsor,Q43229,organization
P859,sponsor,Q5,human
P8596,category for the exterior of the item,Q4167836,Wikimedia category
P86,composer,Q215380,musical group
P86,composer,Q5,human
P86,composer,Q59755569,special purpose artist
P8625,bibliography,Q1631107,bibliography
P8626,opening time,Q1260524,time of day
P8627,closing time,Q1260524,time of day
P8646,expansion of,Q1643932,tabletop role-playing game
P8646,expansion of,Q3244175,tabletop game
P8646,expansion of,Q7889,video game
P8652,Netflix maturity rating,Q99385015,Netflix maturity rating category
P8670,character designer,Q5,human
P8670,character designer,Q95074,character
P868,foods traditionally associated,Q1778821,cuisine
P868,foods traditionally associated,Q2095,food
P8693,fandom,Q497893,literary society
P8693,fandom,Q58854080,fan frenzy
P8693,fandom,Q773944,fandom
P87,librettist,Q15632617,fictional human
P87,librettist,Q16334295,group of humans
P87,librettist,Q5,human
P870,instrumentation,Q1254773,family of musical instruments
P870,instrumentation,Q177220,singer
P870,instrumentation,Q2088357,musical ensemble
P870,instrumentation,Q34379,musical instrument
P870,instrumentation,Q617028,instrumentation
P8701,has census,Q39825,census
P8702,parallel street,Q83620,thoroughfare
P8706,ritual object,Q223557,physical object
P872,printed by,Q175151,printer
P872,printed by,Q43229,organization
P872,printed by,Q5,human
P872,printed by,Q6500733,printing company
P872,printed by,Q783794,company
P8744,economy of topic,Q100773131,regional economy
P8744,economy of topic,Q137185571,economy in a country or region
P8744,economy of topic,Q6456916,national economy
P8745,check-in time,Q1260524,time of day
P8746,check-out time,Q1260524,time of day
P8764,port calls,Q44782,port
P8786,dedicated heritage entity,Q43229,organization
P8789,defining mutations,Q15304597,sequence variant
P8791,digitised by,Q43229,organization
P8791,digitised by,Q5,human
P88,commissioned by,Q12076836,administrative territorial entity of a single country
P88,commissioned by,Q14623646,fictional organization
P88,commissioned by,Q41298,magazine
P88,commissioned by,Q43229,organization
P88,commissioned by,Q464980,exhibition
P88,commissioned by,Q4801521,arts festival
P88,commissioned by,Q5,human
P88,commissioned by,Q841654,competition
P880,CPU,Q122967152,CPU model
P880,CPU,Q1466064,processor
P880,CPU,Q5300,central processing unit
P880,CPU,Q610398,system on a chip
P880,CPU,Q80831,integrated circuit
P881,type of variable star,Q6243,variable star
P8822,epithet,Q207869,epithet
P8839,hairstyle / hairlength,Q321703,premise
P8839,hairstyle / hairlength,Q327496,hairstyle
P885,origin of the watercourse,Q123349660,geolocatable entity
P885,origin of the watercourse,Q15324,body of water
P885,origin of the watercourse,Q271669,landform
P885,origin of the watercourse,Q3895768,fictional location
P8852,facial hair,Q1847641,human facial hair
P8852,facial hair,Q321703,premise
P8864,identity element,Q246672,mathematical object
P8865,mathematical inverse,Q246672,mathematical object
P8865,mathematical inverse,Q309314,quantity
P8866,has operation,Q131030,operator
P8866,has operation,Q3884033,mathematical operation
P887,based on heuristic,Q1156402,reasoning
P887,based on heuristic,Q2132119,attribution
P887,based on heuristic,Q6545185,unique identifier
P887,based on heuristic,Q8366,algorithm
P8872,has marker,Q22325163,protein-containing complex
P8872,has marker,Q7187,gene
P8872,has marker,Q8054,protein
P8874,Hong Kong film rating,Q100711986,Hong Kong film rating category
P8875,indexed in bibliographic review,Q1789476,bibliographic database
P8875,indexed in bibliographic review,Q2033233,bibliographic index
P8875,indexed in bibliographic review,Q59156132,bibliographic review
P8882,complementary property,Q15720608,Wikidata qualifier
P8882,complementary property,Q18616576,Wikidata property
P8889,MTRCB rating,Q102107926,MTRCB classification category
P8901,ELSPA rating,Q102109876,ELSPA classification category
P8927,kunya,Q1285470,kunya
P8933,category for the view from the item,Q4167836,Wikimedia category
P8938,artistic director,Q5,human
P8952,inappropriate property for this type,Q18616576,Wikidata property
P8989,category for the view of the item,Q4167836,Wikimedia category
P9002,liturgical rank,Q104602918,liturgical rank
P9030,solution to,Q11345,equation
P9030,solution to,Q1166625,mathematical problem
P9047,archaeological site of,Q4406616,concrete object
P9047,archaeological site of,Q486972,human settlement
P9047,archaeological site of,Q811979,architectural structure
P9059,subdivision of this unit,Q11639620,monetary subunit
P9059,subdivision of this unit,Q47574,unit of measurement
P9071,character type,Q1062990,character class
P9071,character type,Q131714,archetype
P9071,character type,Q636497,stock character
P9071,character type,Q844569,identity
P9072,derived from organism type,Q16521,taxon
P9073,applicable 'stated in' value,Q121182,information system
P9073,applicable 'stated in' value,Q1277575,correspondence
P9073,applicable 'stated in' value,Q1334294,software repository
P9073,applicable 'stated in' value,Q1789476,bibliographic database
P9073,applicable 'stated in' value,Q2352616,catalogue
P9073,applicable 'stated in' value,Q3331189,"version, edition or translation"
P9073,applicable 'stated in' value,Q35127,website
P9073,applicable 'stated in' value,Q386724,work
P9073,applicable 'stated in' value,Q7094076,online database
P9073,applicable 'stated in' value,Q8513,database
P908,PEGI rating,Q23686802,PEGI rating category
P91,sexual orientation,Q1165905,sexual identity
P91,sexual orientation,Q17888,sexual orientation
P910,topic's main category,Q4167836,Wikimedia category
P9126,Commons media contributed by,Q43229,organization
P913,notation,Q191494,digraph
P913,notation,Q3241972,character
P9139,first family name in Portuguese name,Q101352,family name
P914,USK rating,Q24561417,USK rating category
P915,filming location,Q11446,ship
P915,filming location,Q121359,infrastructure
P915,filming location,Q123705,neighborhood
P915,filming location,Q1415274,film set
P915,filming location,Q15642541,human-geographic territorial entity
P915,filming location,Q16463,lyceum
P915,filming location,Q1656682,event
P915,filming location,Q17334923,physical location
P915,filming location,Q3238337,mythical location
P915,filming location,Q38723,higher education institution
P915,filming location,Q618123,geographical feature
P915,filming location,Q82794,region
P916,GSRR rating,Q23687265,GSRR rating category
P9161,thesis committee member,Q5,human
P9191,letterer,Q5,human
P92,main regulatory text,Q179461,religious text
P92,main regulatory text,Q1864008,legal act
P92,main regulatory text,Q2571972,decree
P92,main regulatory text,Q2673092,nomenclature Code
P92,main regulatory text,Q3150005,legal instrument
P92,main regulatory text,Q3298158,terms of reference
P92,main regulatory text,Q4122445,service regulations
P92,main regulatory text,Q428148,regulation
P92,main regulatory text,Q45736416,plan of management
P92,main regulatory text,Q694045,delegated legislation
P92,main regulatory text,Q766366,regulation of sport
P92,main regulatory text,Q820655,statute
P92,main regulatory text,Q846882,sources of law
P9215,set during recurring event,Q105721984,fictional day
P9215,set during recurring event,Q11514315,historical period
P9215,set during recurring event,Q1260524,time of day
P9215,set during recurring event,Q141022,eclipse
P9215,set during recurring event,Q14795564,point in time with respect to recurrent timeframe
P9215,set during recurring event,Q1514190,school holiday
P9215,set during recurring event,Q15275719,recurring event
P9215,set during recurring event,Q18032959,fictional holiday
P9215,set during recurring event,Q2350831,planetary phase
P9215,set during recurring event,Q5151,month
P9215,set during recurring event,Q573,day
P922,magnetic ordering,Q15706549,magnetic ordering
P923,medical examination,Q177719,medical diagnosis
P923,medical examination,Q2671652,medical test
P9235,seismic classification,Q105725387,seismic classification
P9237,reissue of,Q108346082,release group
P9237,reissue of,Q2031291,musical release
P9239,affiliated worker organisation,Q178790,labor union
P9239,affiliated worker organisation,Q671974,works council
P9241,demographics of topic,Q23983664,demographics of country or region
P9260,music transcriber,Q5,human
P9275,inverse agonist of,Q11173,chemical compound
P9275,inverse agonist of,Q417841,protein family
P9275,inverse agonist of,Q8054,protein
P930,type of electrification,Q23012297,type of electricity transmission
P930,type of electrification,Q388201,railway electrification system
P9302,script style,Q118872183,script style
P9302,script style,Q17451,typeface
P9302,script style,Q33260112,handwriting style
P931,place served by transport hub,Q2169973,service provider
P931,place served by transport hub,Q4835091,territory
P931,place served by transport hub,Q486972,human settlement
P931,place served by transport hub,Q82794,region
P9325,Gedong Kirtya Classification,Q1641020,palm-leaf manuscript
P937,work location,Q1229765,watercraft
P937,work location,Q17334923,physical location
P937,work location,Q2221906,geographic location
P937,work location,Q2385804,educational institution
P937,work location,Q3895768,fictional location
P937,work location,Q41176,building
P937,work location,Q43229,organization
P937,work location,Q486972,human settlement
P937,work location,Q56061,administrative territorial entity
P937,work location,Q628858,workplace
P937,work location,Q82794,region
P9419,personal library at,Q43229,organization
P942,theme music,Q55850593,music track with vocals
P942,theme music,Q55850643,music track without lyrics
P943,programmer,Q16334295,group of humans
P943,programmer,Q5,human
P945,allegiance,Q1145276,fictional country
P945,allegiance,Q14514600,group of fictional characters
P945,allegiance,Q14623646,fictional organization
P945,allegiance,Q16334295,group of humans
P945,allegiance,Q176799,military unit
P945,allegiance,Q3024240,historical country
P945,allegiance,Q4164871,position
P945,allegiance,Q43229,organization
P945,allegiance,Q5,human
P945,allegiance,Q6256,country
P945,allegiance,Q6857706,military profession
P945,allegiance,Q95074,character
P9493,artist files at,Q2668072,collection
P9493,artist files at,Q43229,organization
P9549,official podcast,Q24634210,podcast show
P9567,intended background color,Q1075,color
P9597,type of lens,Q14672,Fresnel lens
P9597,type of lens,Q1823435,reflector
P9597,type of lens,Q768575,lens
P9600,oral history at,Q108296843,repository
P9600,oral history at,Q43229,organization
P9600,oral history at,Q5,human
P9611,district heating grid,Q278784,district heating
P9652,personality trait of fictional character,Q1149305,disposition
P9652,personality trait of fictional character,Q1347367,aptitude
P9652,personality trait of fictional character,Q2393196,personality trait
P9660,not found in,Q386724,work
P9660,not found in,Q49848,document
P9660,not found in,Q9779,alphabet
P967,guest of honor,Q16334298,group of living things
P967,guest of honor,Q5,human
P9680,consequence of text,Q1058236,administrative act
P9680,consequence of text,Q2571972,decree
P9680,consequence of text,Q49848,document
P9680,consequence of text,Q7305975,redistribution
P9681,voted on by,Q10553309,legislative house
P9681,voted on by,Q1752346,assembly
P9681,voted on by,Q7278,political party
P9681,voted on by,Q7456126,session
P97,noble title,Q21451536,"fictional office, position, or title"
P97,noble title,Q3320743,title of honor
P97,noble title,Q355567,noble title
P9700,delta of,Q4022,river
P9714,taxon range,Q2221906,geographic location
P9714,taxon range,Q4835091,territory
P9714,taxon range,Q82794,region
P972,catalog,Q1172284,data set
P972,catalog,Q166118,archives
P972,catalog,Q166140,registration authority
P972,catalog,Q2352616,catalogue
P972,catalog,Q254972,globally unique identifier
P972,catalog,Q27560760,collection of fairy tales
P972,catalog,Q3052382,fonds
P972,catalog,Q3331189,"version, edition or translation"
P972,catalog,Q36524,authority file
P972,catalog,Q6545185,unique identifier
P9731,announced at,Q11483816,annual event
P9731,announced at,Q1656682,event
P9731,announced at,Q4504495,award ceremony
P9731,announced at,Q57305,trade fair
P974,tributary,Q124714,spring
P974,tributary,Q16338046,fictional river
P974,tributary,Q187971,wadi
P974,tributary,Q355304,watercourse
P9758,symbol represents,Q126180647,fictional mathematical object
P9758,symbol represents,Q128914819,fictional individual greatness
P9758,symbol represents,Q246672,mathematical object
P9758,symbol represents,Q71550118,individual quantity
P98,editor,Q43229,organization
P98,editor,Q5,human
P9831,release of,Q108346082,release group
P9866,GRAC rating,Q26694303,GRAC rating category
P9887,Candomblé nation,Q10335893,Candomblé nation
P9895,SMECCV classification,Q108425189,Mexican System of Video Game Content Classification category
P9897,App Store age rating,Q110910264,Apple App Store rating category
P9901,issuing agent of work,Q106559804,person or organization
P991,successful candidate,Q5,human
P991,successful candidate,Q7210356,political organization
P9926,populates category,Q4167836,Wikimedia category
P9945,dissertation program,Q180958,faculty
P9945,dissertation program,Q2467461,academic department
P9945,dissertation program,Q98323635,degree program
P9971,has semantic argument,Q106645134,companion
P9971,has semantic argument,Q109377685,location
P9971,has semantic argument,Q109405570,goal
P9971,has semantic argument,Q109566760,stimulus
P9971,has semantic argument,Q109574863,possessor
P9971,has semantic argument,Q109664302,kinship
P9971,has semantic argument,Q109674924,attribute
P9971,has semantic argument,Q111335542,undergoer
P9971,has semantic argument,Q113460437,intermediate agent
P9971,has semantic argument,Q11402,force
P9971,has semantic argument,Q11652,frequency
P9971,has semantic argument,Q118826633,theme
P9971,has semantic argument,Q12322185,time
P9971,has semantic argument,Q1242505,experiencer
P9971,has semantic argument,Q125953445,extent
P9971,has semantic argument,Q125995757,affectee
P9971,has semantic argument,Q12774177,means
P9971,has semantic argument,Q134480019,proto-agent
P9971,has semantic argument,Q134506144,proto-patient
P9971,has semantic argument,Q170212,patient
P9971,has semantic argument,Q19720921,addressee
P9971,has semantic argument,Q20820253,recipient
P9971,has semantic argument,Q214609,material
P9971,has semantic argument,Q2151613,relative direction
P9971,has semantic argument,Q2199864,duration
P9971,has semantic argument,Q22338337,topic
P9971,has semantic argument,Q23894381,actor
P9971,has semantic argument,Q2574811,cause
P9971,has semantic argument,Q2995644,result
P9971,has semantic argument,Q31464082,source entity
P9971,has semantic argument,Q3885844,origin
P9971,has semantic argument,Q392648,agent
P9971,has semantic argument,Q6535309,instrument
P9977,isotopically modified form of,Q113145171,type of chemical entity
P9977,isotopically modified form of,Q2512777,simple substance
P9977,isotopically modified form of,Q59199015,group of stereoisomers
