property,property_label,subject_type,subject_type_label
P10000,Research Vocabularies Australia ID,Q7094076,online database
P10000,Research Vocabularies Australia ID,Q1469824,controlled vocabulary
P10000,Research Vocabularies Australia ID,Q324254,ontology
P10002,Dewan Negara ID,Q5,human
P10003,Arachne.org.au ID,Q16521,taxon
P10004,Dewan Rakyat ID,Q5,human
P10006,AllSides ID,Q35127,website
P10006,AllSides ID,Q41298,magazine
P10006,AllSides ID,Q43229,organization
P10006,AllSides ID,Q5,human
P10006,AllSides ID,Q5633421,scientific journal
P10007,Birdata ID,Q16521,taxon
P10008,Geographical Names Board of NSW geoname ID,Q2385804,educational institution
P10008,Geographical Names Board of NSW geoname ID,Q618123,geographical feature
P10009,IRIS GSSI author ID,Q5,human
P1001,applies to jurisdiction,Q1639378,social system
P1001,applies to jurisdiction,Q12139612,list
P1001,applies to jurisdiction,Q15238777,legislative term
P1001,applies to jurisdiction,Q1140371,national identification number
P1001,applies to jurisdiction,Q1151067,rule
P1001,applies to jurisdiction,Q13406554,sports competition
P1001,applies to jurisdiction,Q13582682,classification
P1001,applies to jurisdiction,Q1456832,violation of law
P1001,applies to jurisdiction,Q14623646,fictional organization
P1001,applies to jurisdiction,Q1505023,interpellation
P1001,applies to jurisdiction,Q15275719,recurring event
P1001,applies to jurisdiction,Q1572600,proclamation
P1001,applies to jurisdiction,Q189409,lottery
P1001,applies to jurisdiction,Q51591359,voting result
P1001,applies to jurisdiction,Q20045456,political position
P1001,applies to jurisdiction,Q2135465,legal term or legal concept
P1001,applies to jurisdiction,Q21451536,"fictional office, position, or title"
P1001,applies to jurisdiction,Q214995,telephone number
P1001,applies to jurisdiction,Q216353,title
P1001,applies to jurisdiction,Q22222786,government program
P1001,applies to jurisdiction,Q223729,white paper
P1001,applies to jurisdiction,Q2620826,declaration
P1001,applies to jurisdiction,Q3150005,legal instrument
P1001,applies to jurisdiction,Q317557,parish church
P1001,applies to jurisdiction,Q321839,agreement
P1001,applies to jurisdiction,Q329525,criminal charge
P1001,applies to jurisdiction,Q40357,prison
P1001,applies to jurisdiction,Q4164871,position
P1001,applies to jurisdiction,Q42470,motto
P1001,applies to jurisdiction,Q473972,protected area
P1001,applies to jurisdiction,Q481182,official act
P1001,applies to jurisdiction,Q56061,administrative territorial entity
P1001,applies to jurisdiction,Q58142240,ruleset
P1001,applies to jurisdiction,Q618779,award
P1001,applies to jurisdiction,Q686822,bill
P1001,applies to jurisdiction,Q7397,software
P1001,applies to jurisdiction,Q80071,symbol
P1001,applies to jurisdiction,Q8142,currency
P1001,applies to jurisdiction,Q8161,tax
P1001,applies to jurisdiction,Q8187769,economic activity
P1001,applies to jurisdiction,Q905765,command paper
P10010,IRIS IUSS author ID,Q5,human
P10011,SISSA Digital Library author ID,Q5,human
P10012,NSW Parliament member ID,Q5,human
P10013,SNSF person ID,Q5,human
P10014,FFCAM ID,Q182676,mountain hut
P10015,NatureScot Sitelink ID,Q618123,geographical feature
P10016,Refuges.info ID,Q41176,building
P10016,Refuges.info ID,Q207326,summit
P10016,Refuges.info ID,Q2231510,col
P10016,Refuges.info ID,Q23397,lake
P10016,Refuges.info ID,Q35509,cave
P10016,Refuges.info ID,Q8502,mountain
P10018,George Eastman Museum people ID,Q43229,organization
P10018,George Eastman Museum people ID,Q5,human
P1002,engine configuration,Q630010,reciprocating engine
P10020,Parliament of Australia MP ID,Q5,human
P10021,UAE University Libraries ID,Q43229,organization
P10021,UAE University Libraries ID,Q5,human
P10023,Museu da Pessoa person ID,Q5,human
P10026,Research Data Australia ID,Q5,human
P10026,Research Data Australia ID,Q1172284,data set
P10026,Research Data Australia ID,Q43229,organization
P10028,Tennis Abstract player ID,Q5,human
P10029,Women in the Legislature ID,Q5,human
P10030,StopGame ID,Q116741534,group of video games
P10030,StopGame ID,Q7889,video game
P10031,Enciclopedia di Roma person ID,Q5,human
P10032,Museu da Pessoa History file,Q5,human
P10033,Biografija.ru ID,Q5,human
P10034,Derrieux agency person ID,Q5,human
P10038,Conway polyhedron notation,Q747980,polytope
P1004,MusicBrainz place ID,Q27096213,geographic entity
P1004,MusicBrainz place ID,Q43229,organization
P10043,Indonesian parliament candidate ID 2019,Q5,human
P10044,Trove work ID,Q108346082,release group
P10044,Trove work ID,Q47461344,written work
P10045,Vokrug.tv show ID,Q5398426,television series
P10045,Vokrug.tv show ID,Q11424,film
P10045,Vokrug.tv show ID,Q15416,television program
P10047,Federation Council person ID,Q5,human
P10049,Glitchwave genre ID,Q107647829,video game mechanic
P1005,National Library of Portugal ID,Q61002,pseudonym
P10050,Nederlandse Voornamenbank ID,Q202444,given name
P10052,Vokrug.tv person ID,Q215627,person
P10053,Atlas Project of Roman Aqueducts ID,Q13218676,Roman aqueduct
P10054,IRIS UNIURB author ID,Q5,human
P10055,IRIS Verona author ID,Q5,human
P10056,IRIS UNISA author ID,Q5,human
P10057,IRIS UNIMI author ID,Q5,human
P10058,IRIS UNIBO author ID,Q5,human
P1006,Nationale Thesaurus voor Auteursnamen ID,Q61002,pseudonym
P1006,Nationale Thesaurus voor Auteursnamen ID,Q1190554,occurrence
P1006,Nationale Thesaurus voor Auteursnamen ID,Q15632617,fictional human
P1006,Nationale Thesaurus voor Auteursnamen ID,Q21070598,figure that may or may not be fictional
P1006,Nationale Thesaurus voor Auteursnamen ID,Q215627,person
P1006,Nationale Thesaurus voor Auteursnamen ID,Q43229,organization
P10060,e-Talenta ID,Q5,human
P10061,Baidu Scholar journal ID,Q1002697,periodical
P10062,Academy of Russian Television person ID,Q5,human
P10063,SEKO ID,Q7390,human voice
P10063,SEKO ID,Q2088357,musical ensemble
P10063,SEKO ID,Q483501,artist
P10064,NWT Species ID,Q16521,taxon
P10065,IJF competition ID,Q13406554,sports competition
P10065,IJF competition ID,Q16510064,sporting event
P10066,JudoInside competition ID,Q13406554,sports competition
P10066,JudoInside competition ID,Q16510064,sporting event
P10067,train melody,Q55488,railway station
P10068,SEEK company ID,Q43229,organization
P10069,Tabakalera ID,Q43229,organization
P10069,Tabakalera ID,Q5,human
P1007,Lattes Platform number,Q43229,organization
P1007,Lattes Platform number,Q5,human
P10070,IRIS UNIPG author ID,Q5,human
P10071,EXQUIRITE author ID,Q5,human
P10072,State Duma person ID,Q5,human
P10073,ESPN.com MMA fighter ID,Q5,human
P10075,CREPČ institution ID,Q43229,organization
P10076,CREPČ person ID,Q5,human
P10078,Maritime Business Directory ID,Q4830453,business
P10079,FAOLEX No,Q820655,statute
P10080,EJU competition ID,Q13406554,sports competition
P10080,EJU competition ID,Q16510064,sporting event
P10081,Australian Charities and Not‑for‑profits Register Charity ID,Q43229,organization
P10082,CNKI CJFD journal ID,Q1002697,periodical
P10083,Offshore Leaks Database ID,Q43229,organization
P10083,Offshore Leaks Database ID,Q5,human
P10084,Osmose Agency person ID,Q5,human
P10085,biografiA ID,Q5,human
P10086,Australian Prints + Printmaking artist ID,Q43229,organization
P10086,Australian Prints + Printmaking artist ID,Q5,human
P10087,Australian Prints + Printmaking work ID,Q11060274,print
P10088,Dissernet institution ID,Q43229,organization
P10091,death rate,Q23983664,demographics of country or region
P10092,Bildatlas-Künstler-ID,Q5,human
P10093,image with color chart,Q3305213,painting
P10093,image with color chart,Q860861,sculpture
P10096,Databáze her video game ID,Q11410,game
P10098,Oùvoir.ça film ID,Q1983062,episode
P10098,Oùvoir.ça film ID,Q11424,film
P10098,Oùvoir.ça film ID,Q15416,television program
P10098,Oùvoir.ça film ID,Q24856,film series
P101,field of work,Q14897293,fictional entity
P101,field of work,Q2133344,space mission
P101,field of work,Q1003030,test
P101,field of work,Q114834437,conference
P101,field of work,Q151885,concept
P101,field of work,Q15275719,recurring event
P101,field of work,Q268592,industry
P101,field of work,Q288514,fair
P101,field of work,Q3533467,group action
P101,field of work,Q4164871,position
P101,field of work,Q42240,research
P101,field of work,Q464980,exhibition
P101,field of work,Q488383,object
P10100,SensCritique work ID,Q17537576,creative work
P10100,SensCritique work ID,Q47461344,written work
P10101,Snob.ru author ID,Q5,human
P10102,IRIS POLIBA author ID,Q5,human
P10103,Re.Public@Polimi author ID,Q5,human
P10104,PORTO@Iris author ID,Q5,human
P10105,IRIS UNIVPM author ID,Q5,human
P10109,allplayers.in.ua player ID,Q5,human
P10110,Apple Music track ID,Q7302866,audio track
P10112,Australian Statistical Geography 2021 ID,Q618123,geographical feature
P10114,Natural History Museum (London) person ID,Q43229,organization
P10114,Natural History Museum (London) person ID,Q5,human
P10115,Indonesian Hospital ID,Q16917,hospital
P10116,Music of Armenia ID,Q5,human
P10117,New Index of Middle English Verse ID,Q482,poetry
P10117,New Index of Middle English Verse ID,Q5185279,poem
P10119,AllHomes research location ID,Q34442,road
P10119,AllHomes research location ID,Q188509,suburb
P10119,AllHomes research location ID,Q19610511,township
P10119,AllHomes research location ID,Q3257686,locality
P10120,Australian Trade Mark Number,Q167270,trademark
P10120,Australian Trade Mark Number,Q43229,organization
P10120,Australian Trade Mark Number,Q7397,software
P10121,Harvard Art Museums artwork ID,Q17489659,group of works
P10121,Harvard Art Museums artwork ID,Q838948,work of art
P10122,Book Depository publisher ID,Q2085381,publishing house
P10124,Database of Czech librarians ID,Q5,human
P10126,Enciclopedia d'arte italiana ID,Q5,human
P10127,Dissernet journal ID,Q1002697,periodical
P10128,Dissernet person ID,Q5,human
P10129,protective marking,Q49848,document
P10130,centrasia.org person ID,Q5,human
P10131,The Parliamentary Newspaper ID,Q5,human
P10133,Russian Academy of Sciences person ID,Q5,human
P10134,Place Names of New Brunswick ID,Q2221906,geographic location
P10134,Place Names of New Brunswick ID,Q7884789,toponym
P10136,Pandora track ID,Q7302866,audio track
P10137,Nintendo64EVER ID,Q7889,video game
P10138,Pandora album ID,Q108346082,release group
P10139,Indonesian College Code,Q38723,higher education institution
P10140,Institute of History of Ukraine ID,Q5,human
P10143,CDAEM person ID,Q5,human
P10144,Famitsu game ID,Q7889,video game
P10145,EPA Facility Registry Service ID,Q13226383,facility
P10146,Levels.fyi company ID,Q4830453,business
P10147,U-PAD author ID,Q5,human
P10148,CAMPUS author ID,Q5,human
P1015,BIBSYS ID,Q215627,person
P1015,BIBSYS ID,Q14897293,fictional entity
P1015,BIBSYS ID,Q24354,theatre building
P1015,BIBSYS ID,Q11424,film
P1015,BIBSYS ID,Q1656682,event
P1015,BIBSYS ID,Q1663557,initiative
P1015,BIBSYS ID,Q22698,park
P1015,BIBSYS ID,Q41176,building
P1015,BIBSYS ID,Q42889,vehicle
P1015,BIBSYS ID,Q43229,organization
P1015,BIBSYS ID,Q47461344,written work
P1015,BIBSYS ID,Q49848,document
P1015,BIBSYS ID,Q5398426,television series
P1015,BIBSYS ID,Q618779,award
P10153,Nasha Versia ID,Q43229,organization
P10153,Nasha Versia ID,Q5,human
P10155,Babesdirectory ID,Q5,human
P10156,Numelyo ID,Q429785,poster
P10156,Numelyo ID,Q125191,photograph
P10156,Numelyo ID,Q192425,postcard
P10156,Numelyo ID,Q37930,postage stamp
P10156,Numelyo ID,Q53731850,individual copy of a book
P10156,Numelyo ID,Q87167,manuscript
P10157,ua-football.com player ID,Q5,human
P10158,SoccerPunter.com player ID,Q5,human
P10159,pfl.uz player ID,Q5,human
P1016,asteroid taxonomy,Q1022867,minor planet
P10160,PGM author ID,Q5,human
P10161,Irish Times profile ID,Q5,human
P10162,politika-crimea.ru person ID,Q5,human
P10163,Kinomania.ru actor ID,Q5,human
P10164,Kinomania.ru film ID,Q11424,film
P10164,Kinomania.ru film ID,Q5398426,television series
P10165,bards.ru person ID,Q5,human
P10166,Kinobaza person ID,Q5,human
P10167,Kinobaza film ID,Q11424,film
P10167,Kinobaza film ID,Q5398426,television series
P10169,N64-Database ID,Q7889,video game
P1017,Vatican Library ID (former scheme),Q8436,family
P1017,Vatican Library ID (former scheme),Q1408229,finished good
P1017,Vatican Library ID (former scheme),Q1656682,event
P1017,Vatican Library ID (former scheme),Q2221906,geographic location
P1017,Vatican Library ID (former scheme),Q43229,organization
P1017,Vatican Library ID (former scheme),Q5,human
P1017,Vatican Library ID (former scheme),Q7725634,literary work
P1017,Vatican Library ID (former scheme),Q811979,architectural structure
P10170,Channel One Russia show ID,Q15416,television program
P10171,Kanobu game ID,Q7889,video game
P10173,Smotrim.ru film ID,Q11424,film
P10173,Smotrim.ru film ID,Q15416,television program
P10174,CH district ID,Q662914,district in Switzerland
P10175,Digital Index of Middle English Verse ID,Q1640824,inscription
P10175,Digital Index of Middle English Verse ID,Q482,poetry
P10175,Digital Index of Middle English Verse ID,Q5185279,poem
P10176,type host,Q16521,taxon
P10178,Genie album ID,Q108346082,release group
P10179,Genie song ID,Q7302866,audio track
P1018,language regulatory body,Q17376908,languoid
P10180,Genie artist ID,Q215380,musical group
P10180,Genie artist ID,Q5,human
P10181,Austrian school ID,Q2385804,educational institution
P10182,DFIH business ID,Q43229,organization
P10183,Corporate Identification Number (CIN) in India,Q4830453,business
P10183,Corporate Identification Number (CIN) in India,Q783794,company
P10184,Ruskino person ID,Q5,human
P10185,Ruskino movie ID,Q11424,film
P10187,Artstor artwork ID,Q838948,work of art
P10190,MTB Data rider ID,Q5,human
P10191,All About Birds ID,Q16521,taxon
P10194,oKino.ua actor ID,Q5,human
P10195,Library of Congress providers ID,Q8436,family
P10195,Library of Congress providers ID,Q43229,organization
P10195,Library of Congress providers ID,Q5,human
P10197,Numista mint ID,Q43229,organization
P10197,Numista mint ID,Q19730508,former municipality
P10197,Numista mint ID,Q262166,municipality in Germany
P10197,Numista mint ID,Q515,city
P10198,Austrian Street ID,Q83620,thoroughfare
P10198,Austrian Street ID,Q12511,stairs
P10198,Austrian Street ID,Q174782,square
P10198,Austrian Street ID,Q22698,park
P10198,Austrian Street ID,Q486972,human settlement
P102,member of political party,Q5,human
P102,member of political party,Q95074,character
P10201,DFIH financier ID,Q5,human
P10204,Repertorium Biblicum Medii Aevi ID,Q47461344,written work
P10205,Numista ID,Q131647,medallion
P10205,Numista ID,Q693464,cash
P10206,Comparably company ID,Q4830453,business
P10206,Comparably company ID,Q783794,company
P10207,Folketinget actor ID,Q5,human
P10207,Folketinget actor ID,Q4164871,position
P10207,Folketinget actor ID,Q43229,organization
P10209,number of triples,Q33002955,knowledge graph
P10209,number of triples,Q595971,graph database
P1021,KldB-2010 occupation code,Q12737077,occupation
P1021,KldB-2010 occupation code,Q215627,person
P10210,Sachsens Schlösser ID,Q41176,building
P10211,Index of Middle English Verse ID,Q482,poetry
P10211,Index of Middle English Verse ID,Q5185279,poem
P10212,Stack Exchange user ID,Q5,human
P10214,freedom of information requests URL,Q43229,organization
P10215,Casefile ID,Q5,human
P10215,Casefile ID,Q83267,crime
P10216,ILAB ID,Q200764,bookstore
P10219,CNSflora ID,Q43229,organization
P10219,CNSflora ID,Q5,human
P1022,CNO-11 occupation code,Q12737077,occupation
P1022,CNO-11 occupation code,Q215627,person
P10220,Baseball Prospectus ID,Q5,human
P10222,Artland artist ID,Q5,human
P10223,Genie music video ID,Q193977,music video
P10224,Regroupement québécois de la danse (RQD) ID,Q2393314,dance troupe
P10224,Regroupement québécois de la danse (RQD) ID,Q5,human
P10225,official shop URL,Q13226383,facility
P10225,official shop URL,Q1656682,event
P10225,official shop URL,Q17537576,creative work
P10225,official shop URL,Q2424752,product
P10225,official shop URL,Q431289,brand
P10225,official shop URL,Q847301,political campaign
P10226,Archivio Storico dell'Università degli Studi di Cagliari person ID,Q5,human
P10228,facilitates flow of,Q44782,port
P10228,facilitates flow of,Q8054,protein
P1023,SBC-2010 occupation code,Q12737077,occupation
P1023,SBC-2010 occupation code,Q215627,person
P10230,Viber group ID,Q43229,organization
P10230,Viber group ID,Q5,human
P10232,Volgograd Oblast address register,Q79007,street
P10236,Initiale ID,Q87167,manuscript
P10238,Biografisches Handbuch – Todesopfer der Grenzregime am Eisernen Vorhang ID,Q5,human
P10239,Filmovamista.cz film ID,Q2431196,audiovisual work
P1024,SBFI occupation code,Q12737077,occupation
P1024,SBFI occupation code,Q215627,person
P10240,Arthive person ID,Q5,human
P10241,individual of taxon,Q2239243,mythical creature
P10241,individual of taxon,Q40614,fossil
P10241,individual of taxon,Q8205328,artificial physical object
P10241,individual of taxon,Q95074,character
P10243,NatureServe Explorer ID,Q16521,taxon
P10243,NatureServe Explorer ID,Q37813,ecosystem
P10244,NT Place Names Register ID,Q7884789,toponym
P10244,NT Place Names Register ID,Q27096213,geographic entity
P10244,NT Place Names Register ID,Q43229,organization
P10244,NT Place Names Register ID,Q99018632,group of geographic locations
P10245,MedlinePlus drug identifier,Q12140,medication
P10246,MedlinePlus supplement identifier,Q12140,medication
P10246,MedlinePlus supplement identifier,Q16521,taxon
P10247,eurasian-defence.ru person ID,Q5,human
P10248,everyeye.it ID,Q7889,video game
P10249,Triple J Unearthed artist ID,Q2088357,musical ensemble
P10249,Triple J Unearthed artist ID,Q5,human
P1025,SUDOC editions,Q732577,publication
P1025,SUDOC editions,Q1266946,thesis
P1025,SUDOC editions,Q482994,album
P10250,Parque de la Memoria ID,Q5,human
P10251,Bokselskap.no ID,Q7725634,literary work
P10252,Digital Mechanism and Gear Library ID,Q43229,organization
P10252,Digital Mechanism and Gear Library ID,Q5,human
P10255,oKino.ua film ID,Q11424,film
P10255,oKino.ua film ID,Q5398426,television series
P10256,AMPAS collections item ID,Q103076,screenplay
P10256,AMPAS collections item ID,Q17537576,creative work
P10257,Pipe Organ Database organ ID,Q1444,organ
P10258,UNICA IRIS author ID,Q5,human
P10259,IRIS UNISS author ID,Q5,human
P1026,academic thesis,Q5,human
P10262,Offizielle Deutsche Charts album ID,Q169930,extended play
P10262,Offizielle Deutsche Charts album ID,Q482994,album
P10263,admission yield rate,Q2385804,educational institution
P10264,ARCHER ID,Q43229,organization
P10264,ARCHER ID,Q5,human
P10265,Senators of Spain (1834-1923) ID,Q5,human
P10266,AdoroCinema person ID,Q5,human
P10267,Kinofilms.ua film ID,Q11424,film
P10267,Kinofilms.ua film ID,Q5398426,television series
P10268,Kinofilms.ua actor ID,Q5,human
P10269,kino-teatr.ru film ID,Q11424,film
P10269,kino-teatr.ru film ID,Q5398426,television series
P1027,conferred by,Q14659,coat of arms
P1027,conferred by,Q214339,role
P1027,conferred by,Q230788,grant
P1027,conferred by,Q374814,certification
P1027,conferred by,Q618779,award
P10270,Hermitage Museum work ID,Q488383,object
P10271,Engineer's Line Reference,Q113990375,ELR railway line section
P10272,Archive ouverte UNIGE ID,Q5,human
P10274,Union of Bulgarian Composers ID,Q5,human
P10276,ENEA-IRIS Open Archive author ID,Q5,human
P10277,METRICA author ID,Q5,human
P1028,donated by,Q223557,physical object
P1028,donated by,Q386724,work
P1028,donated by,Q618779,award
P10280,category for honorary citizens of entity,Q27096213,geographic entity
P10283,OpenAlex ID,Q35120,entity
P10284,iCSO ID,Q43229,organization
P10285,Indeed company ID,Q43229,organization
P10287,DFG Science Classification,Q1047113,field of study
P10288,Muz-TV ID,Q2088357,musical ensemble
P10288,Muz-TV ID,Q5,human
P10289,Podchaser creator numeric ID,Q5,human
P10290,hotel rating,Q5056668,lodging
P10293,Tretyakov Gallery work ID,Q838948,work of art
P10296,Habr company ID,Q43229,organization
P10298,Sceneweb artist ID,Q5,human
P10299,Leopoldina member ID (new),Q5,human
P103,native language,Q215627,person
P103,native language,Q95074,character
P1030,light characteristic,Q7321258,beacon
P10301,Lobby Register of the German Bundestag ID,Q43229,organization
P10301,Lobby Register of the German Bundestag ID,Q5,human
P10302,Film.ru person ID,Q5,human
P10303,Film.ru film ID,Q11424,film
P10305,StarHit ID,Q5,human
P10306,North Data ID,Q5,human
P10306,North Data ID,Q15911314,association
P10306,North Data ID,Q163740,nonprofit organization
P10306,North Data ID,Q4830453,business
P10306,North Data ID,Q783794,company
P10308,director of publication,Q1002697,periodical
P10309,LKI ID,Q7889,video game
P1031,legal citation of this text,Q1505023,interpellation
P1031,legal citation of this text,Q223729,white paper
P1031,legal citation of this text,Q686822,bill
P1031,legal citation of this text,Q820655,statute
P1031,legal citation of this text,Q846882,sources of law
P1031,legal citation of this text,Q905765,command paper
P10310,Unified book number,Q571,book
P10312,AAGM artwork ID,Q17489659,group of works
P10312,AAGM artwork ID,Q838948,work of art
P10313,Domain suburb profile ID,Q188509,suburb
P10313,Domain suburb profile ID,Q7930989,city or town
P10314,Archivio Biografico Comunale (Palermo) ID,Q5,human
P10315,Artland fair ID,Q667276,art exhibition
P10317,Artland gallery ID,Q1007870,art gallery
P10318,Douban book series ID,Q277759,book series
P10319,Douban book works ID,Q47461344,written work
P10320,Les Archives du spectacle organization ID,Q43229,organization
P10321,Urban Electric Transit city ID,Q2221906,geographic location
P10324,Ezeri.lv lake ID,Q23397,lake
P10325,Japanese Canadian Artists Directory ID,Q43229,organization
P10325,Japanese Canadian Artists Directory ID,Q5,human
P10326,ICPSR Geographic Names Thesaurus ID,Q618123,geographical feature
P10327,ICPSR Organization Names Authority List ID,Q43229,organization
P10328,ICPSR Personal Names Authority List ID,Q5,human
P10330,Bugs! music video ID,Q193977,music video
P10331,Washington Native Plant Society Plant Directory ID,Q16521,taxon
P10333,New York Flora Atlas ID,Q16521,taxon
P10334,doollee.com literary agent ID,Q43229,organization
P10334,doollee.com literary agent ID,Q5,human
P10335,doollee.com play ID,Q7725634,literary work
P10336,doollee.com play publisher ID,Q2085381,publishing house
P10337,doollee.com playwright ID,Q43229,organization
P10337,doollee.com playwright ID,Q5,human
P1034,main food source,Q16521,taxon
P10341,Réseau documents d'artistes ID,Q4502119,art group
P10341,Réseau documents d'artistes ID,Q5,human
P10342,Linguistic Atlas of Late Mediaeval English ID,Q87167,manuscript
P10343,Key Biodiversity Areas factsheet ID,Q618123,geographical feature
P10344,Viki ID,Q17537576,creative work
P10345,Clavis Apocryphorum Novi Testamenti ID,Q6718887,New Testament apocrypha
P10347,World Economic Forum ID,Q5,human
P10348,USgamer ID,Q7889,video game
P10349,Podvig Naroda ID,Q49848,document
P10349,Podvig Naroda ID,Q5,human
P1035,honorific suffix,Q5,human
P1035,honorific suffix,Q95074,character
P10351,Turin University student ID,Q5,human
P10353,AusGamers ID,Q7889,video game
P10354,PlayGround.ru ID,Q7889,video game
P10355,Maritimt Magasin ship ID,Q1229765,watercraft
P10356,TV3 show ID,Q11424,film
P10356,TV3 show ID,Q1190554,occurrence
P10356,TV3 show ID,Q15416,television program
P10356,TV3 show ID,Q24856,film series
P10356,TV3 show ID,Q5398426,television series
P10359,IRIS UNIGE author ID,Q5,human
P10361,UKÄ classification of science topics 2016,Q2996394,biological process
P10361,UKÄ classification of science topics 2016,Q79529,chemical substance
P10361,UKÄ classification of science topics 2016,Q1047113,field of study
P10361,UKÄ classification of science topics 2016,Q109551565,sub-set of literature
P10361,UKÄ classification of science topics 2016,Q151885,concept
P10361,UKÄ classification of science topics 2016,Q34770,language
P10362,Lib.ru author ID,Q5,human
P10363,Hessian Literature Council author ID,Q5,human
P10364,Finnish real property ID,Q811979,architectural structure
P10365,GoodGame.ru ID,Q7889,video game
P10366,Gardens Navigator ID,Q16521,taxon
P10367,number of lanes,Q83620,thoroughfare
P10368,Tagoo video game ID,Q7889,video game
P10369,Lingua Libre ID,Q17376908,languoid
P10369,Lingua Libre ID,Q5,human
P1037,director / manager,Q15284636,presidential term
P1037,director / manager,Q13226383,facility
P1037,director / manager,Q14623646,fictional organization
P1037,director / manager,Q1656682,event
P1037,director / manager,Q20655472,editorial collection
P1037,director / manager,Q43229,organization
P10371,A9VG game ID,Q7889,video game
P10372,Offizielle Deutsche Charts person ID,Q5,human
P10373,Mnemosine ID,Q47461344,written work
P10373,Mnemosine ID,Q5,human
P10374,computational complexity,Q3435924,computational problem
P10375,Boris Yeltsin Presidential Library ID,Q5,human
P10377,Irish Registered Charity Number (RCN),Q43229,organization
P10378,CHY Number,Q43229,organization
P10379,dailytelefrag.ru ID,Q7889,video game
P1038,relative,Q14897293,fictional entity
P1038,relative,Q26401003,individual animal
P1038,relative,Q8436,family
P10382,Prosopographia Imperii Romani online ID,Q5,human
P10383,Game World Navigator ID,Q116779426,group of video games often treated as a singular game
P10383,Game World Navigator ID,Q7889,video game
P10384,Bugs! track ID,Q7302866,audio track
P10386,Databazeknih.cz work ID,Q47461344,written work
P10387,Databazeknih.cz author ID,Q5,human
P10387,Databazeknih.cz author ID,Q61002,pseudonym
P10388,MakeMyTrip hotel ID,Q5056668,lodging
P10389,Urban Electric Transit model ID,Q42889,vehicle
P10390,GameGuru ID,Q7889,video game
P10391,100-Year Guide to Hebrew Theatre person ID,Q5,human
P10392,INPA park ID,Q473972,protected area
P10393,Riot Pixels game ID,Q7889,video game
P10394,Old-Games.RU ID,Q7889,video game
P10396,SBN work ID,Q386724,work
P10397,SBN place ID,Q618123,geographical feature
P10397,SBN place ID,Q3238337,mythical location
P10397,SBN place ID,Q3895768,fictional location
P1040,film editor,Q10590726,video album
P1040,film editor,Q110879246,video work
P1040,film editor,Q1464125,web series episode
P1040,film editor,Q178651,interview
P10400,CBDB.cz author ID,Q16017119,collective pseudonym
P10400,CBDB.cz author ID,Q5,human
P10402,ULI ID,Q732577,publication
P10402,ULI ID,Q7725634,literary work
P10405,Biographisches Portal der Rabbiner ID,Q5,human
P10406,Latvia water body classification code,Q23397,lake
P1041,socket supported,Q1466064,processor
P10410,QQ Music artist ID,Q5,human
P10410,QQ Music artist ID,Q2088357,musical ensemble
P10410,QQ Music artist ID,Q431289,brand
P10410,QQ Music artist ID,Q95074,character
P10411,PubCRIS product number,Q2432100,veterinary drug
P10411,PubCRIS product number,Q2746959,agrochemical
P10412,PKULaw CLI Code,Q2334719,legal case
P10412,PKULaw CLI Code,Q2751586,resolution
P10412,PKULaw CLI Code,Q740464,legal act
P10412,PKULaw CLI Code,Q820655,statute
P10413,NVE glacier ID,Q35666,glacier
P10414,iXBT Games ID,Q116779426,group of video games often treated as a singular game
P10414,iXBT Games ID,Q7889,video game
P10417,Culture.ru person ID,Q5,human
P10418,Naver VIBE track ID,Q7302866,audio track
P1042,ZDB ID,Q2217301,serial
P1042,ZDB ID,Q8513,database
P1042,ZDB ID,Q105420,anthology
P10420,Index to Organism Names ID,Q16521,taxon
P10421,ELF code,Q43229,organization
P10422,Ghana Place Names URL,Q5,human
P10422,Ghana Place Names URL,Q1288568,modern language
P10422,Ghana Place Names URL,Q2221906,geographic location
P10422,Ghana Place Names URL,Q25295,language family
P10423,Historical Topography of Cultural Heritage object ID,Q2221906,geographic location
P10424,Refuge.tokyo video game ID,Q7889,video game
P10425,Trip.com hotel ID,Q5056668,lodging
P10426,tiket.com hotel ID,Q5056668,lodging
P10427,PegiPegi Hotel ID,Q5056668,lodging
P10428,parliament.uk member ID,Q5,human
P10429,RODI-DB player ID,Q5,human
P1043,IDEO Job ID,Q12737077,occupation
P1043,IDEO Job ID,Q215627,person
P10430,HockeySlovakia.sk player ID,Q5,human
P10432,MovieMeter series ID,Q98701476,television film broadcast in two parts
P10432,MovieMeter series ID,Q5398426,television series
P10432,MovieMeter series ID,Q581714,animated series
P10434,Gesher Theatre Archive play ID,Q7725634,literary work
P10437,GoHa.ru ID,Q7889,video game
P10439,Qichacha firm ID,Q43229,organization
P10440,WorldFootball.net match ID (old),Q12166442,association football match
P10441,Michigan Legislative Bio ID,Q5,human
P10442,hostelworld hostel ID,Q5056668,lodging
P10444,Encyclopedia of Russian avant-garde ID,Q309,history
P10444,Encyclopedia of Russian avant-garde ID,Q5,human
P10445,NetEase Music artist ID,Q5,human
P10445,NetEase Music artist ID,Q2088357,musical ensemble
P10445,NetEase Music artist ID,Q95074,character
P10446,Chgk person ID,Q5,human
P10447,Pamyat Naroda ID,Q5,human
P10448,Traveloka hotel ID,Q5056668,lodging
P10449,trained by,Q26401003,individual animal
P10451,Berlin Street ID,Q83620,thoroughfare
P10451,Berlin Street ID,Q863915,inland port
P10451,Berlin Street ID,Q174782,square
P10451,Berlin Street ID,Q22698,park
P10451,Berlin Street ID,Q23397,lake
P10451,Berlin Street ID,Q23442,island
P10451,Berlin Street ID,Q355304,watercourse
P10451,Berlin Street ID,Q55493,goods station
P10452,Renacyt ID,Q5,human
P10453,VGTimes ID,Q7889,video game
P10454,CineCartaz film ID,Q11424,film
P10455,JeuxActu ID,Q1656682,event
P10455,JeuxActu ID,Q43229,organization
P10455,JeuxActu ID,Q7058673,video game series
P10455,JeuxActu ID,Q7889,video game
P10456,Urban Electric Transit country ID,Q6256,country
P10459,Rusactors actor ID,Q5,human
P1046,discovery method,Q3132741,substellar object
P10460,Rusactors film ID,Q11424,film
P10460,Rusactors film ID,Q5398426,television series
P10462,Encyclopedia of Russian America ID,Q5,human
P10463,Dansk Navneleksikon ID,Q202444,given name
P10464,KLADR ID,Q79007,street
P10464,KLADR ID,Q174782,square
P10464,KLADR ID,Q2198484,municipal district
P10464,KLADR ID,Q43263,federal subject of Russia
P10464,KLADR ID,Q486972,human settlement
P10465,CiteSeerX person ID,Q5,human
P10466,CNKI author ID,Q5,human
P10467,naturkartan.se ID,Q33506,museum
P10467,naturkartan.se ID,Q2143825,hiking trail
P10467,naturkartan.se ID,Q473972,protected area
P10468,HaBima Archive play ID,Q25379,play
P10469,HaBima Archive person ID,Q5,human
P1047,Catholic Hierarchy person ID,Q5,human
P10470,Vedomosti company ID,Q43229,organization
P10471,GrabFood restaurant ID,Q11707,restaurant
P10472,Chinese School ID,Q2385804,educational institution
P10473,Drevo Encyclopedia ID,Q5,human
P10473,Drevo Encyclopedia ID,Q2031836,Eastern Orthodox church building
P10473,Drevo Encyclopedia ID,Q43229,organization
P10473,Drevo Encyclopedia ID,Q486972,human settlement
P10474,svpressa.ru person ID,Q5,human
P10475,GameMAG ID,Q7889,video game
P10477,ICQ user ID,Q43229,organization
P10478,Scottish Built Ships ID,Q1229765,watercraft
P10479,histrf.ru person ID,Q5,human
P10481,Mapping Manuscript Migrations manuscript ID,Q87167,manuscript
P10482,U.S. trademark serial number,Q167270,trademark
P10484,GoFood restaurant ID,Q11707,restaurant
P10485,Official Internet Portal of Legal Information ID,Q49371,legislation
P10485,Official Internet Portal of Legal Information ID,Q820655,statute
P10487,Skyscanner hotel ID,Q27686,hotel
P10488,NGO Darpan ID,Q163740,nonprofit organization
P10489,LDT @ Library Name Authority ID,Q43229,organization
P10489,LDT @ Library Name Authority ID,Q5,human
P1049,worshipped by,Q1509831,"titles of Mary, mother of Jesus"
P1049,worshipped by,Q207869,epithet
P1049,worshipped by,Q28855038,supernatural being
P1049,worshipped by,Q215627,person
P1049,worshipped by,Q4588528,sacred place
P1049,worshipped by,Q187616,relic
P1049,worshipped by,Q20830276,group of mythical characters
P1049,worshipped by,Q95074,character
P10492,USP Production Repository ID,Q88392887,part of a work
P10492,USP Production Repository ID,Q10383930,academic work
P10492,USP Production Repository ID,Q571,book
P10492,USP Production Repository ID,Q591041,scientific publication
P10492,USP Production Repository ID,Q838948,work of art
P10493,Transilien ID,Q618123,geographical feature
P10494,United Russia member ID,Q5,human
P10495,MovieMeter TV season ID,Q3464665,television series season
P10496,Joshua Project people group ID,Q2531956,ethnic minority group
P10496,Joshua Project people group ID,Q484416,caste
P10497,Moscow Street ID,Q174782,square
P10497,Moscow Street ID,Q34442,road
P10498,Moscow area ID,Q4389092,district of Moscow
P10499,vc.ru company ID,Q43229,organization
P105,taxon rank,Q15707583,fictional taxon
P105,taxon rank,Q16521,taxon
P1050,medical condition,Q14897293,fictional entity
P1050,medical condition,Q7239,organism
P1050,medical condition,Q4915012,biological pathway
P1050,medical condition,Q30612,clinical trial
P10500,Repetti on-line ID,Q618123,geographical feature
P10501,Cybersport.ru game ID,Q7889,video game
P10502,State Heraldic Register of the Russian Federation ID,Q112110,emblem
P10503,Québec Enterprise Number,Q43229,organization
P10505,ArTS author ID,Q5,human
P10506,IRIS UNIUD author ID,Q5,human
P10507,Game Informer ID,Q7889,video game
P10508,Ligue 2 player ID (archived),Q5,human
P10511,VideoGameGeek company ID,Q43229,organization
P10511,VideoGameGeek company ID,Q5,human
P10512,Encyclopedia of Krasnoyarsk Krai ID,Q5,human
P10512,Encyclopedia of Krasnoyarsk Krai ID,Q8134,economics
P10512,Encyclopedia of Krasnoyarsk Krai ID,Q43229,organization
P10512,Encyclopedia of Krasnoyarsk Krai ID,Q486972,human settlement
P10512,Encyclopedia of Krasnoyarsk Krai ID,Q56061,administrative territorial entity
P10515,Sport24.ru person ID,Q5,human
P10516,SINGULART artist ID,Q5,human
P10517,eBru ID,Q16970,church building
P10517,eBru ID,Q174782,square
P10517,eBru ID,Q33506,museum
P10517,eBru ID,Q483453,fountain
P10517,eBru ID,Q4989906,monument
P10517,eBru ID,Q79007,street
P1052,CPP-2010,Q12737077,occupation
P1052,CPP-2010,Q215627,person
P10521,ILO code,Q3150005,legal instrument
P10522,RedDoorz hotel ID,Q27686,hotel
P10523,Naver VIBE video ID,Q193977,music video
P10524,Zvuk artist ID,Q215627,person
P10524,Zvuk artist ID,Q18127,record label
P10524,Zvuk artist ID,Q2088357,musical ensemble
P10525,Italian Women Writers ID,Q5,human
P10526,RBC company ID,Q43229,organization
P10528,Madrean Discovery Expeditions Flora Database ID,Q16521,taxon
P10529,Madrean Discovery Expeditions Fauna Database ID,Q16521,taxon
P10530,Encyclopedia of Transbaikalia ID,Q43229,organization
P10530,Encyclopedia of Transbaikalia ID,Q618123,geographical feature
P10531,Encyclopedia of Transbaikalia person ID,Q5,human
P10532,Booking.com numeric ID,Q5056668,lodging
P10533,Agoda hotel numeric ID,Q5056668,lodging
P10534,Australian Reptile Online Database ID,Q16521,taxon
P10535,RSPA modern author ID,Q5,human
P10536,RSPA ancient author ID,Q5,human
P10537,1905.com film ID,Q11424,film
P10537,1905.com film ID,Q3464665,television series season
P10537,1905.com film ID,Q5398426,television series
P10538,Leafsnap ID,Q16521,taxon
P10539,ImagesDéfense ID,Q5,human
P1054,NDL Bib ID,Q386724,work
P10540,TASS Encyclopedia person ID,Q5,human
P10541,TASS Encyclopedia country ID,Q7275,state
P10544,cantilever sign,Q811979,architectural structure
P10545,Arizona State Legislators: Then & Now ID,Q5,human
P10546,db.narb.by ID,Q618123,geographical feature
P10548,Melon music video ID,Q193977,music video
P10549,Evil Angel movie ID,Q11424,film
P10550,ACE Repertory publisher ID,Q43229,organization
P10552,World of Waterfalls ID,Q34038,waterfall
P10553,IxTheo authority ID,Q5,human
P10553,IxTheo authority ID,Q15632617,fictional human
P10553,IxTheo authority ID,Q4271324,mythical character
P10553,IxTheo authority ID,Q43229,organization
P10554,BillionGraves grave ID,Q173387,grave
P10554,BillionGraves grave ID,Q5,human
P10555,eSbírky institution ID,Q178706,institution
P10557,Zotero ID,Q5,human
P10558,My World@Mail.Ru ID,Q43229,organization
P10558,My World@Mail.Ru ID,Q5,human
P10559,KSH code (historical),Q486972,human settlement
P1056,product or material produced,Q1183543,appliance
P1056,product or material produced,Q12737077,occupation
P1056,product or material produced,Q13226383,facility
P1056,product or material produced,Q1656682,event
P1056,product or material produced,Q1639378,social system
P1056,product or material produced,Q268592,industry
P1056,product or material produced,Q37654,market
P1056,product or material produced,Q5,human
P1056,product or material produced,Q629206,computer language
P1056,product or material produced,Q14897293,fictional entity
P1056,product or material produced,Q214609,material
P1056,product or material produced,Q31464082,source entity
P1056,product or material produced,Q3958441,economic sector
P1056,product or material produced,Q431289,brand
P1056,product or material produced,Q7397,software
P10561,Virginia Tech Dendrology Factsheets ID,Q10884,tree
P10561,Virginia Tech Dendrology Factsheets ID,Q16521,taxon
P10562,SPLC group ID,Q43229,organization
P10563,GuideStar India Organisations ID,Q43229,organization
P10564,NAF code v2,Q8187769,economic activity
P10567,Speleologi del passato ID,Q5,human
P10569,L'Humanité journalist ID,Q5,human
P1057,chromosome,Q7187,gene
P10570,L'Opinion journalist ID,Q5,human
P10571,Le Monde journalist ID,Q5,human
P10572,Le Figaro journalist ID,Q5,human
P10573,Le Parisien journalist ID,Q5,human
P10574,Les Échos journalist ID,Q5,human
P10575,Libération author ID,Q5,human
P10576,Intesa Sanpaolo Historical Archive Map ID,Q22687,bank
P10576,Intesa Sanpaolo Historical Archive Map ID,Q41176,building
P10576,Intesa Sanpaolo Historical Archive Map ID,Q5,human
P10578,IDU foreign theatre ID,Q18674739,event venue
P10578,IDU foreign theatre ID,Q43229,organization
P10578,IDU foreign theatre ID,Q5,human
P10579,IDU theatre building ID,Q41176,building
P1058,ERA Journal ID,Q1002697,periodical
P10580,IDU theatrical ensemble ID,Q742421,theatre company
P10583,SRSLY person ID,Q5,human
P10584,FAOTERM ID,Q1969448,term
P10585,Catalogue of Life ID,Q16521,taxon
P10586,Trovo ID,Q116741534,group of video games
P10586,Trovo ID,Q7889,video game
P1059,CVR number,Q43229,organization
P10591,traveloka restaurant ID,Q11707,restaurant
P10592,maPZS trails/locations ID,Q618123,geographical feature
P10593,Kinowiki ID (archived),Q41253,movie theater
P10594,taxonomic treatment,Q16521,taxon
P10595,Marriott hotel ID,Q27686,hotel
P10596,Chuvash Encyclopedia person ID,Q5,human
P10597,Chuvash Encyclopedia place ID,Q618123,geographical feature
P10599,HarperCollins product ID,Q571,book
P106,occupation,Q14897293,fictional entity
P106,occupation,Q729,Animalia
P106,occupation,Q7239,organism
P106,occupation,Q11012,robot
P106,occupation,Q61002,pseudonym
P1060,disease transmission process,Q12136,disease
P10601,co-applicant,Q947859,research proposal
P10602,applicant,Q947859,research proposal
P10606,notable role,Q729,Animalia
P10608,FID performing arts ID,Q5,human
P10608,FID performing arts ID,Q17537576,creative work
P10608,FID performing arts ID,Q43229,organization
P10608,FID performing arts ID,Q95074,character
P10611,has certification,Q121359,infrastructure
P10611,has certification,Q5,human
P10611,has certification,Q41176,building
P10611,has certification,Q43229,organization
P10611,has certification,Q7406919,service
P10612,choreography for,Q58483088,choreographic work
P10615,QQ Music album ID,Q108346082,release group
P10616,QQ Music track ID,Q55850593,music track with vocals
P10616,QQ Music track ID,Q55850643,music track without lyrics
P10617,Beatport track ID,Q55850593,music track with vocals
P10617,Beatport track ID,Q55850643,music track without lyrics
P10618,Salzburger Literatur Netz ID,Q5,human
P10619,Kramerius of Regional Library in Pardubice UUID,Q1002697,periodical
P10623,number of blood donors,Q43229,organization
P10624,official observer status in organization,Q43229,organization
P10630,medically indicated in case of,Q796194,medical procedure
P10632,OpenSanctions ID,Q5,human
P10632,OpenSanctions ID,Q11446,ship
P10632,OpenSanctions ID,Q4164871,position
P10632,OpenSanctions ID,Q43229,organization
P10635,National Associations Register Number Spain,Q43229,organization
P10636,number of conferences,Q623109,sports league
P10638,Iris-AperTO author ID,Q5,human
P10639,IRIS UNIUPO author ID,Q5,human
P10641,AlloCiné TV season ID,Q3464665,television series season
P10642,place of disappearance,Q215627,person
P10645,reports to,Q4164871,position
P10646,ARTEINFORMADO person ID,Q5,human
P10647,Slovak Olympic and Sports Committee athlete ID,Q5,human
P10648,podium finishes,Q5,human
P10652,International Jewish Cemetery Project ID,Q2221906,geographic location
P10653,VIA Rail Canada station code,Q55488,railway station
P10654,rack system,Q22667,railway
P10654,rack system,Q728937,railway line
P10655,oeconym,Q5,human
P10656,WikiApiary farm,Q15633582,MediaWiki wiki
P10656,WikiApiary farm,Q2166013,wiki hosting service
P10657,DTB artistic gymnast ID,Q5,human
P10658,Basketball Bundesliga player ID,Q5,human
P1066,student of,Q14897293,fictional entity
P1066,student of,Q5,human
P10661,exhibited creator,Q1656682,event
P10663,applies to work,Q14897293,fictional entity
P10664,featured track(s),Q1144661,amusement ride
P10664,featured track(s),Q110879246,video work
P10665,lieferando restaurant ID,Q11707,restaurant
P10667,ACNP library ID,Q7075,library
P10669,TV Maze season ID,Q3464665,television series season
P1067,Thailand central administrative unit code,Q1077333,administrative divisions of Thailand
P10670,Musik und Gender im Internet ID,Q5,human
P10671,MINEDEX project ID,Q820477,mine
P10672,raw material processed,Q39546,physical tool
P10672,raw material processed,Q83405,factory
P10673,debut date,Q5,human
P10673,debut date,Q215380,musical group
P10673,debut date,Q95074,character
P10678,100 Years of Alaska's Legislature bio ID,Q5,human
P10679,Aldiwan poet ID,Q5,human
P1068,instruction set,Q1815901,electronic circuit
P10680,franchisor,Q13226383,facility
P10680,franchisor,Q43229,organization
P10682,EIA plant ID,Q159719,power station
P10683,Uber Eats store ID,Q13226383,facility
P10684,Aldiwan poem ID,Q7725634,literary work
P10686,Library of the Haskala person ID,Q5,human
P10687,Google Fonts ID,Q17451,typeface
P10688,Personality Database work ID,Q386724,work
P10689,OpenStreetMap way ID,Q838948,work of art
P10689,OpenStreetMap way ID,Q27096213,geographic entity
P10689,OpenStreetMap way ID,Q43229,organization
P1069,Statistics Denmarks classification of occupation (DISCO-08),Q12737077,occupation
P1069,Statistics Denmarks classification of occupation (DISCO-08),Q215627,person
P10692,DBLP event ID,Q1656682,event
P10698,TEİS ID,Q5,human
P10701,Reflora ID,Q16521,taxon
P10703,bill number,Q452237,motion
P10703,bill number,Q686822,bill
P10703,bill number,Q820655,statute
P10705,Historic Oregon Newspapers ID,Q1002697,periodical
P10706,DACS ID (2022),Q5,human
P10709,North Carolina Extension Gardener Plant Toolbox ID,Q16521,taxon
P1071,location of creation,Q3658341,literary character
P1071,location of creation,Q728,weapon
P1071,location of creation,Q9779,alphabet
P1071,location of creation,Q978,meme
P1071,location of creation,Q214609,material
P1071,location of creation,Q386724,work
P1071,location of creation,Q43229,organization
P1071,location of creation,Q8205328,artificial physical object
P10711,Invasive.org species ID,Q16521,taxon
P10713,Biografiskt Lexikon för Finland ID (urn.fi),Q5,human
P10716,fanvue creator ID,Q5,human
P10718,CXSMILES,Q170409,functional group
P1072,readable file format,Q1044749,interface description language
P1072,readable file format,Q7397,software
P1072,readable file format,Q82753,computer file
P1072,readable file format,Q9143,programming language
P10720,WhoSampled track ID,Q55850593,music track with vocals
P10720,WhoSampled track ID,Q55850643,music track without lyrics
P10721,Identifiant Les Recteurs d'Académie en France,Q5,human
P10722,French Inspector General for Education (1802-1914) ID,Q5,human
P10723,The Guardian profile ID,Q5,human
P10727,GeoSciML ID,Q8063,rock
P10728,Présent author ID,Q5,human
P10729,finisher,Q5,human
P1073,writable file format,Q1044749,interface description language
P1073,writable file format,Q2858615,electronic device
P1073,writable file format,Q7397,software
P1073,writable file format,Q9143,programming language
P10730,Data Commons ID,Q35120,entity
P10731,support of a function,Q200726,probability distribution
P10732,probability mass function,Q200726,probability distribution
P10733,probability generating function,Q200726,probability distribution
P10734,Fisher information,Q200726,probability distribution
P10735,characteristic function,Q200726,probability distribution
P10736,cumulative distribution function,Q200726,probability distribution
P10737,quantile function,Q200726,probability distribution
P10738,mean of a probability distribution,Q200726,probability distribution
P10739,median of a probability distribution,Q200726,probability distribution
P1074,fictional or mythical analog of,Q14897293,fictional entity
P1074,fictional or mythical analog of,Q122397289,imaginary event
P1074,fictional or mythical analog of,Q24334685,mythical entity
P10740,mode of a probability distribution,Q200726,probability distribution
P10741,dance style,Q5,human
P10742,OBD Memorial ID,Q5,human
P10743,variance of a probability distribution,Q200726,probability distribution
P10744,skewness,Q200726,probability distribution
P10745,excess kurtosis,Q200726,probability distribution
P10746,information entropy,Q200726,probability distribution
P10747,moment-generating function,Q200726,probability distribution
P10749,Time.com author ID,Q5,human
P1075,rector,Q38723,higher education institution
P10750,Database of Art Objects at the Jeu de Paume ID,Q488383,object
P10751,declination component of proper motion,Q6999,astronomical object
P10752,right ascension component of proper motion,Q6999,astronomical object
P10755,Baidu Scholar paper ID,Q47461344,written work
P10755,Baidu Scholar paper ID,Q10870555,report
P10755,Baidu Scholar paper ID,Q317623,technical standard
P10758,TOBuilt ID,Q811979,architectural structure
P10759,Linz DB ID,Q838948,work of art
P10760,MCCP ID,Q838948,work of art
P10761,IRIS UNIFE author ID,Q5,human
P10762,IRIS UNIMORE author ID,Q5,human
P10763,IRIS UNIPR author ID,Q5,human
P10766,Chocolatey Community package ID,Q58481926,typeface family
P10766,Chocolatey Community package ID,Q7397,software
P10768,Similarweb ranking,Q35127,website
P10769,Kino-kolo film ID (archived),Q11424,film
P10769,Kino-kolo film ID (archived),Q15416,television program
P10769,Kino-kolo film ID (archived),Q24856,film series
P10770,netkeiba horse ID,Q726,horse
P10772,Lithuanian company code,Q43229,organization
P10773,Afisha movie ID,Q2431196,audiovisual work
P10774,art is next artist ID,Q5,human
P10776,HeHaCham HaYomi ID,Q5,human
P10777,candidate position,Q5,human
P10778,CPNI ID,Q16521,taxon
P10779,Collection Hermann Göring DB ID,Q838948,work of art
P1078,valvetrain configuration,Q630010,reciprocating engine
P10780,Radio France person ID,Q5,human
P10780,Radio France person ID,Q14897293,fictional entity
P10780,Radio France person ID,Q178706,institution
P10780,Radio France person ID,Q42998,orchestra
P10783,Umanity horse ID,Q726,horse
P10785,JBIS horse ID,Q726,horse
P10787,FactGrid property ID,Q18616576,Wikidata property
P1079,launch contractor,Q2133344,space mission
P1079,launch contractor,Q40218,spacecraft
P1079,launch contractor,Q5916,spaceflight
P10791,PlantFiles taxon ID,Q16521,taxon
P10792,Garden.org Plants Database ID,Q16521,taxon
P10793,Woody Plants Database ID,Q16521,taxon
P10794,Macaulay Library taxon ID,Q16521,taxon
P10797,Italian Chamber of Deputies parliamentary group ID,Q848197,parliamentary group
P10798,Midi libre journalist ID,Q5,human
P10799,Heiligen.net ID,Q5,human
P10799,Heiligen.net ID,Q10648343,duo
P10799,Heiligen.net ID,Q13406463,Wikimedia list article
P10799,Heiligen.net ID,Q1509831,"titles of Mary, mother of Jesus"
P10799,Heiligen.net ID,Q21070598,figure that may or may not be fictional
P10799,Heiligen.net ID,Q375011,religious holiday
P10799,Heiligen.net ID,Q51645,ecumenical council
P108,employer,Q215627,person
P108,employer,Q14897293,fictional entity
P108,employer,Q584529,humanoid robot
P1080,from narrative universe,Q14897293,fictional entity
P1080,from narrative universe,Q1999796,incantation
P1080,from narrative universe,Q24334685,mythical entity
P1080,from narrative universe,Q978,meme
P10801,Ukrainian Live Classic composer ID,Q5,human
P10803,Esports Earnings player ID,Q5,human
P10806,orchestrator,Q386724,work
P10807,HaBama person ID,Q5,human
P1081,Human Development Index,Q56061,administrative territorial entity
P10811,Scottish Highland Bridges ID,Q12280,bridge
P10812,Rusakters.ru ID,Q5,human
P10813,Proza.ru author ID,Q5,human
P10815,neftegaz.ru person ID,Q5,human
P10817,MAYA site company ID,Q891723,public company
P10819,Kino.mail.ru series ID,Q5398426,television series
P1082,population,Q189760,voting
P1082,population,Q28864185,proposed administrative territorial entity
P1082,population,Q3895768,fictional location
P1082,population,Q82794,region
P10820,Kino.mail.ru person ID,Q5,human
P10821,Kino.mail.ru film ID,Q11424,film
P10823,fastest laps,Q5,human
P10826,Talent Data Bank ID,Q5,human
P10827,IRIS UNIVAQ author ID,Q5,human
P10828,ARUd'A author ID,Q5,human
P10829,IRIS UNITE author ID,Q5,human
P1083,maximum capacity,Q132241,festival
P1083,maximum capacity,Q13226383,facility
P1083,maximum capacity,Q3914,school
P1083,maximum capacity,Q42889,vehicle
P1083,maximum capacity,Q811430,fixed construction
P10832,WorldCat Entities ID,Q11514315,historical period
P10832,WorldCat Entities ID,Q14897293,fictional entity
P10832,WorldCat Entities ID,Q16017119,collective pseudonym
P10832,WorldCat Entities ID,Q1656682,event
P10832,WorldCat Entities ID,Q17376908,languoid
P10832,WorldCat Entities ID,Q386724,work
P10832,WorldCat Entities ID,Q43229,organization
P10832,WorldCat Entities ID,Q5,human
P10832,WorldCat Entities ID,Q618123,geographical feature
P10832,WorldCat Entities ID,Q645883,military operation
P10833,Great Plant Picks ID,Q16521,taxon
P10834,BVMC organization ID,Q43229,organization
P10835,UK Beetles ID,Q16521,taxon
P10836,inker,Q1004,comics
P10837,penciller,Q1004,comics
P10838,Survey of Scottish Witchcraft - Case ID,Q66458810,witchcraft investigation
P10840,Yamaha Artists ID,Q2088357,musical ensemble
P10840,Yamaha Artists ID,Q5,human
P10841,ifwizz ID,Q7889,video game
P10842,IRFA ID,Q5,human
P10843,DeSmog ID,Q43229,organization
P10843,DeSmog ID,Q5,human
P10845,AdoroCinema series ID,Q5398426,television series
P10848,Beamish peerage database peerage ID,Q355567,noble title
P10849,Beamish peerage database person ID,Q5,human
P1085,LibraryThing work ID,Q5398426,television series
P1085,LibraryThing work ID,Q11424,film
P1085,LibraryThing work ID,Q13593818,film trilogy
P1085,LibraryThing work ID,Q47461344,written work
P10850,Kultboy video game ID,Q5519929,game creation system
P10850,Kultboy video game ID,Q7889,video game
P10851,Kultboy platform ID,Q241317,computing platform
P10852,Kultboy controller ID,Q865422,video game controller
P10853,Kultboy magazine ID,Q1002697,periodical
P10854,Kultboy company ID,Q5,human
P10855,opus number,Q115473170,group of musical works
P10855,opus number,Q379755,arrangement
P10856,National Archives of Australia entity ID,Q1006644,federal government
P10856,National Archives of Australia entity ID,Q1351282,crown colony
P10856,National Archives of Australia entity ID,Q5,human
P10856,National Archives of Australia entity ID,Q7448101,self-governing colony
P10857,WPBSA SnookerScores player ID,Q5,human
P1086,atomic number,Q37147,atomic nucleus
P10860,Yarkipedia ID,Q5,human
P10860,Yarkipedia ID,Q1190554,occurrence
P10860,Yarkipedia ID,Q43229,organization
P10864,Bibale ID,Q5,human
P10864,Bibale ID,Q43229,organization
P10864,Bibale ID,Q47461344,written work
P10865,WW2 Thesaurus Camp List ID,Q2221906,geographic location
P10865,WW2 Thesaurus Camp List ID,Q152081,concentration camp
P10865,WW2 Thesaurus Camp List ID,Q5996900,internment camp
P10866,IRIS UNIMOL author ID,Q5,human
P10867,MUSE publisher ID,Q43229,organization
P10868,France bleu journalist ID,Q5,human
P10869,HATVP organisation ID,Q43229,organization
P1087,Elo rating,Q5,human
P10870,Accademia dei Georgofili author ID,Q5,human
P10871,Delaware Division of Corporations file number,Q43229,organization
P10873,Mapping Museums ID,Q570116,tourist attraction
P10873,Mapping Museums ID,Q2668072,collection
P10873,Mapping Museums ID,Q33506,museum
P10873,Mapping Museums ID,Q3689421,destination marketing organization
P10876,CVX vaccine code,Q134808,vaccine
P10877,Applied Ecology Resources document ID,Q1266946,thesis
P10877,Applied Ecology Resources document ID,Q3099732,technical report
P10877,Applied Ecology Resources document ID,Q571,book
P10877,Applied Ecology Resources document ID,Q591041,scientific publication
P10878,ClimateCultures Directory ID,Q5,human
P10879,Hamburger Professorinnen- und Professorenkatalog ID,Q5,human
P10880,Catalogus Professorum (TU Berlin) person ID,Q5,human
P10881,Kieler Gelehrtenverzeichnis ID,Q5,human
P10882,Met Constituent ID,Q43229,organization
P10882,Met Constituent ID,Q5,human
P10884,Gitee username,Q5,human
P10884,Gitee username,Q9143,programming language
P10884,Gitee username,Q15632617,fictional human
P10884,Gitee username,Q1656682,event
P10884,Gitee username,Q317623,technical standard
P10884,Gitee username,Q43229,organization
P10884,Gitee username,Q7397,software
P10885,Anghami artist ID,Q5,human
P10885,Anghami artist ID,Q2088357,musical ensemble
P10885,Anghami artist ID,Q431289,brand
P10885,Anghami artist ID,Q95074,character
P10886,Austria-Forum person ID,Q5,human
P10887,Base Budé person ID,Q5,human
P10888,contains the statistical territorial entity,Q15642541,human-geographic territorial entity
P10889,Israeli Company Number,Q6881511,enterprise
P10889,Israeli Company Number,Q48204,voluntary association
P10889,Israeli Company Number,Q783794,company
P10892,Bioconductor project,Q7397,software
P10895,Broadway World person ID,Q43229,organization
P10895,Broadway World person ID,Q5,human
P10897,ORKG ID,Q5,human
P10897,ORKG ID,Q732577,publication
P10898,International Baccalaureate school ID,Q2385804,educational institution
P109,signature,Q10648343,duo
P109,signature,Q215627,person
P109,signature,Q8436,family
P109,signature,Q95074,character
P109,signature,Q146,cat
P1090,redshift,Q6999,astronomical object
P1090,redshift,Q751989,astronomical phenomenon
P10900,Telmore Musik artist ID,Q43229,organization
P10900,Telmore Musik artist ID,Q5,human
P10902,FirstCycling rider ID,Q5,human
P10903,Super Basketball League player ID,Q5,human
P10904,Sport24.ru team ID,Q12973014,sports team
P10904,Sport24.ru team ID,Q847017,sports club
P10905,P. League+ player ID,Q5,human
P10909,Theatrical Index person ID,Q5,human
P10910,Korean Academy of Science and Technology member ID,Q5,human
P10915,Associazione Italiana dei Paleografi e Diplomatisti member ID,Q5,human
P10917,PlaymakerStats.com stadium ID,Q483110,stadium
P10918,Liquipedia ID,Q1046315,level
P10918,Liquipedia ID,Q1569167,video game character
P10918,Liquipedia ID,Q48004378,esport competition
P10918,Liquipedia ID,Q5,human
P10918,Liquipedia ID,Q7889,video game
P10919,AEDA geographic keyword ID,Q27096213,geographic entity
P1092,total produced,Q2424752,product
P10921,AEDA taxonomic keyword ID,Q16521,taxon
P10922,TamTam chat ID,Q5,human
P10922,TamTam chat ID,Q1190554,occurrence
P10922,TamTam chat ID,Q386724,work
P10922,TamTam chat ID,Q4164871,position
P10922,TamTam chat ID,Q43229,organization
P10923,error-report URL or e-mail,Q7094076,online database
P10928,Archivio della ceramica person ID,Q5,human
P10929,Canadian Paralympic Committee athlete ID,Q5,human
P1093,gross tonnage,Q1229765,watercraft
P10931,ZOBODAT publication ID,Q47461344,written work
P10932,abART book series ID,Q277759,book series
P10933,Stan Radar dossier ID,Q5,human
P10934,Initia carminum Latinorum ID,Q7725634,literary work
P10935,IRIS UNISOB author ID,Q5,human
P10936,Apeiron author ID,Q5,human
P10937,IRIS UNIBOCCONI author ID,Q5,human
P10938,IRIS LUISS author ID,Q5,human
P10939,All-Russian Swimming Federation ID,Q5,human
P10940,Artistic Gymnastics Federation of Russia ID,Q5,human
P10941,Bobsleigh Federation of Russia ID,Q5,human
P10942,Russian Luge Federation ID,Q5,human
P10943,Rare Plant Fact Sheets ID,Q16521,taxon
P10944,Handball Federation of Russia ID,Q5,human
P10945,Russian Volleyball Federation ID,Q5,human
P10946,contraindicated in case of,Q796194,medical procedure
P10947,UNORA author ID,Q5,human
P10948,IRIS UNIPARTHENOPE author ID,Q5,human
P10949,IRIS UNICAMPANIA author ID,Q5,human
P10950,IRIS UNISANNIO author ID,Q5,human
P10951,Modstand person ID,Q5,human
P10952,elibrary.ru journal ID,Q5633421,scientific journal
P10952,elibrary.ru journal ID,Q737498,academic journal
P10953,elibrary.ru publisher ID,Q2085381,publishing house
P10954,Livelib.ru publisher ID,Q2085381,publishing house
P10958,Jewish Pediatricians 1933-1945 ID,Q5,human
P10959,All-Russian Sambo Federation ID,Q5,human
P1096,orbital eccentricity,Q5916,spaceflight
P1096,orbital eccentricity,Q40218,spacecraft
P1096,orbital eccentricity,Q6999,astronomical object
P10960,harvested organism(s),Q12737077,occupation
P10960,harvested organism(s),Q268592,industry
P10961,Bolshoi Theatre person ID,Q5,human
P10964,Federation Council reference ID,Q43229,organization
P10964,Federation Council reference ID,Q43263,federal subject of Russia
P10964,Federation Council reference ID,Q484215,federal district of Russia
P10964,Federation Council reference ID,Q5,human
P10965,Russian Football Union player ID,Q5,human
P10966,Repertorium hymnologicum ID,Q7725634,literary work
P10967,motocross.ru rider ID,Q5,human
P10968,Russian Paralympic Committee athlete ID,Q5,human
P10970,athletics.by person ID,Q5,human
P10971,British Paralympic Association athlete ID,Q5,human
P10972,Anghami album ID,Q108346082,release group
P10973,"Walther, Initia carminum ID",Q7725634,literary work
P10974,SecondHandSongs release ID,Q108346082,release group
P10975,Azerbaijan Olympic Committee athlete ID,Q5,human
P10976,Paralympics Australia athlete ID,Q5,human
P10978,Serbia Olympic Committee athlete ID (new),Q5,human
P10979,Singapore National Olympic Council athlete ID,Q5,human
P1098,"number of speakers, writers, or signers",Q17376908,languoid
P10980,Swedish Paralympic Committee athlete ID (archived),Q5,human
P10982,Real Time person ID,Q5,human
P10983,Real Time organization ID,Q43229,organization
P10984,Communist Party of the Russian Federation person ID,Q5,human
P10985,Rugby Federation of Russia athlete ID,Q5,human
P10986,Climbing Federation of Russia athlete ID,Q5,human
P10987,RailScot location ID,Q2221906,geographic location
P10987,RailScot location ID,Q811979,architectural structure
P10988,GIE gas storage ID,Q43229,organization
P10988,GIE gas storage ID,Q1349212,natural gas storage
P10988,GIE gas storage ID,Q15709854,liquefied natural gas terminal
P10989,RailScot line or company ID,Q728937,railway line
P10989,RailScot line or company ID,Q740752,transport company
P1099,number of masts,Q1075310,sailboat
P1099,number of masts,Q11446,ship
P10990,YAPPY profile ID,Q5,human
P10991,Business Online ID,Q5,human
P10992,Mariinsky Theatre person ID,Q5,human
P10993,izsambo.ru person ID,Q5,human
P10994,KFCB classification (Kenya),Q11424,film
P10995,National-Football-Teams.com coach ID,Q5,human
P10996,TGbus ID,Q7889,video game
P10997,TGbus franchise ID,Q7058673,video game series
P10998,AFC player ID,Q5,human
P110,illustrator,Q386724,work
P1100,number of cylinders,Q171043,steam locomotive
P1100,number of cylinders,Q630010,reciprocating engine
P11001,Moepedia ID,Q7889,video game
P11002,wrestdag.ru person ID,Q5,human
P11003,Scinapse author ID,Q5,human
P11005,Artsy artwork ID,Q17537576,creative work
P11006,Federation of Ski-Jumping and Nordic Combined of Russia ID,Q5,human
P11007,Freestyle Federation of Russia ID,Q5,human
P11009,Russian Trampoline Federation ID,Q5,human
P1101,floors above ground,Q811979,architectural structure
P11010,European Hockey Federation player ID,Q5,human
P11011,Shooting Union of Russia person ID,Q5,human
P11015,Planeta Belarus sight ID,Q2221906,geographic location
P11016,PTS+ programs ID,Q5398426,television series
P11016,PTS+ programs ID,Q11424,film
P11016,PTS+ programs ID,Q15416,television program
P11016,PTS+ programs ID,Q526877,web series
P11017,Turkish National Paralympic Committee athlete ID,Q5,human
P11018,South African Hockey Association player ID,Q5,human
P11019,Moroccan Olympic Committee athlete ID,Q5,human
P1102,flattening,Q6999,astronomical object
P11020,UCI rider ID,Q5,human
P11022,Garden Plant Finder ID,Q16521,taxon
P11023,Belgian Paralympic Committee athlete ID,Q5,human
P11024,Kazakhstan Olympic Committee athlete ID,Q5,human
P11025,Spiel des Jahres ID,Q1272194,tile-based game
P11025,Spiel des Jahres ID,Q131436,board game
P11025,Spiel des Jahres ID,Q1368898,game of skill
P11025,Spiel des Jahres ID,Q142714,card game
P11025,Spiel des Jahres ID,Q14947863,parlour game
P11025,Spiel des Jahres ID,Q1509934,children's game
P11025,Spiel des Jahres ID,Q1515156,dice game
P11026,Scientists of Belarus ID,Q5,human
P11027,Football 24 article ID (Russian),Q1076486,sports venue
P11027,Football 24 article ID (Russian),Q5,human
P11028,Football 24 article ID,Q1076486,sports venue
P11028,Football 24 article ID,Q5,human
P11029,BioNames author ID,Q43229,organization
P11029,BioNames author ID,Q5,human
P11030,Devil's Porridge Worker ID,Q5,human
P11031,Czech electoral party ID,Q7210356,political organization
P11032,Polish Paralympic Committee athlete ID,Q5,human
P11034,Gauss notation,Q1760728,link
P11035,crossing number,Q1760728,link
P11037,Springer Nature journal ID,Q1002697,periodical
P11037,Springer Nature journal ID,Q277759,book series
P11039,Anime Taizen ID,Q1107,anime
P1104,number of pages,Q516195,life hack
P1104,number of pages,Q11826511,scientific work
P1104,number of pages,Q1980247,chapter
P1104,number of pages,Q265158,review
P1104,number of pages,Q47461344,written work
P1104,number of pages,Q49848,document
P1104,number of pages,Q8205328,artificial physical object
P1104,number of pages,Q93288,contract
P11040,atletiek.nu athlete ID,Q5,human
P11041,kulturstiftung.org person ID,Q5,human
P11044,Colorado Plant Database ID,Q16521,taxon
P11045,Digital Foundry game ID,Q7889,video game
P11046,Internet Game Database game engine ID,Q146768,middleware
P11046,Internet Game Database game engine ID,Q188860,software library
P11047,Odnoklassniki artist ID,Q2088357,musical ensemble
P11047,Odnoklassniki artist ID,Q5,human
P11049,JioHotstar ID,Q11424,film
P11049,JioHotstar ID,Q15416,television program
P11049,JioHotstar ID,Q526877,web series
P11050,Odnoklassniki album ID,Q108346082,release group
P11057,Royal Collection (UK) ID,Q838948,work of art
P11058,Naver game lounge ID,Q7889,video game
P11059,IRIS UNIRC author ID,Q5,human
P1106,Sandbox-Quantity,Q14795564,point in time with respect to recurrent timeframe
P11060,IRIS UNICZ author ID,Q5,human
P11061,IRIS UNICAL author ID,Q5,human
P11063,USK ID,Q11410,game
P11064,Match TV person ID,Q5,human
P11067,UConn Plant Database ID,Q16521,taxon
P11072,Nintendo Switch title ID,Q7889,video game
P11073,ROSSIO ID,Q186081,time interval
P11073,ROSSIO ID,Q151885,concept
P11073,ROSSIO ID,Q2221906,geographic location
P11073,ROSSIO ID,Q43229,organization
P11073,ROSSIO ID,Q5,human
P11074,vPlants ID,Q16521,taxon
P11076,Biota Information System of New Mexico species ID,Q16521,taxon
P11077,VocaDB artist ID,Q5,human
P11077,VocaDB artist ID,Q15632617,fictional human
P11077,VocaDB artist ID,Q18127,record label
P11078,Naturbasen species ID,Q16521,taxon
P11081,won sets,Q2995644,result
P11082,Woody Plants Database cultivar ID,Q16521,taxon
P11085,Three Decks ship ID,Q1229765,watercraft
P11086,WebKit Feature Status feature ID,Q2101564,specification
P11087,eGardenGo plant ID,Q16521,taxon
P11088,Meta Store ID,Q166142,application software
P11088,Meta Store ID,Q7889,video game
P1109,refractive index,Q79529,chemical substance
P11090,Boomplay artist ID,Q5,human
P11090,Boomplay artist ID,Q2088357,musical ensemble
P11090,Boomplay artist ID,Q431289,brand
P11090,Boomplay artist ID,Q95074,character
P11091,Scottish Buildings at Risk ID,Q27096213,geographic entity
P11091,Scottish Buildings at Risk ID,Q860861,sculpture
P11092,Nebraska Invasive Species Program species ID,Q16521,taxon
P11096,LINCS small molecule ID,Q36496,ion
P11096,LINCS small molecule ID,Q79529,chemical substance
P11098,Tas Parliament member ID,Q5,human
P11099,VocaDB album ID,Q169930,extended play
P11099,VocaDB album ID,Q482994,album
P111,measured physical quantity,Q173227,physical constant
P111,measured physical quantity,Q47574,unit of measurement
P1110,attendance,Q1656682,event
P1110,attendance,Q386724,work
P11100,VocaDB track ID,Q55850593,music track with vocals
P11100,VocaDB track ID,Q55850643,music track without lyrics
P11102,JioSaavn album ID,Q108346082,release group
P11104,IAHR member ID,Q5,human
P11105,annotator,Q386724,work
P11107,SR-Archiv person ID,Q5,human
P11109,Onestop ID,Q740752,transport company
P11109,Onestop ID,Q1067164,transport service itinerary
P11109,Onestop ID,Q18325841,public transport network
P1111,votes received,Q189760,voting
P11110,Cleveland Museum of Art ID,Q488383,object
P11111,Female Physicians in the German Empire and the Weimar Republic ID,Q5,human
P11114,Illinois Plants ID,Q16521,taxon
P11115,IRIS UNIBAS author ID,Q5,human
P11116,Yarus feed ID,Q11033,mass media
P11117,Viveport ID,Q7397,software
P11119,RaiPlay ID,Q2431196,audiovisual work
P11120,Rai Teche person ID,Q5,human
P11121,Rai Teche program ID,Q15416,television program
P11126,Rowing Australia ID,Q5,human
P11127,MEXT school code,Q2385804,educational institution
P11128,SA Parliament member ID,Q5,human
P11132,Mod DB engine ID,Q7397,software
P11134,Croix et Calvaires de Bretagne ID,Q17172602,monumental cross
P11135,Project Identification Code (Dams),Q12323,dam
P11139,Ma Dada organisation ID,Q43229,organization
P11146,collection items at,Q1291195,location of discovery
P11146,collection items at,Q5,human
P11146,collection items at,Q366301,research expedition
P11148,AUTC heritage object ID,Q811979,architectural structure
P11149,MangaUpdates manga ID,Q1667921,novel series
P11149,MangaUpdates manga ID,Q562214,manhwa
P11149,MangaUpdates manga ID,Q747381,light novel
P11149,MangaUpdates manga ID,Q754669,manhua
P11149,MangaUpdates manga ID,Q7725634,literary work
P11149,MangaUpdates manga ID,Q8274,manga
P1115,ATVK ID,Q750277,administrative territorial entity of Latvia
P11153,BritBox ID (UK version),Q11424,film
P11153,BritBox ID (UK version),Q15416,television program
P11157,HiSCoD ID,Q124757,riot
P11160,Cannabis Database ID,Q79529,chemical substance
P11161,SR-Archiv band ID,Q215380,musical group
P11162,SR-Archiv company ID,Q43229,organization
P11163,island code of Indonesia,Q23442,island
P11164,SR-Archiv print media ID,Q1002697,periodical
P11166,EuDML work ID,Q1980247,chapter
P11166,EuDML work ID,Q10383930,academic work
P11166,EuDML work ID,Q11826511,scientific work
P11166,EuDML work ID,Q191067,article
P11166,EuDML work ID,Q571,book
P11168,JioSaavn artist ID,Q215380,musical group
P11168,JioSaavn artist ID,Q5,human
P1117,pKa,Q79529,chemical substance
P11172,England Hockey person ID,Q5,human
P11173,UWIND ID,Q5,human
P11175,FDIC Certificate ID,Q5260792,depository institution
P11176,Niconico ID,Q215627,person
P11176,Niconico ID,Q17537576,creative work
P11176,Niconico ID,Q95074,character
P11181,Brazilian aerodrome identification code,Q62447,aerodrome
P11187,ihg Hotel ID,Q27686,hotel
P11188,Conspiracy Watch ID,Q5,human
P11188,Conspiracy Watch ID,Q151885,concept
P11188,Conspiracy Watch ID,Q340169,communications media
P11188,Conspiracy Watch ID,Q43229,organization
P11189,Louisiana Plant ID,Q16521,taxon
P11190,WMOOV movie ID,Q11424,film
P11191,PGA of Australia player profile ID,Q5,human
P11197,build system,Q7397,software
P11198,DrugCentral ID,Q79529,chemical substance
P11199,Probes And Drugs ID,Q8386,drug
P112,founder,Q49773,social movement
P112,founder,Q71966963,religion or world view
P112,founder,Q14623646,fictional organization
P112,founder,Q15893266,former entity
P112,founder,Q1656682,event
P112,founder,Q17364638,fictional religion
P112,founder,Q2668072,collection
P112,founder,Q3895768,fictional location
P112,founder,Q4164871,position
P112,founder,Q431289,brand
P112,founder,Q58778,system
P112,founder,Q6056746,campaign
P112,founder,Q618123,geographical feature
P112,founder,Q618779,award
P112,founder,Q732577,publication
P112,founder,Q7397,software
P1120,number of deaths,Q14136353,fictional occurrence
P1120,number of deaths,Q11663,weather
P1120,number of deaths,Q1190554,occurrence
P11201,official demo URL,Q629206,computer language
P11201,official demo URL,Q7397,software
P11203,Musicsperlacobla composer ID,Q5,human
P11203,Musicsperlacobla composer ID,Q1917775,music publisher
P11203,Musicsperlacobla composer ID,Q215380,musical group
P11205,pinout,Q11653,electronic component
P11206,npm scope or username,Q5,human
P11206,npm scope or username,Q43229,organization
P11206,npm scope or username,Q7397,software
P11207,IRIS UNICT author ID,Q5,human
P11208,IRIS UNIME author ID,Q5,human
P11209,IRIS UNIPA author ID,Q5,human
P11210,IRIS UNIKORE author ID,Q5,human
P11211,Hlídač státu person ID,Q5,human
P11211,Hlídač státu person ID,Q15632617,fictional human
P11211,Hlídač státu person ID,Q61002,pseudonym
P11213,fedpress.ru person ID,Q5,human
P11215,OVO ID,Q43229,organization
P11216,Best Western hotel ID,Q5056668,lodging
P11218,New Zealand Legislation ID,Q49371,legislation
P11218,New Zealand Legislation ID,Q1572600,proclamation
P11218,New Zealand Legislation ID,Q3150005,legal instrument
P11218,New Zealand Legislation ID,Q686822,bill
P11218,New Zealand Legislation ID,Q820655,statute
P11219,Travel Weekly hotel ID,Q5056668,lodging
P1122,spin quantum number,Q1621273,particle
P11220,fruit color,Q16521,taxon
P11220,fruit color,Q3314483,fruit
P11220,fruit color,Q756,plant
P11221,email unsubscribe URL or email,Q2424752,product
P11221,email unsubscribe URL or email,Q43229,organization
P11222,Accor hotel ID,Q5056668,lodging
P11223,OpenCritic outlet ID,Q35127,website
P11223,OpenCritic outlet ID,Q11032,newspaper
P11223,OpenCritic outlet ID,Q41298,magazine
P11224,Aathavanitli Gani film ID,Q11424,film
P11226,Livres Hebdo ID,Q43229,organization
P11226,Livres Hebdo ID,Q5,human
P11227,AniList staff ID,Q5,human
P11227,AniList staff ID,Q783794,company
P11229,Golfdata ID,Q5,human
P11231,has biological vector,Q16521,taxon
P11235,Dams in Japan number,Q12323,dam
P11240,PIM publication ID,Q47461344,written work
P11241,Pittori Liguri ID,Q5,human
P11243,EPA ID,Q1002697,periodical
P11244,Databank Beschermheiligen anno 1959 ID,Q60075825,Christian holy day
P11244,Databank Beschermheiligen anno 1959 ID,Q1509831,"titles of Mary, mother of Jesus"
P11244,Databank Beschermheiligen anno 1959 ID,Q21070598,figure that may or may not be fictional
P11244,Databank Beschermheiligen anno 1959 ID,Q5,human
P11246,hackage package,Q7397,software
P11247,Observation.org location ID,Q618123,geographical feature
P11248,Diskograf artist ID,Q2088357,musical ensemble
P11248,Diskograf artist ID,Q5,human
P11249,KBR person ID,Q2085381,publishing house
P11249,KBR person ID,Q5,human
P11251,ILNM ID,Q473972,protected area
P11252,Trismegistos author ID,Q215627,person
P11252,Trismegistos author ID,Q15632617,fictional human
P11252,Trismegistos author ID,Q20643955,human biblical figure
P11255,Cinemaazi people ID,Q5,human
P11257,MAK Collection Online person ID,Q5,human
P11258,MAK Collection Online object ID,Q838948,work of art
P11259,BookWalker series ID (JP version),Q7725634,literary work
P11271,African American Visual Artists Database ID,Q5,human
P11271,African American Visual Artists Database ID,Q1400264,artist collective
P11271,African American Visual Artists Database ID,Q21076217,art project
P11272,Bureau of Meteorology location ID,Q23442,island
P11272,Bureau of Meteorology location ID,Q188509,suburb
P11272,Bureau of Meteorology location ID,Q3257686,locality
P11272,Bureau of Meteorology location ID,Q532,village
P11273,Epigraphic Database Heidelberg ID,Q1640824,inscription
P11276,Professional Referee Organization ID,Q5,human
P11277,CIViC gene ID,Q7187,gene
P1128,employees,Q13226383,facility
P1128,employees,Q43229,organization
P11281,Biographical Dictionary of the Australian Senate ID,Q5,human
P11282,Tanzania Parliament member ID,Q5,human
P11283,JCDb ID,Q1983062,episode
P11283,JCDb ID,Q11424,film
P11283,JCDb ID,Q15416,television program
P11283,JCDb ID,Q24856,film series
P1129,national team appearances,Q5,human
P11293,Amazon.com browse node,Q223557,physical object
P11293,Amazon.com browse node,Q2424752,product
P11294,TV Maze episode ID,Q1983062,episode
P11295,International Computer Game Collection work ID,Q7889,video game
P11296,Cultural Good of Croatia ID,Q2434238,heritage
P11296,Cultural Good of Croatia ID,Q4989906,monument
P113,airline hub,Q46970,airline
P11303,IRIS UNIBA author ID,Q5,human
P11304,IRIS UNIFG author ID,Q5,human
P11305,IRIS LUM author ID,Q5,human
P11306,IRIS UNISALENTO author ID,Q5,human
P11307,tuxDB game ID,Q7889,video game
P11308,GCD issue ID,Q1760610,comic book
P11310,ResearchGate journal ID,Q1002697,periodical
P11311,Lygaeoidea Species File ID (old),Q16521,taxon
P11312,Beatport release ID,Q108346082,release group
P11314,Diskograf label ID,Q18127,record label
P11315,INKR title ID,Q21198342,manga series
P11315,INKR title ID,Q754669,manhua
P1132,number of participants,Q321839,agreement
P1132,number of participants,Q1190554,occurrence
P1132,number of participants,Q14136353,fictional occurrence
P11320,Play:Right series ID,Q7058673,video game series
P11323,Mac OS creator code,Q235557,file format
P1133,Classified properties and protected areas of Wallonia ID,Q27096213,geographic entity
P11330,Crunchyroll series ID,Q11424,film
P11330,Crunchyroll series ID,Q15416,television program
P11331,CCFr document ID,Q49848,document
P11332,MTV Germany music video ID,Q193977,music video
P11333,Expertes ID,Q5,human
P11335,Shōsetsuka ni Narō work ID,Q7725634,literary work
P11336,Fascist Latin Texts author ID,Q5,human
P11338,worldofsam ID,Q7889,video game
P11339,Can I Play That? Games Codex game ID,Q116779426,group of video games often treated as a singular game
P11339,Can I Play That? Games Codex game ID,Q7889,video game
P11340,ntower ID,Q166142,application software
P11340,ntower ID,Q7889,video game
P11341,OpenStates person ID,Q5,human
P11342,Indiana State Historical Marker Program numeric ID,Q721747,commemorative plaque
P11343,The Israeli Opera person ID (heb),Q5,human
P11345,Cinematografo.it name or company ID (new),Q43229,organization
P11345,Cinematografo.it name or company ID (new),Q5,human
P11346,Cinematografo.it film ID (new),Q11424,film
P11346,Cinematografo.it film ID (new),Q5398426,television series
P11349,Anime-Planet anime ID,Q11425,animation
P11349,Anime-Planet anime ID,Q717122,Glove puppetry
P11349,Anime-Planet anime ID,Q11424,film
P1135,nomenclatural status,Q16521,taxon
P11351,Czech structural object ID,Q811979,architectural structure
P11352,Anime-Planet character ID,Q30061312,fictional liminal entity
P11352,Anime-Planet character ID,Q1114461,comics character
P11352,Anime-Planet character ID,Q15711870,animated character
P11352,Anime-Planet character ID,Q2593744,fictional creature
P11352,Anime-Planet character ID,Q30061294,supernatural being in a work of fiction
P11353,Anime-Planet people ID,Q5,human
P11353,Anime-Planet people ID,Q95074,character
P11354,Bandcamp release ID,Q108346082,release group
P11355,KOBIS film festival ID,Q220505,film festival
P11356,grading system,Q27318,test
P11357,MangaUpdates author ID,Q5,human
P11358,MangaUpdates publisher ID,Q2085381,publishing house
P11359,GBDB ID,Q7889,video game
P11361,Adventure's Planet ID,Q7889,video game
P11363,BookWalker series ID (global version),Q7725634,literary work
P11366,Archives West repository ID,Q166118,archives
P11366,Archives West repository ID,Q4431094,library special collection
P11366,Archives West repository ID,Q7075,library
P11368,Betrail runner ID,Q5,human
P11369,Bane NOR Network Statement ID (deprecated),Q55488,railway station
P11369,Bane NOR Network Statement ID (deprecated),Q728937,railway line
P1137,fossil found in this unit,Q3694119,stratigraphic unit
P11370,Canadian Broadcasting Corporation Gem ID,Q3464665,television series season
P11370,Canadian Broadcasting Corporation Gem ID,Q11424,film
P11370,Canadian Broadcasting Corporation Gem ID,Q15416,television program
P11371,Cimetière russe ID,Q5,human
P11372,CocoaPods pod,Q7397,software
P11374,Copernicus EMS ID,Q3839081,disaster
P11376,Game Boy hardware database ID,Q7889,video game
P11377,Sega-Saturn.net ID,Q7889,video game
P11378,DML-CZ publication ID,Q591041,scientific publication
P11378,DML-CZ publication ID,Q1143604,conference proceedings
P11378,DML-CZ publication ID,Q193495,monograph
P11379,Dongqiudi.com player ID,Q5,human
P1138,Kunstindeks Danmark Artist ID,Q5,human
P11380,ECOF saint ID,Q5,human
P11381,Famicom World ID,Q7889,video game
P11385,camera lens,Q15328,camera
P11387,image processor,Q62927,digital camera
P11388,Hilton Hotel ID,Q5056668,lodging
P1139,floors below ground,Q811430,fixed construction
P11390,IDG IT-ord ID,Q1969448,term
P11391,Nintendo World Report ID,Q4830453,business
P11391,Nintendo World Report ID,Q116779426,group of video games often treated as a singular game
P11391,Nintendo World Report ID,Q7889,video game
P11392,Nintendo-Online ID,Q7889,video game
P11393,RetroAchievements game ID,Q116741534,group of video games
P11393,RetroAchievements game ID,Q210167,video game developer
P11393,RetroAchievements game ID,Q7889,video game
P11394,Internet Sacred Text Archive ID,Q7725634,literary work
P11394,Internet Sacred Text Archive ID,Q9174,religion
P11396,KOBIS film company ID,Q104649845,film organization
P11398,LMI ID,Q2221906,geographic location
P11399,Mertens-Pack 3 Number,Q1358144,scholia
P11399,Mertens-Pack 3 Number,Q7725634,literary work
P11399,Mertens-Pack 3 Number,Q87167,manuscript
P114,airline alliance,Q46970,airline
P1140,EHAK id,Q618299,settlement
P11400,microtransaction.zone ID,Q7889,video game
P11401,note.com user ID,Q340169,communications media
P11401,note.com user ID,Q5,human
P11401,note.com user ID,Q618779,award
P11402,NSR doctor ID,Q5,human
P11403,Occitanie Livre et Lecture ID,Q5,human
P11403,Occitanie Livre et Lecture ID,Q43229,organization
P11403,Occitanie Livre et Lecture ID,Q58687420,cultural event
P11404,Oh!FM-7 ID,Q5,human
P11404,Oh!FM-7 ID,Q41298,magazine
P11404,Oh!FM-7 ID,Q4830453,business
P11404,Oh!FM-7 ID,Q7889,video game
P11405,Olympedia venue ID,Q27096213,geographic entity
P11406,CRAB ID,Q79007,street
P11407,Ozon person ID,Q5,human
P11409,Plazi reference ID,Q10383930,academic work
P1141,number of processor cores,Q1815901,electronic circuit
P1141,number of processor cores,Q1183543,appliance
P1141,number of processor cores,Q210729,electrical element
P11410,Programming Language Database ID,Q629206,computer language
P11411,Pocket Gamer ID,Q7889,video game
P11414,Museo Egizio in Turin ID,Q391414,architectural element
P11414,Museo Egizio in Turin ID,Q10855061,archaeological find
P11414,Museo Egizio in Turin ID,Q39546,physical tool
P11414,Museo Egizio in Turin ID,Q838948,work of art
P11415,image stabilizer,Q15328,camera
P11417,Le Grenier du Mac ID,Q7889,video game
P11418,RPG Site game ID,Q116779426,group of video games often treated as a singular game
P11418,RPG Site game ID,Q7889,video game
P11419,Classic Adventures Solution Archive game ID,Q7889,video game
P11424,service options,Q11707,restaurant
P11425,Dark Patterns Games ID,Q7889,video game
P11426,amstrad.es ID,Q7889,video game
P11428,Rugby League Record Keepers Club player ID,Q5,human
P11429,NIP,Q5,human
P1143,BN (Argentine) editions,Q571,book
P11431,DBpia journal ID,Q1002697,periodical
P11431,DBpia journal ID,Q1193236,news media
P11432,Garuda journal ID,Q737498,academic journal
P11433,Hungarian Film Archive person ID,Q5,human
P11434,ComingSoon.it person ID,Q5,human
P11436,DBpia publisher ID,Q15265344,broadcaster
P11436,DBpia publisher ID,Q2085381,publishing house
P11437,Disused stations ID,Q55488,railway station
P11438,MQWW poet ID,Q5,human
P11439,Nîmes cemeteries ID,Q5,human
P1144,Library of Congress item ID (LCCN bibliographic),Q34508,video recording
P1144,Library of Congress item ID (LCCN bibliographic),Q11424,film
P1144,Library of Congress item ID (LCCN bibliographic),Q169930,extended play
P1144,Library of Congress item ID (LCCN bibliographic),Q187947,sheet music
P1144,Library of Congress item ID (LCCN bibliographic),Q3302947,audio recording
P1144,Library of Congress item ID (LCCN bibliographic),Q4006,map
P1144,Library of Congress item ID (LCCN bibliographic),Q482994,album
P1144,Library of Congress item ID (LCCN bibliographic),Q7094076,online database
P1144,Library of Congress item ID (LCCN bibliographic),Q732577,publication
P1144,Library of Congress item ID (LCCN bibliographic),Q87167,manuscript
P11440,REGON ID,Q43229,organization
P11441,Shōsetsuka ni Narō user ID,Q5,human
P11442,SINTA journal ID,Q5633421,scientific journal
P11443,SINTA author ID,Q5,human
P11444,SMA ID,Q5,human
P11445,Spiritains ID,Q5,human
P11446,Strazha ID,Q5,human
P11447,Tabelog restaurant ID,Q11707,restaurant
P11449,TV Maze person ID,Q5,human
P1145,Lagrangian point,Q15101896,asteroid classification
P1145,Lagrangian point,Q223557,physical object
P11451,utas.hu ID,Q494829,bus station
P11451,utas.hu ID,Q55488,railway station
P11451,utas.hu ID,Q953806,bus stop
P11452,VG-lista album ID,Q482994,album
P11454,Afisha person ID,Q5,human
P11455,Catalogo storico ragionato degli scrittori sardi dal IV al XXI secolo ID,Q5,human
P11458,Wyndham hotel ID,Q27686,hotel
P11459,VideoGameGeek series/franchise ID,Q196600,media franchise
P1146,World Athletics athlete ID,Q5,human
P11460,Plex media key,Q11424,film
P11460,Plex media key,Q15416,television program
P11460,Plex media key,Q24856,film series
P11460,Plex media key,Q3464665,television series season
P11460,Plex media key,Q526877,web series
P11460,Plex media key,Q5398426,television series
P11462,Africultures structure ID,Q2001305,television channel
P11462,Africultures structure ID,Q43229,organization
P11463,travel advisory category,Q6256,country
P11465,Military Historical Archive exile army member ID,Q5,human
P11466,The Israeli Opera (English) person ID,Q5,human
P11467,J.League referee ID,Q5,human
P11469,VG-lista track ID,Q55850593,music track with vocals
P11469,VG-lista track ID,Q55850643,music track without lyrics
P11470,Webtoon creator ID,Q5,human
P11471,Wikirate Company ID,Q43229,organization
P11472,Yahoo! Japan News publisher ID,Q11033,mass media
P11475,Dictionary of Variant Chinese Characters ID,Q29654788,Unicode character
P11476,eBookJapan book series ID,Q7725634,literary work
P11478,Matrix room ID,Q7397,software
P1148,neutron number,Q37147,atomic nucleus
P11486,1001Tracklists track ID,Q55850593,music track with vocals
P11486,1001Tracklists track ID,Q55850643,music track without lyrics
P11487,1001Tracklists DJ ID,Q2088357,musical ensemble
P11487,1001Tracklists DJ ID,Q5,human
P11489,1001Tracklists source ID,Q868557,music festival
P11489,1001Tracklists source ID,Q14350,radio station
P11489,1001Tracklists source ID,Q1555508,radio program
P11489,1001Tracklists source ID,Q811979,architectural structure
P11490,MyAnimeList company ID,Q783794,company
P11491,member of Roman tribe,Q14897293,fictional entity
P11491,member of Roman tribe,Q5,human
P11492,MQWW work ID,Q17537576,creative work
P11492,MQWW work ID,Q47461344,written work
P11494,Kitsu manga ID,Q1004,comics
P11494,Kitsu manga ID,Q1667921,novel series
P11494,Kitsu manga ID,Q747381,light novel
P11494,Kitsu manga ID,Q7725634,literary work
P11495,Kitsu anime ID,Q717122,Glove puppetry
P11495,Kitsu anime ID,Q1107,anime
P11495,Kitsu anime ID,Q11424,film
P11496,CiNii Research ID,Q386724,work
P115,home venue,Q43229,organization
P115,home venue,Q13406554,sports competition
P115,home venue,Q16510064,sporting event
P11501,ComicWalker content ID,Q21198342,manga series
P11502,The Numbers franchise ID,Q196600,media franchise
P11504,J-STAGE journal ID,Q1143604,conference proceedings
P11504,J-STAGE journal ID,Q2217301,serial
P11505,Film.ru serial ID,Q5398426,television series
P11506,IRIS UNITN author ID,Q5,human
P11510,ARCA author ID,Q5,human
P11511,Air Iuav author ID,Q5,human
P11513,Hungarian Football Federation player ID,Q5,human
P11515,MangaSeek work ID,Q8274,manga
P11525,PR TIMES company ID,Q43229,organization
P11527,applies to use with property,Q18616576,Wikidata property
P11528,NPB umpire ID,Q5,human
P11529,Magazine Pocket series ID,Q8274,manga
P11530,addons.mozilla.org user,Q5,human
P11530,addons.mozilla.org user,Q9143,programming language
P11530,addons.mozilla.org user,Q15632617,fictional human
P11530,addons.mozilla.org user,Q1656682,event
P11530,addons.mozilla.org user,Q317623,technical standard
P11530,addons.mozilla.org user,Q43229,organization
P11530,addons.mozilla.org user,Q7397,software
P11531,Packagist username,Q5,human
P11531,Packagist username,Q9143,programming language
P11531,Packagist username,Q15632617,fictional human
P11531,Packagist username,Q1656682,event
P11531,Packagist username,Q317623,technical standard
P11531,Packagist username,Q43229,organization
P11531,Packagist username,Q7397,software
P11532,Hackage username,Q5,human
P11532,Hackage username,Q9143,programming language
P11532,Hackage username,Q15632617,fictional human
P11532,Hackage username,Q1656682,event
P11532,Hackage username,Q317623,technical standard
P11532,Hackage username,Q43229,organization
P11532,Hackage username,Q7397,software
P11533,RubyGems username,Q5,human
P11533,RubyGems username,Q9143,programming language
P11533,RubyGems username,Q15632617,fictional human
P11533,RubyGems username,Q1656682,event
P11533,RubyGems username,Q317623,technical standard
P11533,RubyGems username,Q43229,organization
P11533,RubyGems username,Q7397,software
P11534,PyPI username,Q5,human
P11534,PyPI username,Q9143,programming language
P11534,PyPI username,Q15632617,fictional human
P11534,PyPI username,Q1656682,event
P11534,PyPI username,Q317623,technical standard
P11534,PyPI username,Q43229,organization
P11534,PyPI username,Q7397,software
P11537,Glitchwave franchise ID,Q196600,media franchise
P11537,Glitchwave franchise ID,Q431289,brand
P11538,Glitchwave game company ID,Q1137109,video game publisher
P11538,Glitchwave game company ID,Q210167,video game developer
P11539,Glitchwave game ID,Q7889,video game
P1154,Scopus EID,Q47461344,written work
P11540,Glitchwave platform ID,Q241317,computing platform
P11541,Glitchwave character ID,Q1569167,video game character
P11542,Kunstbulletin artist ID,Q1400264,artist collective
P11542,Kunstbulletin artist ID,Q5,human
P11545,British Music Collection composer ID,Q5,human
P11546,Los Angeles County Medical Examiner's Office Case Search person ID,Q5,human
P11547,Happy Planet Index score,Q6256,country
P11548,Roblox experience ID,Q113574332,Roblox experience
P11549,WW1 fallen/missing soldier ID (MHA),Q5,human
P11550,RISM siglum,Q43229,organization
P11551,N-Anime anime ID,Q1107,anime
P11552,N-Anime seiyū ID,Q5,human
P11553,Livres Hebdo author ID,Q5,human
P11555,Kunstbulletin institution ID,Q1656682,event
P11555,Kunstbulletin institution ID,Q43229,organization
P11559,TikTok location ID,Q2221906,geographic location
P1156,Scopus source ID,Q2217301,serial
P11563,Real Academia de Doctores de España ID,Q5,human
P11564,AllMovie genre ID,Q3001152,movement in cinema
P11565,authors.gr ID,Q5,human
P11570,Database of Photography Books profile ID,Q43229,organization
P11570,Database of Photography Books profile ID,Q5,human
P11572,DOSBox Compatibility ID,Q7397,software
P11573,Internet Game Database franchise ID,Q7058673,video game series
P11574,Professional shogi player number,Q5,human
P11578,Qobuz artist numeric ID,Q5,human
P11578,Qobuz artist numeric ID,Q215380,musical group
P11578,Qobuz artist numeric ID,Q95074,character
P1158,location of landing,Q42889,vehicle
P1158,location of landing,Q5916,spaceflight
P11585,ESPN.com tennis player ID,Q5,human
P11587,Iowa legislator ID,Q5,human
P11588,Rate Your Music film genre ID,Q3001152,movement in cinema
P1159,CODEN,Q2217301,serial
P11590,stamp perforation,Q37930,postage stamp
P11591,Museu Paulista iconography ID,Q838948,work of art
P11592,Museu Paulista objects ID,Q838948,work of art
P11593,Inequality-adjusted Human Development Index,Q56061,administrative territorial entity
P11594,Spreaker show ID,Q1555508,radio program
P11595,TVer series ID,Q5398426,television series
P11596,TVer talent ID,Q5,human
P11597,Padua Research Archive author ID,Q5,human
P11598,Rate Your Music film ID,Q11424,film
P11598,Rate Your Music film ID,Q24856,film series
P11599,Fonts In Use identifier,Q17451,typeface
P11599,Fonts In Use identifier,Q58481926,typeface family
P1160,ISO 4 abbreviation,Q737498,academic journal
P11600,Rate Your Music venue ID,Q17350442,venue
P11601,beniculturali.it place ID,Q618123,geographical feature
P11603,transcribed by,Q47461344,written work
P11604,Soprintendenza di Salerno place ID,Q618123,geographical feature
P11606,Mosfilm movie ID,Q11424,film
P11607,Mosfilm person ID,Q5,human
P11608,Adventure Game Studio game ID,Q7889,video game
P1161,Z39.5 abbreviation,Q5633421,scientific journal
P11610,National Grid Balancing Mechanism unit ID,Q159719,power station
P11611,Norwegian media rating,Q11424,film
P11613,SACEM Museum artist ID,Q5,human
P11613,SACEM Museum artist ID,Q1917775,music publisher
P11613,SACEM Museum artist ID,Q215380,musical group
P11614,WSJ article ID,Q191067,article
P11615,InfluenceWatch ID,Q49773,social movement
P11615,InfluenceWatch ID,Q5,human
P11615,InfluenceWatch ID,Q35127,website
P11615,InfluenceWatch ID,Q43229,organization
P11615,InfluenceWatch ID,Q820655,statute
P11616,World Sailing sailor ID (archived),Q5,human
P11617,WiKirby ID,Q1137109,video game publisher
P11617,WiKirby ID,Q1569167,video game character
P11617,WiKirby ID,Q3895768,fictional location
P11617,WiKirby ID,Q7889,video game
P11619,Full Fact ID,Q43229,organization
P11619,Full Fact ID,Q5,human
P11620,Hungarian National Namespace place ID (new),Q618123,geographical feature
P11621,Hungarian National Namespace person ID (new),Q15632617,fictional human
P11621,Hungarian National Namespace person ID (new),Q5,human
P11622,Rate Your Music concert ID,Q1656682,event
P11624,HAA member ID (former scheme),Q5,human
P11625,Spotify user ID,Q340169,communications media
P11625,Spotify user ID,Q1076486,sports venue
P11625,Spotify user ID,Q1656682,event
P11625,Spotify user ID,Q43229,organization
P11625,Spotify user ID,Q5,human
P11626,Vintage Fashion Guild label,Q5,human
P11626,Vintage Fashion Guild label,Q1618899,fashion label
P11626,Vintage Fashion Guild label,Q4830453,business
P11627,Lighthouse Directory page,Q39715,lighthouse
P11628,Biographical Dictionary of Emigrants of Georgia ID,Q5,human
P11629,Fréjus et Toulon ID,Q5,human
P1163,media type,Q174989,file system
P1163,media type,Q15836568,computer network protocol
P1163,media type,Q235557,file format
P1163,media type,Q9143,programming language
P11630,Swiss Games Garden game ID,Q7889,video game
P11631,ERA ID,Q55488,railway station
P11633,colocated with,Q1656682,event
P11634,Russian Second League player ID,Q5,human
P11635,Modrinth project ID,Q1315933,game server
P11635,Modrinth project ID,Q865493,video game mod
P11636,Akademi Kernewek ID,Q27096213,geographic entity
P11637,Wattpad username,Q5,human
P11638,The Counted person ID,Q5,human
P11639,L’Équipe football team ID,Q15944511,association football team
P11639,L’Équipe football team ID,Q476028,association football club
P1164,group cardinality,Q1057968,finite group
P11641,explain xkcd ID,Q5,human
P11641,explain xkcd ID,Q15632617,fictional human
P11641,explain xkcd ID,Q7725634,literary work
P11641,explain xkcd ID,Q838795,comic strip
P11643,CurseForge project ID,Q865493,video game mod
P11644,STS program ID,Q11424,film
P11644,STS program ID,Q15416,television program
P11648,Syoboi Calendar series ID,Q2431196,audiovisual work
P1165,home world,Q15707583,fictional taxon
P1165,home world,Q95074,character
P11650,Moscow University Herbarium ID,Q16521,taxon
P11653,IRIS UNICAMPUS author ID,Q5,human
P11654,IRIS UNIECAMPUS author ID,Q5,human
P11655,IRISanRaf author ID,Q5,human
P11656,Epigraphik-Datenbank Clauss / Slaby ID,Q1640824,inscription
P11657,NTV program ID,Q15416,television program
P11658,Faber Music music ID,Q379755,arrangement
P11659,Faber Music composer ID,Q5,human
P11660,Boosey & Hawkes music ID,Q379755,arrangement
P11661,Wise Music Classical work ID,Q379755,arrangement
P11664,Wise Music Classical composer ID,Q5,human
P11666,Norwegian Offshore Directorate field ID,Q1349255,natural gas field
P11666,Norwegian Offshore Directorate field ID,Q211748,oil field
P11669,PlaymakerStats.com competition ID,Q500834,tournament
P1167,USB vendor ID,Q43229,organization
P11670,Electrodoc person ID,Q5,human
P11671,Archivarta ID,Q8205328,artificial physical object
P11672,CassiOpeA author ID,Q5,human
P11673,IRIS UNIROMA2 author ID,Q5,human
P11674,IRIS UNIROMA3 author ID,Q5,human
P11675,Sjøhistorie ship ID,Q1229765,watercraft
P11676,electrocd artist ID,Q2088357,musical ensemble
P11676,electrocd artist ID,Q5,human
P11677,Köztérkép work ID,Q838948,work of art
P11678,ForPost person ID,Q5,human
P11679,Crimean virtual necropolis persons ID,Q5,human
P1168,municipality code (Denmark),Q2177636,municipality of Denmark
P11680,eTK ID,Q47461344,written work
P11681,eVK2 ID,Q47461344,written work
P11682,Ivi work ID,Q11424,film
P11682,Ivi work ID,Q5398426,television series
P11683,Ivi person ID,Q26401003,individual animal
P11684,Saint Petersburg Conservatory person ID,Q5,human
P11685,Hungarian National Namespace organisation ID (new),Q43229,organization
P11686,University of Barcelona authority ID,Q5,human
P11686,University of Barcelona authority ID,Q17537576,creative work
P11686,University of Barcelona authority ID,Q21070598,figure that may or may not be fictional
P11686,University of Barcelona authority ID,Q43229,organization
P11686,University of Barcelona authority ID,Q618123,geographical feature
P11687,Kinoglaz film ID,Q11424,film
P11688,MobyGames game ID,Q116779426,group of video games often treated as a singular game
P11688,MobyGames game ID,Q7889,video game
P11689,MobyGames company ID,Q431289,brand
P11689,MobyGames company ID,Q43229,organization
P11690,MobyGames group ID,Q5519943,game jam
P11690,MobyGames group ID,Q559618,fictional universe
P11690,MobyGames group ID,Q107647829,video game mechanic
P11690,MobyGames group ID,Q146768,middleware
P11690,MobyGames group ID,Q196600,media franchise
P11691,Feminae record ID,Q386724,work
P11692,Alexandria UniSG person ID,Q5,human
P11693,OpenStreetMap node ID,Q670985,millstone
P11693,OpenStreetMap node ID,Q838948,work of art
P11693,OpenStreetMap node ID,Q123349687,geographically localized event
P11693,OpenStreetMap node ID,Q27096213,geographic entity
P11693,OpenStreetMap node ID,Q43229,organization
P11695,literatura.lv ID,Q5,human
P11695,literatura.lv ID,Q178706,institution
P11695,literatura.lv ID,Q43229,organization
P11695,literatura.lv ID,Q47461344,written work
P11695,literatura.lv ID,Q618779,award
P11696,Newguineaworld ID,Q25295,language family
P11696,Newguineaworld ID,Q34770,language
P11697,Ticino Scienza IBSA Foundation ID,Q5,human
P11698,student retention rate,Q2385804,educational institution
P11699,China movable cultural relic ID,Q49848,document
P11699,China movable cultural relic ID,Q17537576,creative work
P11699,China movable cultural relic ID,Q223557,physical object
P11699,China movable cultural relic ID,Q2342494,collectable
P1170,transmitted signal type,Q2424752,product
P11701,TASVideos game ID,Q7889,video game
P11704,INEP ID,Q2385804,educational institution
P11706,Aligulac player ID,Q5,human
P11708,U.S. Epigraphy Project ID,Q1640824,inscription
P11709,Artist Directory ID,Q5,human
P1171,approximation algorithm,Q11348,function
P1171,approximation algorithm,Q11563,number
P11710,LIBRA Unine ID,Q5,human
P11711,Litres author ID,Q5,human
P11712,NHF club ID,Q847017,sports club
P11713,Patreon user numeric ID,Q5,human
P11713,Patreon user numeric ID,Q17537576,creative work
P11713,Patreon user numeric ID,Q35127,website
P11713,Patreon user numeric ID,Q43229,organization
P11716,Russiancinema.ru person ID,Q5,human
P11717,Aisberg author ID,Q5,human
P11718,OPENBS author ID,Q5,human
P11719,Bicocca Open Archive author ID,Q5,human
P1172,Geokod,Q615980,parish of the Church of Sweden
P1172,Geokod,Q11722303,rural municipality of Sweden and Finland
P1172,Geokod,Q200547,county of Sweden
P1172,Geokod,Q313354,hundred
P11720,IRInSubria author ID,Q5,human
P11721,cybersport.ru player ID,Q5,human
P11722,Boomplay release ID,Q108346082,release group
P11723,IRIS HUNIMED author ID,Q5,human
P11724,IRIS UNISR author ID,Q5,human
P11725,PubliCatt author ID,Q5,human
P11726,FantLab dictor ID,Q5,human
P11728,Portráidí ID,Q5,human
P11730,Warsaw Uprising insurgent ID,Q5,human
P11732,Databáze sérií ID,Q277759,book series
P11735,AML ID,Q5,human
P11736,AniList character ID,Q15632617,fictional human
P11736,AniList character ID,Q3658341,literary character
P11736,AniList character ID,Q80447738,anime character
P11739,Moly.hu author ID,Q5,human
P1174,visitors per year,Q178706,institution
P1174,visitors per year,Q27096213,geographic entity
P1174,visitors per year,Q464980,exhibition
P11741,SINTA affiliation ID,Q43229,organization
P11742,Hall of Light developer ID,Q43229,organization
P11743,Hall of Light publisher ID,Q1137109,video game publisher
P11744,Hall of Light artist ID,Q5,human
P11745,Kinoglaz person ID,Q5,human
P11747,holds diplomatic passport of,Q5,human
P11748,Kino1TV ID,Q5398426,television series
P11748,Kino1TV ID,Q11424,film
P11748,Kino1TV ID,Q15416,television program
P11749,Channel One Russia Worldwide program ID,Q11424,film
P11749,Channel One Russia Worldwide program ID,Q15416,television program
P11754,Musées Grand Est artwork ID,Q838948,work of art
P11755,INSPIRE-HEP literature ID,Q10383930,academic work
P11756,Musée Fabre ID,Q386724,work
P11758,WPGA Tour Australasia player ID,Q5,human
P11762,Britannica Kids kids level article ID,Q35120,entity
P11764,Britannica Kids students level article ID,Q35120,entity
P11765,Britannica Kids scholars level article ID,Q35120,entity
P11767,TOOI identifier,Q2659904,government organization
P11769,Bohemian Lands MP ID,Q5,human
P11770,Qobuz album ID,Q108346082,release group
P11771,GamersGlobal game ID,Q57305,trade fair
P11771,GamersGlobal game ID,Q5519929,game creation system
P11771,GamersGlobal game ID,Q7889,video game
P11771,GamersGlobal game ID,Q865493,video game mod
P11773,Dizionario dei prodotti DOP e IGP ID,Q2095,food
P11775,Météo-France weather station ID,Q190107,weather station
P11776,Wood Database ID,Q287,wood
P11780,Humanities Commons member ID,Q5,human
P11781,Shipbucket ID,Q10273457,equipment
P11783,JMA weather station ID,Q190107,weather station
P11783,JMA weather station ID,Q62447,aerodrome
P11784,Soprintendenza Speciale di Roma place ID,Q27096213,geographic entity
P11786,GamesRadar+ ID,Q7889,video game
P11787,L'Histoire par l'image ID,Q4502142,visual artwork
P11788,Napster release ID,Q108346082,release group
P11788,Napster release ID,Q2635894,radio drama
P11789,Xbox Games Store ID (Xbox 360),Q7889,video game
P11790,Clavis Historicorum Antiquitatis Posterioris author ID,Q215627,person
P11791,Global Smash Roster fighter ID (archived),Q1569167,video game character
P11792,RAWG developer ID,Q210167,video game developer
P11792,RAWG developer ID,Q5,human
P11793,RAWG publisher ID,Q5,human
P11793,RAWG publisher ID,Q1137109,video game publisher
P11793,RAWG publisher ID,Q210167,video game developer
P11794,Qualigeo ID,Q2095,food
P11795,Kress Collection Digital Archive ID,Q838948,work of art
P11796,time of periapsis,Q193275,small Solar System body
P11799,alternate universe counterpart,Q14897293,fictional entity
P118,league or competition,Q4438121,sports organization
P118,league or competition,Q381165,trophy
P118,league or competition,Q16510064,sporting event
P118,league or competition,Q476300,competition
P118,league or competition,Q5,human
P11800,stats.fm artist ID,Q2088357,musical ensemble
P11800,stats.fm artist ID,Q5,human
P11801,visited by,Q16521,taxon
P11802,Zeno.org ID,Q49848,document
P11802,Zeno.org ID,Q215627,person
P11802,Zeno.org ID,Q4502142,visual artwork
P11803,World Arachnid Catalog ID,Q16521,taxon
P11804,Springs and Fountains of Andalucía ID,Q618123,geographical feature
P11805,TMDB collection ID,Q127402430,film in two parts
P11805,TMDB collection ID,Q196600,media franchise
P11806,TMDB company ID,Q43229,organization
P11807,WGA work ID,Q838948,work of art
P1181,numeric value,Q123348893,Xbox Achievement
P1181,numeric value,Q1441762,aspect ratio
P1181,numeric value,Q15132612,unit prefix
P1181,numeric value,Q63116,numeral
P1181,numeric value,Q11563,number
P1181,numeric value,Q309314,quantity
P1181,numeric value,Q82990,digit
P11815,Peacock ID,Q11424,film
P11815,Peacock ID,Q5398426,television series
P11816,theCrag ID,Q618123,geographical feature
P11817,SEC Kerala code,Q1195098,ward
P11817,SEC Kerala code,Q2732840,gram panchayat
P11817,SEC Kerala code,Q2758248,District Councils of India
P11817,SEC Kerala code,Q4927168,Block Panchayat
P11817,SEC Kerala code,Q6936225,Municipal Corporation (India)
P11817,SEC Kerala code,Q6958514,municipal council of India
P11818,Modern History Database person ID,Q5,human
P11819,Netflix person ID,Q5,human
P11822,PM20 film section ID,Q6256,country
P11822,PM20 film section ID,Q317088,commodity
P11822,PM20 film section ID,Q43229,organization
P11823,The Homicide Report person ID,Q5,human
P11824,KPU Plant Database ID,Q16521,taxon
P11825,LiteraturPort autorenlexikon ID,Q5,human
P11826,Media Library for Dance and Theatre person ID,Q5,human
P11827,documenta archiv ID,Q1400264,artist collective
P11827,documenta archiv ID,Q5,human
P11828,Marsilio Editori author ID,Q5,human
P11829,Plant Finder ID (Chicago Botanic Garden),Q16521,taxon
P1183,waterbody number,Q2551525,water reservoir
P1183,waterbody number,Q355304,watercourse
P11830,Israel Composers' League composer ID,Q5,human
P11831,Alabama Authors ID,Q5,human
P11833,PremiershipRugby.com player ID (new),Q215627,person
P11834,Professor at Cologne univ. ID,Q5,human
P11835,Numista ruling authority ID,Q11514315,historical period
P11835,Numista ruling authority ID,Q180684,conflict
P11835,Numista ruling authority ID,Q43229,organization
P11835,Numista ruling authority ID,Q5,human
P11840,French sports venue number,Q13226383,facility
P11843,mosff.ru player ID,Q5,human
P11845,Austadiums ID,Q1076486,sports venue
P11846,Akadem organization ID (former scheme),Q43229,organization
P11847,Zeneszöveg.hu international artist ID,Q5,human
P11849,first performance by,Q7725634,literary work
P11849,first performance by,Q58483088,choreographic work
P1185,Rodovid ID,Q14897293,fictional entity
P1185,Rodovid ID,Q215627,person
P1185,Rodovid ID,Q1356230,Human mitochondrial DNA haplogroup
P1185,Rodovid ID,Q428875,human Y-chromosome DNA haplogroup
P11853,Biographical Dictionary of Foreign Kartvelologists of Georgia ID,Q5,human
P11854,Politique pappers identifier,Q686822,bill
P11854,Politique pappers identifier,Q820655,statute
P11856,BFM.ru person ID,Q5,human
P11857,beachsoccer.com player ID,Q5,human
P11859,Library of Congress BIBFRAME Hub ID,Q386724,work
P11861,Clavis Historicorum Antiquitatis Posterioris work ID,Q47461344,written work
P11862,orchestration,Q379755,arrangement
P11866,NBC Olympics athlete ID,Q5,human
P11869,VMI Historical Rosters Database ID,Q5,human
P1187,Dharma Drum Institute of Liberal Arts person ID,Q5,human
P1187,Dharma Drum Institute of Liberal Arts person ID,Q15632617,fictional human
P1187,Dharma Drum Institute of Liberal Arts person ID,Q21070598,figure that may or may not be fictional
P11870,The Literary Encyclopedia person ID,Q5,human
P11871,ComingSoon.it TV series ID,Q5398426,television series
P11871,ComingSoon.it TV series ID,Q93204,documentary film
P11872,ComingSoon.it TV program ID,Q15416,television program
P11872,ComingSoon.it TV program ID,Q5398426,television series
P11873,parliament.bg MP ID,Q5,human
P11874,Archivio digitale Fondo Edifici di Culto ID,Q24398318,religious building
P11875,Flashpoint Database ID,Q7889,video game
P11877,Gameswelt ID,Q7889,video game
P1188,Dharma Drum Institute of Liberal Arts place ID,Q618123,geographical feature
P11882,Alienor.org ID,Q838948,work of art
P11883,Musées Occitanie ID,Q838948,work of art
P11884,Trésors de Nice ID,Q838948,work of art
P11885,Roy Lichtenstein: A Catalogue Raisonné ID,Q838948,work of art
P11886,CNR ExploRA author ID,Q5,human
P11888,Romanian river code,Q4022,river
P11890,German University Collections person ID,Q5,human
P11891,GamersGlobal series ID,Q7058673,video game series
P11896,Istituto Italiano di Tecnologia author ID,Q5,human
P11898,Stage 32 profile ID,Q5,human
P119,place of burial,Q14897293,fictional entity
P119,place of burial,Q729,Animalia
P119,place of burial,Q3409626,human head
P11900,Livres Hebdo award ID,Q378427,literary award
P11903,login URL,Q19967801,online service
P11903,login URL,Q210980,virtual community
P11903,login URL,Q287198,online chat
P11903,login URL,Q340169,communications media
P11903,login URL,Q3914,school
P11904,registration page URL,Q19967801,online service
P11904,registration page URL,Q210980,virtual community
P11904,registration page URL,Q287198,online chat
P11904,registration page URL,Q340169,communications media
P11905,ifkdb player ID,Q5,human
P11907,stats.fm album ID,Q108346082,release group
P11909,Holarse article ID,Q5,human
P11909,Holarse article ID,Q1248874,chess engine
P11909,Holarse article ID,Q131669,Linux distribution
P11909,Holarse article ID,Q183065,interpreter
P11909,Holarse article ID,Q193564,game engine
P11909,Holarse article ID,Q210167,video game developer
P11909,Holarse article ID,Q341,free software
P11909,Holarse article ID,Q62505,physics engine
P11909,Holarse article ID,Q7058673,video game series
P11909,Holarse article ID,Q7889,video game
P11909,Holarse article ID,Q865493,video game mod
P1191,date of first performance,Q26261757,live broadcast
P1191,date of first performance,Q386724,work
P1191,date of first performance,Q43100730,series of performances
P11910,Musée critique de la Sorbonne ID,Q838948,work of art
P11911,Spotlight PIN ID,Q5,human
P11912,myjewishitaly.it ID,Q2221906,geographic location
P11913,Minerba One Data Indonesia ID,Q4830453,business
P11915,UIA Open Yearbook organization website ID,Q43229,organization
P11916,shortcode,Q29654788,Unicode character
P11916,shortcode,Q1049294,emoji
P11916,shortcode,Q31963,emoticon
P11917,ProQuest publication ID,Q2217301,serial
P11918,Friedländer ID,Q4502142,visual artwork
P11919,FIGC player ID,Q5,human
P11920,hitparade.ch song ID,Q134556,single
P11921,Theapolis theatre ID,Q24354,theatre building
P11921,Theapolis theatre ID,Q11396960,production company
P11921,Theapolis theatre ID,Q11812394,theatre company
P11921,Theapolis theatre ID,Q2143781,drama school
P11921,Theapolis theatre ID,Q742421,theatre company
P11922,verdict,Q8016240,trial
P11923,IbsenStage ID,Q5,human
P11923,IbsenStage ID,Q1656682,event
P11923,IbsenStage ID,Q17350442,venue
P11923,IbsenStage ID,Q386724,work
P11923,IbsenStage ID,Q43229,organization
P11925,National Union of Composers of Ukraine person ID,Q5,human
P11927,Master's degree Mon master ID,Q3297843,French masters degree
P11928,Virksomme ord ID,Q5,human
P11929,Swetrails route ID,Q2143825,hiking trail
P1193,prevalence,Q7189713,physiological condition
P11930,European Bridge League ID,Q5,human
P11932,The Literary Encyclopedia work ID,Q47461344,written work
P11936,Biblioteca centrale Cappuccini authority ID,Q5,human
P11937,FSHF player ID,Q5,human
P11939,Internet Broadway Database touring theatre ID,Q11812394,theatre company
P11939,Internet Broadway Database touring theatre ID,Q18674739,event venue
P11939,Internet Broadway Database touring theatre ID,Q2221906,geographic location
P11939,Internet Broadway Database touring theatre ID,Q742421,theatre company
P1194,received signal type,Q1780509,telecommunications device
P11940,British Institute at Ankara person ID,Q5,human
P11945,Nantes Museum of Arts artwork ID,Q838948,work of art
P11946,Mythoskop ID,Q386724,work
P11946,Mythoskop ID,Q2221906,geographic location
P11946,Mythoskop ID,Q24334685,mythical entity
P11948,NFSA title ID,Q17537576,creative work
P1195,file extension,Q9143,programming language
P1195,file extension,Q186157,filename extension
P1195,file extension,Q235557,file format
P11954,Unidades de Conservação no Brasil ID,Q27096213,geographic entity
P11959,BHL item ID,Q732577,publication
P1196,manner of death,Q14897293,fictional entity
P1196,manner of death,Q7239,organism
P11960,TVING ID,Q5398426,television series
P11961,Google Scholar organization ID,Q43229,organization
P11963,Global Sports Archive person ID,Q5,human
P11964,tournament type,Q500834,tournament
P11966,WPBSA SnookerScores tournament ID,Q17299750,snooker tournament
P11967,OlimpBase FIDE ratings ID,Q5,human
P11968,Antenna Structure Registration Number,Q1798641,communication tower
P11969,Korean Tour player ID,Q5,human
P11970,Kastelenlexicon ID,Q18247357,group of structures or buildings
P11970,Kastelenlexicon ID,Q23413,castle
P11970,Kastelenlexicon ID,Q2927789,buitenplaats
P11970,Kastelenlexicon ID,Q751876,château
P11970,Kastelenlexicon ID,Q839954,archaeological site
P11971,NFDI4Culture ID,Q43229,organization
P11971,NFDI4Culture ID,Q5,human
P11973,Pouët group member ID,Q5,human
P11977,Matrikelportal Rostock ID,Q5,human
P11978,Panjab Digital Library ID,Q386724,work
P11979,Diamond Catalog work ID,Q47461344,written work
P1198,unemployment rate,Q4835091,territory
P11980,Diamond Catalog edition ID,Q87167,manuscript
P11984,Syok podcast ID,Q14350,radio station
P11985,Austrian Cave Register ID,Q35509,cave
P11986,Research.com ID,Q5,human
P11989,MUDlistings ID,Q7889,video game
P1199,mode of inheritance,Q12136,disease
P11990,The Mud Connector ID,Q7889,video game
P11991,Visiongame.cz game ID,Q7889,video game
P11992,Visiongame.cz studio ID,Q5,human
P11992,Visiongame.cz studio ID,Q783794,company
P11993,Databáze her developer ID,Q210167,video game developer
P11993,Databáze her developer ID,Q5,human
P11994,wiki.gg wiki ID,Q7058673,video game series
P11994,wiki.gg wiki ID,Q7889,video game
P11994,wiki.gg wiki ID,Q865493,video game mod
P11996,Cent cols ID,Q133056,mountain pass
P11997,Lift Up profile ID,Q5,human
P11998,Living Music Database composer ID,Q5,human
P1200,category for the water basin,Q15324,body of water
P12000,Biographical Directory of Federal Judges numeric ID,Q5,human
P12001,GamerProfiles game ID,Q7889,video game
P12002,has heir or beneficiary,Q5,human
P12003,ANPI person ID,Q5,human
P12004,towing capacity,Q1229765,watercraft
P12005,Anikore anime ID,Q1107,anime
P12006,learning outcome,Q600134,course
P12006,learning outcome,Q571,book
P12007,Substack numeric user ID,Q5,human
P12008,ArtMajeur artist ID,Q5,human
P12009,FantLab translator ID,Q5,human
P1201,space tug,Q40218,spacecraft
P12011,tribe,Q215627,person
P12011,tribe,Q14897293,fictional entity
P12011,tribe,Q186685,marae
P12012,record number (Germany),Q43229,organization
P12014,Demozoo group member ID,Q5,human
P12015,FanCons.com event ID,Q27968055,recurring event edition
P12015,FanCons.com event ID,Q1129398,fan convention
P12015,FanCons.com event ID,Q3070242,gaming convention
P12016,Museo Italia ID,Q3152824,cultural institution
P1202,carries scientific instrument,Q4213,telescope
P1202,carries scientific instrument,Q42889,vehicle
P1202,carries scientific instrument,Q62832,observatory
P12020,state of transmission,Q386724,work
P12023,alyga.lt player ID,Q5,human
P12024,UETK ID,Q15324,body of water
P12025,Windows Package Manager Community package ID,Q7397,software
P12026,SEVIS school ID,Q209465,campus
P12026,SEVIS school ID,Q43229,organization
P12029,WikiChip article ID,Q175805,semiconductor device
P12029,WikiChip article ID,Q272683,instruction set architecture
P12029,WikiChip article ID,Q783794,company
P1203,Finnish municipality number,Q856076,municipality of Finland
P12030,Mageia package,Q7397,software
P12031,RBC person ID,Q5,human
P12033,France 3 Régions journalist ID,Q5,human
P12034,Médiathèque Numérique CVS ID,Q108346082,release group
P12034,Médiathèque Numérique CVS ID,Q5398426,television series
P12034,Médiathèque Numérique CVS ID,Q11424,film
P12034,Médiathèque Numérique CVS ID,Q7725634,literary work
P12035,MyShows show ID,Q24856,film series
P12035,MyShows show ID,Q5398426,television series
P12037,Ginto ID,Q13226383,facility
P12037,Ginto ID,Q41176,building
P12038,REDnote profile ID,Q5,human
P12038,REDnote profile ID,Q16686448,artificial object
P12038,REDnote profile ID,Q43229,organization
P12039,Fansly ID,Q5,human
P1204,Wikimedia portal's main topic,Q4663903,Wikimedia portal
P12040,J. Paul Getty Museum agent ID,Q43229,organization
P12040,J. Paul Getty Museum agent ID,Q5,human
P12042,Diktyon ID,Q87167,manuscript
P12045,Codeberg username,Q9143,programming language
P12045,Codeberg username,Q43229,organization
P12045,Codeberg username,Q5,human
P12045,Codeberg username,Q7397,software
P12046,ADVN ID,Q43229,organization
P12046,ADVN ID,Q5,human
P12047,MiMoText ID,Q5,human
P12047,MiMoText ID,Q461183,text corpus
P12047,MiMoText ID,Q7725634,literary work
P12048,BookBrainz series ID,Q277759,book series
P12048,BookBrainz series ID,Q27888335,short story series
P12049,National Register of Monumental Trees ID,Q811534,remarkable tree
P12050,demo of,Q7397,software
P12052,AARoads Wiki article ID,Q4167410,Wikimedia disambiguation page
P12052,AARoads Wiki article ID,Q7339568,road traffic control device
P12052,AARoads Wiki article ID,Q2376564,interchange
P12052,AARoads Wiki article ID,Q25631158,highway system
P12052,AARoads Wiki article ID,Q34442,road
P12053,National Address Base ID,Q484170,commune of France
P12054,Metacritic game ID,Q7889,video game
P12057,World Auchenorrhyncha Database ID,Q16521,taxon
P12058,Gematsu game ID,Q7889,video game
P12059,Encyclociné ID,Q1261214,television special
P12059,Encyclociné ID,Q11424,film
P12059,Encyclociné ID,Q24856,film series
P12060,DBIL ID,Q5,human
P12061,Pinakes country ID,Q6256,country
P12062,Pinakes city ID,Q486972,human settlement
P12063,Pinakes institution ID,Q166118,archives
P12063,Pinakes institution ID,Q44613,monastery
P12063,Pinakes institution ID,Q7075,library
P12064,Pinakes fonds ID,Q3052382,fonds
P12065,"Museum of Fine Arts, Bordeaux object ID",Q838948,work of art
P12066,Aparat channel ID,Q215627,person
P12066,Aparat channel ID,Q1190554,occurrence
P12066,Aparat channel ID,Q13226383,facility
P12066,Aparat channel ID,Q16887380,group
P12066,Aparat channel ID,Q340169,communications media
P12066,Aparat channel ID,Q386724,work
P12066,Aparat channel ID,Q4164871,position
P12066,Aparat channel ID,Q431289,brand
P12066,Aparat channel ID,Q43229,organization
P12066,Aparat channel ID,Q43501,zoo
P12066,Aparat channel ID,Q56061,administrative territorial entity
P12066,Aparat channel ID,Q618779,award
P12066,Aparat channel ID,Q95074,character
P12067,FaroeSoccer referee ID,Q5,human
P12068,Matilda paper ID,Q386724,work
P12069,Sessionize speaker ID,Q5,human
P1207,NUKAT ID,Q5,human
P1207,NUKAT ID,Q61002,pseudonym
P1207,NUKAT ID,Q15632617,fictional human
P1207,NUKAT ID,Q1656682,event
P1207,NUKAT ID,Q386724,work
P12070,Minerals.net mineral and gemstone ID,Q7946,mineral
P12070,Minerals.net mineral and gemstone ID,Q271449,precious metal
P12070,Minerals.net mineral and gemstone ID,Q8063,rock
P12072,Game Jolt game ID,Q7889,video game
P12073,Société de l'histoire du protestantisme français ID,Q43229,organization
P12073,Société de l'histoire du protestantisme français ID,Q5,human
P12074,ProductReview ID,Q4830453,business
P12074,ProductReview ID,Q2424752,product
P12074,ProductReview ID,Q431289,brand
P12075,Acclaimed Music album ID,Q482994,album
P12076,Nordic Women in Film-ID,Q5,human
P12077,SlackBuilds package,Q9143,programming language
P12077,SlackBuilds package,Q17451,typeface
P12077,SlackBuilds package,Q7397,software
P12078,Metacritic numeric game ID,Q7889,video game
P12079,Metacritic publication ID,Q35127,website
P12079,Metacritic publication ID,Q11032,newspaper
P12079,Metacritic publication ID,Q41298,magazine
P1208,ISMN,Q17537576,creative work
P12080,Metacritic company ID,Q43229,organization
P12080,Metacritic company ID,Q5,human
P12081,WHO Aware Classification,Q12140,medication
P12082,StopGame series ID,Q7058673,video game series
P12083,Steam Workshop mod ID,Q1046315,level
P12083,Steam Workshop mod ID,Q14897293,fictional entity
P12083,Steam Workshop mod ID,Q865493,video game mod
P12085,Find my School ID,Q1080794,public school
P12087,Swiss Basketball League player ID,Q5,human
P12088,Open Library publisher ID,Q2085381,publishing house
P12088,Open Library publisher ID,Q5,human
P1209,CN,Q1002697,periodical
P12092,Gematsu company ID,Q43229,organization
P12094,DfE group UID,Q43229,organization
P12096,Kinobox film ID,Q2431196,audiovisual work
P12096,Kinobox film ID,Q5398426,television series
P12098,Kinobox person ID,Q5,human
P121,item operated,Q13226383,facility
P121,item operated,Q14897293,fictional entity
P121,item operated,Q1190554,occurrence
P121,item operated,Q12737077,occupation
P121,item operated,Q1322323,itinerary
P121,item operated,Q268592,industry
P121,item operated,Q340169,communications media
P121,item operated,Q47311934,fleet
P121,item operated,Q7397,software
P1210,supercharger,Q12757,internal combustion engine
P12100,FloraVeg.EU taxon ID,Q16521,taxon
P12101,DBpia author ID,Q5,human
P12102,Mod DB company ID,Q5,human
P12102,Mod DB company ID,Q1137109,video game publisher
P12102,Mod DB company ID,Q210167,video game developer
P12103,GameBrew ID,Q202871,emulator
P12104,Royal Irish Academy ID,Q5,human
P12105,Red List of South African Plants conservation status,Q16521,taxon
P12106,RKDexcerpts ID,Q838948,work of art
P12109,Catenae Catalogue ID,Q87167,manuscript
P12110,Parpulov group,Q87167,manuscript
P12111,IGI Global author ID,Q5,human
P12112,Pandit Project work ID,Q179461,religious text
P12112,Pandit Project work ID,Q47461344,written work
P12113,Vascular Plants of Iowa species ID,Q16521,taxon
P12114,Flora of New Jersey Project atlas ID,Q16521,taxon
P12115,GNU Savannah project ID,Q7397,software
P12116,Rahlfs number,Q87167,manuscript
P12117,Illinois State Parks ID,Q5999924,Illinois state park
P1212,Atlas ID,Q8205328,artificial physical object
P12121,IBP 6-letter bird species alpha code,Q16521,taxon
P12122,ManyVids ID,Q5,human
P12123,North Rhine-Westphalian school ID,Q3914,school
P12124,Repairs ID,Q5,human
P12125,Playdate Catalog ID,Q7889,video game
P12127,Art Platform Japan ID,Q5,human
P12127,Art Platform Japan ID,Q17537576,creative work
P12127,Art Platform Japan ID,Q43229,organization
P12128,Archivio storico artisti lucchesi ID,Q5,human
P12129,Encyklopedia Teatru Polskiego author ID,Q5,human
P1213,NLC authorities,Q215627,person
P1213,NLC authorities,Q386724,work
P1213,NLC authorities,Q43229,organization
P12130,Aves de Chile ID,Q16521,taxon
P12131,cagb manuscript ID,Q87167,manuscript
P12133,Italian Paralympic Committee athlete ID,Q5,human
P12134,old-games.org ID,Q7889,video game
P12135,Carte d'autore online ID,Q43229,organization
P12135,Carte d'autore online ID,Q5,human
P12136,Indiana Plant Atlas ID,Q16521,taxon
P12139,Il Sole 24 Ore movie ID,Q11424,film
P12139,Il Sole 24 Ore movie ID,Q5398426,television series
P12140,Il Sole 24 Ore person ID,Q5,human
P12141,Fondazione Fiera ID,Q5,human
P12142,EIDR party ID,Q43229,organization
P12143,Gaming Wiki Network article ID,Q5,human
P12143,Gaming Wiki Network article ID,Q1145276,fictional country
P12143,Gaming Wiki Network article ID,Q151885,concept
P12143,Gaming Wiki Network article ID,Q16521,taxon
P12143,Gaming Wiki Network article ID,Q210167,video game developer
P12143,Gaming Wiki Network article ID,Q7058673,video game series
P12143,Gaming Wiki Network article ID,Q7889,video game
P12143,Gaming Wiki Network article ID,Q859965,item
P12143,Gaming Wiki Network article ID,Q95074,character
P12145,Cultural Heritage Online (Japan) institution ID,Q43229,organization
P12145,Cultural Heritage Online (Japan) institution ID,Q8205328,artificial physical object
P12146,Playdate community wiki ID,Q7889,video game
P12149,archINFORM award ID,Q618779,award
P1215,apparent magnitude,Q6999,astronomical object
P12151,BNE periodical SID,Q1002697,periodical
P12152,Moviepilot.de person ID,Q5,human
P12153,FilmAffinity person and company ID,Q5,human
P12154,Archiefpunt archive ID,Q43229,organization
P12154,Archiefpunt archive ID,Q5,human
P12155,Archiefpunt compiler ID,Q43229,organization
P12155,Archiefpunt compiler ID,Q5,human
P12156,Archiefpunt curator ID,Q43229,organization
P12156,Archiefpunt curator ID,Q5,human
P12157,Capitolium Art artist ID,Q43229,organization
P12157,Capitolium Art artist ID,Q5,human
P12158,BioGRID ID,Q591041,scientific publication
P12158,BioGRID ID,Q7187,gene
P12159,la Repubblica TV series ID,Q11424,film
P12159,la Repubblica TV series ID,Q5398426,television series
P1216,National Heritage List for England number,Q8205328,artificial physical object
P1216,National Heritage List for England number,Q178561,battle
P1216,National Heritage List for England number,Q618123,geographical feature
P12160,CECC Political Prisoner ID,Q5,human
P12161,One Earth ecoregion ID,Q295469,ecoregion
P12162,Spectrum Computing ID,Q7889,video game
P12163,IDVT,Q355304,watercourse
P12165,Star Citizen Tools Wiki ID,Q14897293,fictional entity
P12165,Star Citizen Tools Wiki ID,Q5,human
P12165,Star Citizen Tools Wiki ID,Q15275719,recurring event
P12165,Star Citizen Tools Wiki ID,Q210167,video game developer
P12165,Star Citizen Tools Wiki ID,Q42213,work
P12165,Star Citizen Tools Wiki ID,Q7889,video game
P12166,Gale publication ID,Q732577,publication
P12167,Emerald network site ID,Q473972,protected area
P12168,Torino scale,Q6999,astronomical object
P12169,Museo Nacional de Arte artist ID,Q5,human
P1217,Internet Broadway Database venue ID,Q18674739,event venue
P1217,Internet Broadway Database venue ID,Q2221906,geographic location
P12170,GeoLOD ID,Q123349660,geolocatable entity
P12170,GeoLOD ID,Q58415929,spatio-temporal entity
P12173,Newman Numismatics Portal ID,Q5,human
P12174,tribal council number,Q7840289,tribal council
P12176,Propylaeum-VITAE ID,Q625994,convention
P12176,Propylaeum-VITAE ID,Q43229,organization
P12176,Propylaeum-VITAE ID,Q486972,human settlement
P12176,Propylaeum-VITAE ID,Q5,human
P12177,Minnesota Rare Species Guide ID,Q16521,taxon
P12178,Minnesota Plant List ID,Q16521,taxon
P12179,Flora of the Southeastern United States ID,Q16521,taxon
P1218,Internet Broadway Database production ID,Q7777570,theatrical production
P12180,PAEnflowered taxon URL,Q16521,taxon
P12181,Digital Atlas of the Virginia Flora ID,Q16521,taxon
P12182,Go Botany taxon ID,Q16521,taxon
P12183,Search System of Japanese Red Data ID,Q16521,taxon
P12184,Art Gallery of Ontario object ID,Q17537576,creative work
P12185,Thesaurus Linguae Aegyptiae object ID,Q49848,document
P12186,Thesaurus Linguae Aegyptiae textual work ID,Q47461344,written work
P12189,Paradox Wikis article ID,Q11410,game
P1219,Internet Broadway Database show ID,Q386724,work
P12190,Coin Hoards of the Roman Empire ID,Q15484785,coin hoard
P12190,Coin Hoards of the Roman Empire ID,Q41207,coin
P12191,Alaska Women’s Hall of Fame ID,Q5,human
P12192,SWERIK ID,Q5,human
P12193,Team Wales athlete ID,Q5,human
P12195,Theapolis person ID,Q5,human
P12196,TheTVDB movie ID,Q11424,film
P12196,TheTVDB movie ID,Q21191270,television series episode
P12197,Shanghai Library surname ID,Q4116295,surname
P12198,Shanghai Library era ID,Q11514315,historical period
P12199,Shanghai Library organization ID,Q43229,organization
P122,basic form of government,Q56061,administrative territorial entity
P122,basic form of government,Q1145276,fictional country
P122,basic form of government,Q133311,tribe
P122,basic form of government,Q3591867,proposed country
P1220,Internet Broadway Database person ID,Q26401003,individual animal
P12200,Pinakes work ID,Q386724,work
P12201,Hugging Face user or organization ID,Q43229,organization
P12201,Hugging Face user or organization ID,Q5,human
P12206,RFI station ID,Q55488,railway station
P12209,The Plant List ID (Arizona Native Plant Society),Q16521,taxon
P1221,compressor type,Q743004,aircraft engine
P12211,Atari-8-bit Forever game ID,Q7889,video game
P12212,Museum of Fine Arts of Rennes object ID,Q488383,object
P12213,FNAC artwork ID,Q488383,object
P12214,Akadem person ID,Q5,human
P12215,Game Classification game ID,Q7889,video game
P12216,Game Classification machine ID,Q241317,computing platform
P12217,Game Classification creation tool ID,Q193564,game engine
P12218,TaiCOL ID (new version),Q16521,taxon
P12219,a8.fandal.cz ID,Q7889,video game
P12220,Stadium 64 ID,Q7889,video game
P12222,Filmweb.no film ID,Q2431196,audiovisual work
P12223,SixtyFour Originals DataBase game ID,Q7889,video game
P12224,BUGZ ID,Q47461344,written work
P12225,WHDLoad database ID,Q7889,video game
P12226,Shanghai Library movie ID,Q11424,film
P12227,PCSX2 Wiki ID,Q210167,video game developer
P12227,PCSX2 Wiki ID,Q7889,video game
P12228,KRS number,Q43229,organization
P12230,RPCS3 Wiki ID,Q7889,video game
P12231,Black Games Archive ID,Q7058673,video game series
P12231,Black Games Archive ID,Q7889,video game
P12232,Citra compatibility database ID,Q7889,video game
P12233,DraCor ID,Q7725634,literary work
P12234,ORBi article ID,Q47461344,written work
P12236,AreWeAntiCheatYet ID,Q7889,video game
P12236,AreWeAntiCheatYet ID,Q865493,video game mod
P12237,RPGFan game ID,Q7889,video game
P12238,Arcade Hub ID,Q7889,video game
P12239,Shamela book edition ID,Q47461344,written work
P12240,HistoriaGames series ID,Q7058673,video game series
P12241,Schnittberichte.com title ID,Q2431196,audiovisual work
P12241,Schnittberichte.com title ID,Q5398426,television series
P12242,Kemono Games game ID,Q7058673,video game series
P12242,Kemono Games game ID,Q7889,video game
P12243,Internet Game Database event ID,Q1656682,event
P12244,Xemu compatibility database ID,Q7889,video game
P12245,GamesMeter game ID,Q7889,video game
P12246,GameGear.jp ID,Q7889,video game
P12248,Swissubase person ID,Q5,human
P12249,RPGWatch game ID,Q7889,video game
P12250,RPGWatch company ID,Q43229,organization
P12251,RPGWatch press ID,Q72398691,video game news website
P12252,Indie DB company ID,Q5,human
P12254,turismoroma.it place ID,Q43229,organization
P12254,turismoroma.it place ID,Q618123,geographical feature
P12255,ScummVM ID,Q7889,video game
P12256,ORBi author ID,Q5,human
P12257,Abandonware-France game series ID,Q7058673,video game series
P12259,Abandonware-France person ID,Q5,human
P12260,Abandonware-France company ID,Q43229,organization
P12261,Abandonware-France magazine ID,Q1002697,periodical
P12262,Abandonware-France award ID,Q18328126,video game award
P12262,Abandonware-France award ID,Q4504495,award ceremony
P12264,Moviefone movie ID,Q11424,film
P12265,South African NPO number,Q43229,organization
P12266,Nigerian registered company ID,Q43229,organization
P12267,Abandonware-France game ID,Q1074158,educational software
P12267,Abandonware-France game ID,Q7889,video game
P12268,AFJV directory ID,Q43229,organization
P12269,Abandonware-France book ID,Q47461344,written work
P1227,astronomical filter,Q6999,astronomical object
P12270,Flora of the Hawaiian Islands URL,Q16521,taxon
P12271,MilliBase taxon ID,Q16521,taxon
P12272,Monasticon Hibernicum database ID,Q513550,hermitage
P12272,Monasticon Hibernicum database ID,Q16970,church building
P12272,Monasticon Hibernicum database ID,Q98116669,religious complex
P12273,Montana Plant Life URL,Q16521,taxon
P12274,Rhineland-Palatinate school ID,Q3914,school
P12275,plate(s),Q286583,manifestation
P12275,plate(s),Q732577,publication
P12276,Enciclopedia di Roma monument ID,Q618123,geographical feature
P12276,Enciclopedia di Roma monument ID,Q8205328,artificial physical object
P12277,Enciclopedia di Roma street ID,Q83620,thoroughfare
P12278,Mid-Atlantic Herbaria Consortium taxon ID,Q16521,taxon
P12279,The Criterion Collection spine number,Q11424,film
P12279,The Criterion Collection spine number,Q24856,film series
P12280,Walk Score ID,Q515,city
P12280,Walk Score ID,Q123705,neighborhood
P12280,Walk Score ID,Q498162,census-designated place in the United States
P12281,HistoriaGames game ID,Q7889,video game
P12283,Legends Tour player ID,Q5,human
P12289,TouchArcade game ID,Q7889,video game
P12290,DoblajeVideojuegos game ID,Q11410,game
P12291,Adventure-Treff game ID,Q7889,video game
P12292,Biota of New Zealand ID,Q16521,taxon
P12293,Consortium of Bryophyte Herbaria taxon ID,Q16521,taxon
P12294,Consortium of Lichen Herbaria taxon ID,Q16521,taxon
P12295,Native Plants Hawaii ID,Q16521,taxon
P12296,SERNEC taxon ID,Q16521,taxon
P12297,TORCH taxon ID,Q16521,taxon
P12298,Penstemon Database ID,Q16521,taxon
P12299,Digicarmel ID,Q5,human
P12299,Digicarmel ID,Q43229,organization
P12299,Digicarmel ID,Q618123,geographical feature
P123,publisher,Q1980247,chapter
P123,publisher,Q374814,certification
P123,publisher,Q8274,manga
P123,publisher,Q11410,game
P123,publisher,Q1151067,rule
P123,publisher,Q115473170,group of musical works
P123,publisher,Q116779426,group of video games often treated as a singular game
P123,publisher,Q1348645,instructional materials
P123,publisher,Q17538690,group of manifestations
P123,publisher,Q286583,manifestation
P123,publisher,Q732577,publication
P123,publisher,Q7397,software
P123,publisher,Q7725310,series of creative works
P123,publisher,Q7725634,literary work
P123,publisher,Q80793969,ranked list
P123,publisher,Q95107111,license scheme
P1230,JSTOR journal ID,Q2217301,serial
P12301,MAMCS artwork ID,Q838948,work of art
P12303,Mod.io game ID,Q7889,video game
P12304,Sina CBA player ID,Q5,human
P12305,turismo.marche.it place ID,Q43229,organization
P12305,turismo.marche.it place ID,Q618123,geographical feature
P12306,ISzDb series ID,Q5398426,television series
P12308,National-Football-Teams.com team ID,Q6979593,national association football team
P12309,Moviefone person ID,Q5,human
P12310,Commonwealth Games Australia athlete ID,Q5,human
P12311,Team Scotland athlete ID,Q5,human
P12312,Kicker team ID,Q12973014,sports team
P12312,Kicker team ID,Q847017,sports club
P12313,goalzz.com team ID,Q12973014,sports team
P12314,vesti.kz team ID,Q12973014,sports team
P12314,vesti.kz team ID,Q847017,sports club
P12319,Babelio series ID,Q277759,book series
P1232,Linguist List code,Q17376908,languoid
P12320,Moviebuff ID,Q386724,work
P12320,Moviebuff ID,Q5,human
P12321,RCS number (Luxembourg),Q43229,organization
P12322,underlying structure(s),Q748349,mathematical structure
P12324,production manager,Q17537576,creative work
P12327,Stage username,Q2659904,government organization
P12328,simulates,Q1232589,replica
P12328,simulates,Q45045,simulation
P12328,simulates,Q1412596,simulacrum
P12328,simulates,Q1979154,model
P12328,simulates,Q2057931,simulator
P12328,simulates,Q8205328,artificial physical object
P12329,Qué series ver series ID,Q5398426,television series
P1233,ISFDB author ID,Q5,human
P1233,ISFDB author ID,Q61002,pseudonym
P12331,Baseball Reference manager ID,Q5,human
P12332,PlayStation Store concept ID,Q7889,video game
P12334,Rowing Canada ID,Q5,human
P12335,Rugby Database ID,Q5,human
P12336,Encyclopedia of Cacti species ID,Q16521,taxon
P12338,FIBA.basketball people ID,Q5,human
P1234,ISFDB publication ID,Q732577,publication
P12341,Bandcamp track ID,Q55850593,music track with vocals
P12341,Bandcamp track ID,Q55850643,music track without lyrics
P12347,NientePopCorn movie ID,Q11424,film
P12348,NientePopCorn series ID,Q5398426,television series
P12349,NientePopCorn person ID,Q5,human
P1235,ISFDB series ID,Q14897293,fictional entity
P1235,ISFDB series ID,Q17518870,group of literary works
P1235,ISFDB series ID,Q7725310,series of creative works
P12350,Bavarian school ID,Q2385804,educational institution
P12354,Great American Business Leaders of the 20th Century ID,Q5,human
P12355,Merkur author page,Q5,human
P12356,Globoplay ID,Q5398426,television series
P12356,Globoplay ID,Q11424,film
P12356,Globoplay ID,Q15416,television program
P12359,Czech geological location ID,Q2221906,geographic location
P12362,Parliament of Victoria website ID,Q5,human
P12364,ArchDaily architecture office ID,Q4387609,architectural firm
P12365,HistoryMakers Maker Directory ID,Q5,human
P12366,OKRB 011-2022 code,Q11862829,academic discipline
P12367,Plant Illustrations taxon ID,Q16521,taxon
P12368,Plant Illustrations species ID,Q16521,taxon
P1237,Box Office Mojo film ID (former scheme),Q11424,film
P12375,TracesOfWar award ID,Q618779,award
P12376,Latindex 2022 ID,Q1002697,periodical
P12379,Brussels Inventory of Architectural Heritage ID,Q27096213,geographic entity
P12379,Brussels Inventory of Architectural Heritage ID,Q210272,cultural heritage
P12379,Brussels Inventory of Architectural Heritage ID,Q860861,sculpture
P1238,SvFF player ID,Q5,human
P12380,Euro+Med PlantBase taxon ID,Q16521,taxon
P12382,DigiListan artist ID,Q5,human
P12383,Letterboxd director ID,Q5,human
P12384,Letterboxd user ID,Q5,human
P12385,Gran Enciclopèdia Catalana ID,Q35120,entity
P12386,Dansk Forfatterleksikon ID,Q5,human
P12387,Qantas hotel ID,Q27686,hotel
P12389,Veterans Legacy Memorial ID,Q5,human
P1239,ISFDB publisher ID,Q2085381,publishing house
P1239,ISFDB publisher ID,Q5,human
P12390,China Animal Scientific Database ID,Q16521,taxon
P12391,National Library of Malaysia OPAC ID,Q732577,publication
P12392,Taiwan Biographical Database ID,Q5,human
P12393,IFOPT stop ID,Q376799,transport infrastructure
P12394,Jinji Koshinroku ID (1st edition),Q5,human
P12395,Jinji Koshinroku ID (4th edition),Q5,human
P12396,Jinji Koshinroku ID (8th edition),Q5,human
P12397,TheTVDB season ID,Q3464665,television series season
P12398,TheTVDB company ID,Q43229,organization
P12399,TheTVDB award ID,Q15383322,cultural prize
P1240,Danish Bibliometric Research Indicator level,Q47461344,written work
P12401,IDPS ID,Q4116295,surname
P12404,Kalliope.org author ID,Q5,human
P12405,PteridoPortal taxon ID,Q16521,taxon
P12408,XWord Info author ID,Q5,human
P12409,Bluesky DID,Q26401003,individual animal
P12409,Bluesky DID,Q1190554,occurrence
P12409,Bluesky DID,Q386724,work
P12409,Bluesky DID,Q4164871,position
P12409,Bluesky DID,Q43229,organization
P1241,Swiss Football Association club number,Q847017,sports club
P12411,Unified Saudi Occupational Classification,Q12737077,occupation
P12416,Dongqiudi.com team ID,Q12973014,sports team
P12416,Dongqiudi.com team ID,Q847017,sports club
P12417,Environmental Performance Index,Q6256,country
P12418,Nintendo eShop (Europe) ID,Q166142,application software
P12418,Nintendo eShop (Europe) ID,Q7889,video game
P12419,Joseph Smith Papers person ID,Q5,human
P1242,Theatricalia play ID,Q7725634,literary work
P12423,Sundance Institute Archive film ID,Q11424,film
P12425,Sundance Institute Archive event ID,Q27787439,film festival edition
P12426,Sundance Institute Archive person ID,Q5,human
P12427,notify.moe anime ID,Q1107,anime
P12427,notify.moe anime ID,Q717122,Glove puppetry
P12429,UT.no ID,Q6017969,scenic viewpoint
P12429,UT.no ID,Q207326,summit
P12429,UT.no ID,Q8502,mountain
P1243,ISRC ID,Q193977,music video
P1243,ISRC ID,Q7302866,audio track
P12430,The StoryGraph author ID,Q5,human
P12431,X place ID,Q27096213,geographic entity
P12432,age of onset of sexual maturity,Q16521,taxon
P12433,nixpkgs ID,Q7397,software
P12435,Shamela author ID,Q5,human
P12436,phonetic value,Q29654788,Unicode character
P12437,PROSPEROPatches game ID,Q166142,application software
P12437,PROSPEROPatches game ID,Q7889,video game
P12438,ORBISPatches game ID,Q166142,application software
P12438,ORBISPatches game ID,Q7889,video game
P12439,civil rank,Q5,human
P12442,TopKar ID,Q27096213,geographic entity
P12443,has cabinet,Q56061,administrative territorial entity
P12444,Mindat taxon ID,Q16521,taxon
P12445,China Animal Scientific Database taxon UUID,Q16521,taxon
P12446,ISCED field,Q207137,curriculum
P12450,Encyclopedia Mythica ID,Q35120,entity
P12452,appeals to,Q895526,governing body
P12453,Great Plains Herbaria taxon ID,Q16521,taxon
P12454,location information URL,Q431289,brand
P12454,location information URL,Q43229,organization
P12457,invariant under,Q11348,function
P12458,Parsifal cluster ID,Q61002,pseudonym
P12458,Parsifal cluster ID,Q215627,person
P12458,Parsifal cluster ID,Q43229,organization
P12461,National Buildings Repository identifier,Q41176,building
P12462,Location Memory building ID,Q41176,building
P12463,formatter URL for IIIF manifest,Q18616576,Wikidata property
P12464,JSTOR Global Plants type specimen ID,Q3707858,type
P12466,EDIT16 catalogue place ID,Q618123,geographical feature
P12466,EDIT16 catalogue place ID,Q3238337,mythical location
P12467,Trismegistos god ID,Q178885,deity
P12468,PyPI trove classifier,Q33742,natural language
P12468,PyPI trove classifier,Q7397,software
P12468,PyPI trove classifier,Q9143,programming language
P12469,graduation rate,Q38723,higher education institution
P1247,compression ratio,Q630010,reciprocating engine
P12470,normal graduation time,Q38723,higher education institution
P12475,top scorer,Q27020041,sports season
P12476,filial church,Q102496,parish
P12477,aniSearch anime ID,Q11425,animation
P12478,Brazzers performer ID,Q5,human
P12479,Tekściory artist ID,Q215380,musical group
P12479,Tekściory artist ID,Q5,human
P12480,Hong Kong Cinema person ID,Q5,human
P12481,PlaymakerStats.com sports executive ID,Q5,human
P12482,Műemlékem.hu identifier,Q811979,architectural structure
P12483,PMB – Personen der Moderne Basis person ID,Q5,human
P12483,PMB – Personen der Moderne Basis person ID,Q178885,deity
P12483,PMB – Personen der Moderne Basis person ID,Q3658341,literary character
P12484,competition judge,Q15416,television program
P12484,competition judge,Q4504495,award ceremony
P12484,competition judge,Q476300,competition
P12484,competition judge,Q618779,award
P12486,GNM ID,Q838948,work of art
P12489,livechart.me anime ID,Q1107,anime
P12489,livechart.me anime ID,Q2431196,audiovisual work
P12489,livechart.me anime ID,Q717122,Glove puppetry
P12489,livechart.me anime ID,Q122795007,anime project
P1249,time of earliest written record,Q187931,phrase
P1249,time of earliest written record,Q43229,organization
P1249,time of earliest written record,Q5,human
P1249,time of earliest written record,Q7832362,traditional story
P1249,time of earliest written record,Q13002315,legendary figure
P1249,time of earliest written record,Q15642541,human-geographic territorial entity
P1249,time of earliest written record,Q179700,statue
P1249,time of earliest written record,Q25810847,folklore character
P1249,time of earliest written record,Q3257782,locution
P1249,time of earliest written record,Q34770,language
P1249,time of earliest written record,Q486972,human settlement
P1249,time of earliest written record,Q811430,fixed construction
P12491,SMIRKS,Q14860489,molecular function
P12491,SMIRKS,Q36534,chemical reaction
P12492,Trakt.tv film ID,Q11424,film
P12494,NACSIS-CAT library ID,Q7075,library
P12494,NACSIS-CAT library ID,Q1030034,GLAM
P12494,NACSIS-CAT library ID,Q16917,hospital
P12494,NACSIS-CAT library ID,Q31855,research institute
P12495,Epigraphic Database Roma ID,Q1640824,inscription
P12496,WhatPub pub ID,Q5307737,alcohol drinking establishment
P12498,JAHIS Law Database ID,Q820655,statute
P12499,literatura.kg person ID,Q5,human
P1250,Danish Bibliometric Research Indicator (BFI) SNO/CNO,Q2217301,serial
P12500,nagrada.srs.kg person ID,Q5,human
P12501,who.ca-news.org person ID,Q5,human
P12507,European Union trademark number,Q167270,trademark
P12507,European Union trademark number,Q43229,organization
P12509,GCatholic episcopal conference ID,Q637017,episcopal conference
P1251,ABS ASCL 2011 code,Q17376908,languoid
P12511,2nd German Basketball Bundesliga ID,Q5,human
P12516,rug style,Q28823,textile
P12517,Consortium of Midwest Herbaria taxon ID,Q16521,taxon
P1252,AUSTLANG code,Q17376908,languoid
P12520,Italian Senate (1848-1943) ID,Q5,human
P12524,Finnish Service Catalogue organization ID,Q43229,organization
P12525,Köztérkép creator ID,Q5,human
P12526,performing organization,Q1980247,chapter
P12526,performing organization,Q732577,publication
P12528,TNHR&CE temple ID,Q2069741,matha
P12528,TNHR&CE temple ID,Q2613100,Jain temple
P12528,TNHR&CE temple ID,Q842402,Hindu temple
P1253,BCU Ecrivainsvd ID,Q5,human
P12530,Malaysia company new number,Q4830453,business
P12530,Malaysia company new number,Q783794,company
P12531,GARAE ID,Q5,human
P12532,Oyez Project ID,Q2334719,legal case
P12532,Oyez Project ID,Q5,human
P12533,Gematsu event ID,Q1656682,event
P12538,Galician Authors in the BUSC ID (former scheme),Q5,human
P12539,Premier League player ID (archived),Q5,human
P1254,Slovenska biografija ID,Q5,human
P12541,Ludzie Nauki ID (new),Q5,human
P12544,RatingGraph TV show ID,Q15416,television program
P12544,RatingGraph TV show ID,Q24856,film series
P12548,media modality,Q386724,work
P12549,height of letters,Q1640824,inscription
P1255,HelveticArchives ID,Q43229,organization
P1255,HelveticArchives ID,Q5,human
P12551,11v11 player ID,Q5,human
P12553,ECF rating code,Q5,human
P12554,CalPhotos taxon ID,Q16521,taxon
P12558,TMDB season ID,Q3464665,television series season
P12558,TMDB season ID,Q581714,animated series
P12559,TMDB episode ID,Q4504495,award ceremony
P12559,TMDB episode ID,Q1261214,television special
P12559,TMDB episode ID,Q21191270,television series episode
P12559,TMDB episode ID,Q506240,television film
P12561,SteamGridDB ID,Q35127,website
P12561,SteamGridDB ID,Q7397,software
P12561,SteamGridDB ID,Q8076,video game console
P12562,Amazon Luna game ID,Q7889,video game
P12564,Triton Poker player ID,Q5,human
P12566,Traineras rower ID,Q5,human
P12567,StatMuse Premier League player ID,Q5,human
P12568,AllSkaters person ID,Q5,human
P12569,DoblajeVideojuegos dub actor ID,Q5,human
P1257,depicts Iconclass notation,Q17489659,group of works
P1257,depicts Iconclass notation,Q838948,work of art
P12570,IsThereAnyDeal ID,Q11410,game
P12571,derived from base unit,Q47574,unit of measurement
P12574,International Classification of Nonprofit Organizations,Q8187769,economic activity
P12574,International Classification of Nonprofit Organizations,Q268592,industry
P12576,Brazilian Football Confederation player ID,Q5,human
P12577,BeSoccer player ID,Q5,human
P12578,A New Nation Votes ID,Q5,human
P12579,istina.msu.ru person ID,Q5,human
P1258,Rotten Tomatoes ID,Q215380,musical group
P1258,Rotten Tomatoes ID,Q559618,fictional universe
P1258,Rotten Tomatoes ID,Q1002697,periodical
P1258,Rotten Tomatoes ID,Q11424,film
P1258,Rotten Tomatoes ID,Q15416,television program
P1258,Rotten Tomatoes ID,Q196600,media franchise
P1258,Rotten Tomatoes ID,Q3464665,television series season
P1258,Rotten Tomatoes ID,Q35127,website
P1258,Rotten Tomatoes ID,Q526877,web series
P1258,Rotten Tomatoes ID,Q729,Animalia
P12580,KupiGolos game ID,Q7889,video game
P12581,Oskar Schindler Archive agent ID,Q5,human
P12583,RTE substation ID,Q174814,electrical substation
P12584,Theatrical Index company ID,Q1759246,theatrical producer
P12584,Theatrical Index company ID,Q192283,news agency
P12584,Theatrical Index company ID,Q3152824,cultural institution
P12584,Theatrical Index company ID,Q3469910,performing arts center
P12584,Theatrical Index company ID,Q5354754,talent agency
P12584,Theatrical Index company ID,Q742421,theatre company
P12585,Touhou Wiki ID,Q14897293,fictional entity
P12585,Touhou Wiki ID,Q17537576,creative work
P12586,Traineras club ID,Q7372078,rowing club
P12588,Slovenian organization number,Q43229,organization
P12589,Featherbase ID,Q16521,taxon
P12589,Featherbase ID,Q82794,region
P1259,coordinates of the point of view,Q4502142,visual artwork
P12590,TUESPWiki ID,Q14897293,fictional entity
P12590,TUESPWiki ID,Q17537576,creative work
P12591,Theatrical Index theatre ID,Q230752,auditorium
P12591,Theatrical Index theatre ID,Q57660343,performing arts building
P12592,Supreme Court of Canada case number,Q2334719,legal case
P12595,National Library of Uruguay authority ID,Q43229,organization
P12595,National Library of Uruguay authority ID,Q5,human
P12597,museum-digital ID,Q4116295,surname
P12597,museum-digital ID,Q106668099,corporate body
P12597,museum-digital ID,Q5,human
P12598,government.ru person ID,Q5,human
P12599,arch2.iofe.center person ID,Q5,human
P12601,China Ministry of Industry and Information Technology ID,Q1780509,telecommunications device
P12602,BFO class ID,Q35120,entity
P12603,Sculpturo ID,Q220659,archaeological artefact
P12603,Sculpturo ID,Q860861,sculpture
P12604,Michigan Historical Marker ID,Q721747,commemorative plaque
P12605,API formatter URL,Q18616576,Wikidata property
P12606,Barry Hugman's Footballers player ID,Q5,human
P12607,droitne.ch author ID,Q5,human
P12608,Statbunker player ID,Q5,human
P12609,ffspb.org player ID,Q5,human
P1261,Scandinavian Runic-text Database ID,Q7379880,runic inscription
P1261,Scandinavian Runic-text Database ID,Q815241,runestone
P12612,WildTangent Games ID,Q7889,video game
P12613,HCERES organisation ID,Q43229,organization
P12614,az.lib.ru author ID,Q5,human
P12617,creative director,Q386724,work
P12618,ID of member of the Chambre des députés,Q5,human
P12620,mosff.ru staff ID,Q5,human
P12621,beneficial owner,Q43229,organization
P12622,PeerTube channel address,Q1668024,service on Internet
P12622,PeerTube channel address,Q5,human
P12622,PeerTube channel address,Q386724,work
P12622,PeerTube channel address,Q43229,organization
P12623,WDF player ID,Q5,human
P12624,The Spriters Resource game ID,Q7889,video game
P12625,Cemu Wiki article ID,Q7889,video game
P12626,Génération Nintendo game ID,Q7889,video game
P12627,British Comedy Guide person ID,Q5,human
P12629,Zillow zpid,Q811979,architectural structure
P1263,Notable Names Database ID,Q21070598,figure that may or may not be fictional
P1263,Notable Names Database ID,Q5,human
P12632,Algerian trademark number ID,Q167270,trademark
P12634,official server list URL,Q7397,software
P12635,Delisted Games ID,Q7889,video game
P12636,Algerian commune ID,Q2989398,commune of Algeria
P12640,pressball.by football manager ID,Q5,human
P12642,EBITDA,Q43229,organization
P12644,GovTrack person ID,Q5,human
P12645,PlantZAfrica Plants of the Week ID,Q16521,taxon
P12646,Kritikanstvo game ID,Q7889,video game
P12647,Kritikanstvo publication ID,Q35127,website
P12647,Kritikanstvo publication ID,Q11032,newspaper
P12647,Kritikanstvo publication ID,Q41298,magazine
P12648,Kritikanstvo critic ID,Q5,human
P1265,AlloCiné film ID,Q11424,film
P1265,AlloCiné film ID,Q5398426,television series
P12650,electoral symbol,Q7278,political party
P12651,authorised capital,Q43229,organization
P12652,My Abandonware game ID,Q7889,video game
P12654,IAFD film UUID,Q11424,film
P12659,Rugby Romania player ID,Q5,human
P1266,AlloCiné person ID,Q5,human
P12660,Scottish Register of Tartans ID,Q216797,tartan
P12661,Asociation Espanola de Amigos de los Castillos ID,Q12518,tower
P12661,Asociation Espanola de Amigos de los Castillos ID,Q57821,fortification
P12662,NICE Paintings ID,Q3305213,painting
P12663,risk group,Q16521,taxon
P12663,risk group,Q7239,organism
P12665,Algerian district ID,Q2614970,district of Algeria
P12666,English & Scottish Football League transfers player ID,Q5,human
P12667,The Spriters Resource platform ID,Q241317,computing platform
P12668,Encyklopedia Medyków Powstania Warszawskiego ID,Q5,human
P12669,Cerist ID,Q215627,person
P1267,AlloCiné series ID,Q15709880,serial
P1267,AlloCiné series ID,Q11424,film
P1267,AlloCiné series ID,Q15416,television program
P12670,Flora Croatica Database taxon ID,Q16521,taxon
P12671,Quadrinhopédia person ID,Q5,human
P12672,Slovak Paralympic Committee athlete ID,Q5,human
P12673,Czech Paralympic Committee athlete ID,Q5,human
P12676,Hindawi Foundation book ID,Q47461344,written work
P12679,Pennsylvania State Senate ID,Q5,human
P12680,deterioration,Q16686448,artificial object
P12683,FilmVandaag ID,Q5398426,television series
P12683,FilmVandaag ID,Q11424,film
P12683,FilmVandaag ID,Q1261214,television special
P12683,FilmVandaag ID,Q24856,film series
P12684,FBW ID,Q11424,film
P12684,FBW ID,Q3464665,television series season
P12684,FBW ID,Q5398426,television series
P12688,Jerusalem Film Cinematheque person ID,Q5,human
P12691,Stichting Erfgoed Nederlandse Biercultuur brewery ID,Q131734,brewery
P12692,representation type,Q1243409,heraldic attitude
P12692,representation type,Q391414,architectural element
P12692,representation type,Q1121690,beverage can
P12692,representation type,Q138619,ideogram
P12692,representation type,Q1509831,"titles of Mary, mother of Jesus"
P12692,representation type,Q20203727,mythical object
P12692,representation type,Q215627,person
P12692,representation type,Q220659,archaeological artefact
P12692,representation type,Q29654788,Unicode character
P12692,representation type,Q386724,work
P12692,representation type,Q47433,banknote
P12692,representation type,Q478798,image
P12692,representation type,Q631305,rock formation
P12696,Dhliz ID,Q5398426,television series
P12696,Dhliz ID,Q11424,film
P12696,Dhliz ID,Q5,human
P12697,RAG ID - Repertorium Academicum Germanicum,Q5,human
P12698,The Sounds Resource game ID,Q7889,video game
P127,owned by,Q1417728,trade name
P127,owned by,Q14897293,fictional entity
P127,owned by,Q1656682,event
P127,owned by,Q16686448,artificial object
P127,owned by,Q167270,trademark
P127,owned by,Q24334685,mythical entity
P127,owned by,Q340169,communications media
P127,owned by,Q43229,organization
P127,owned by,Q4406616,concrete object
P127,owned by,Q47311934,fleet
P127,owned by,Q4835091,territory
P127,owned by,Q6671777,structure
P1270,Norwegian Register journal ID,Q1002697,periodical
P12702,Kōmako author ID,Q5,human
P12703,LombardiaBeniCulturali collection ID,Q2668072,collection
P12706,CDC Stacks ID,Q732577,publication
P12707,Authority file of the Iraqi Authors ID,Q5,human
P12708,Gentoo GURU package ID,Q7397,software
P12709,TheLegacy game ID,Q7889,video game
P1271,Norway Database for Statistics on Higher education publisher ID,Q2085381,publishing house
P12712,population by native language,Q4835091,territory
P12715,Pushkin Museum artist ID,Q5,human
P12716,Virtual Russian Museum artist ID,Q5,human
P12717,LGD Block Code,Q2775236,community development block in India
P12719,ICPE establishment ID,Q13226383,facility
P12720,WIPO Lex ID,Q740464,legal act
P12722,WiiG.de developer ID,Q210167,video game developer
P12722,WiiG.de developer ID,Q5,human
P12723,WiiG.de publisher ID,Q1137109,video game publisher
P12727,GOG product ID,Q7889,video game
P12728,Archnet authority ID,Q5,human
P12728,Archnet authority ID,Q2221906,geographic location
P12728,Archnet authority ID,Q43229,organization
P1273,CANTIC ID (former scheme),Q215627,person
P1273,CANTIC ID (former scheme),Q61002,pseudonym
P1273,CANTIC ID (former scheme),Q17537576,creative work
P1273,CANTIC ID (former scheme),Q21070598,figure that may or may not be fictional
P1273,CANTIC ID (former scheme),Q43229,organization
P1273,CANTIC ID (former scheme),Q618123,geographical feature
P12731,Archaeological investigations in Hungary ID,Q5,human
P12731,Archaeological investigations in Hungary ID,Q33506,museum
P12731,Archaeological investigations in Hungary ID,Q839954,archaeological site
P12732,Global Egyptian Museum ID,Q8205328,artificial physical object
P12733,Historic Synagogues of Europe ID,Q34627,synagogue
P12734,TheLegacy company ID,Q4830453,business
P12735,Nintendo Life game ID,Q7889,video game
P12736,Push Square game ID,Q7889,video game
P12737,Pure Xbox game ID,Q7889,video game
P1274,ISFDB title ID,Q386724,work
P12742,Bundes-Klinik-Atlas hospital ID,Q16917,hospital
P12743,Atarimuseum ID,Q7889,video game
P12745,LGD Village Code,Q56436498,village in India
P12746,LGD District Code,Q1149652,district of India
P12747,LGD State or UT Code,Q131541,states and union territories of India
P1275,Norway Import Service and Registration Authority publisher code,Q2085381,publishing house
P12750,Dermaptera Species File taxon ID,Q16521,taxon
P12751,Embioptera Species File taxon ID,Q16521,taxon
P12752,Isoptera Species File taxon ID,Q16521,taxon
P12753,Zoraptera Species File taxon ID,Q16521,taxon
P12754,Bildindex der Kunst und Architektur PID,Q8205328,artificial physical object
P12754,Bildindex der Kunst und Architektur PID,Q838948,work of art
P12758,Transfermarkt competition ID,Q1478437,association football competition
P12759,Sinhala Cinema artist ID,Q5,human
P1276,Dictionnaire du Jura ID,Q5,human
P1276,Dictionnaire du Jura ID,Q811979,architectural structure
P12760,Sinhala Cinema film ID,Q11424,film
P12763,taxon synonym of,Q16521,taxon
P12764,replaced synonym of,Q16521,taxon
P12764,replaced synonym of,Q17134993,validly published name
P12765,protonym of,Q16521,taxon
P12766,basionym of,Q16521,taxon
P12767,Aphid Species File taxon ID,Q16521,taxon
P12768,Grylloblattodea Species File taxon ID,Q16521,taxon
P12769,Mantophasmatodea Species File taxon ID,Q16521,taxon
P1277,JUFO ID,Q2085381,publishing house
P1277,JUFO ID,Q2217301,serial
P12770,Plecoptera Species File taxon ID,Q16521,taxon
P12771,Coleorrhyncha Species File taxon ID,Q16521,taxon
P12772,Milldatabase ID,Q44494,mill
P12776,IAFD person UUID,Q5,human
P12777,F.C. Copenhagen player ID,Q5,human
P12779,Arkitekturguide for Nord-Norge og Svalbard-ID,Q41176,building
P1278,Legal Entity Identifier,Q5,human
P1278,Legal Entity Identifier,Q43229,organization
P1278,Legal Entity Identifier,Q486972,human settlement
P1278,Legal Entity Identifier,Q56061,administrative territorial entity
P12780,Korrespondenzen der Frühromantik person ID,Q5,human
P12782,Filozofia jezuitów w Polsce w XX wieku ID,Q5,human
P12784,Locomotive Yaroslavl HC player ID,Q5,human
P12785,Orthoptera Species File taxon ID (new),Q16521,taxon
P12786,Flown From the Nest person ID,Q5,human
P12791,Seret film ID,Q11424,film
P12792,Limited Liability Partnership Identification Number,Q43229,organization
P12794,PNG School Code,Q2385804,educational institution
P12795,showrunner,Q15416,television program
P12795,showrunner,Q3464665,television series season
P12795,showrunner,Q5398426,television series
P128,regulates (molecular biology),Q2996394,biological process
P128,regulates (molecular biology),Q178593,macromolecule
P1280,CONOR.SI ID,Q5,human
P1280,CONOR.SI ID,Q56061,administrative territorial entity
P1280,CONOR.SI ID,Q61002,pseudonym
P1280,CONOR.SI ID,Q13226383,facility
P1280,CONOR.SI ID,Q1656682,event
P1280,CONOR.SI ID,Q41176,building
P1280,CONOR.SI ID,Q43229,organization
P12801,thisisbasketball.be player ID,Q5,human
P12804,MNAHA person ID,Q5,human
P12807,Tropicos person ID,Q5,human
P1281,WOEID,Q2221906,geographic location
P1281,WOEID,Q82794,region
P12811,FC Metz player ID,Q5,human
P12813,itch.io numeric ID,Q7397,software
P12814,filmas.lv film ID,Q11424,film
P12815,filmas.lv person ID,Q5,human
P12816,filmas.lv studio ID,Q11396960,production company
P12816,filmas.lv studio ID,Q368290,film distributor
P12816,filmas.lv studio ID,Q375336,film studio
P12817,Cockroach Species File taxon ID (new),Q16521,taxon
P12818,Lygaeoidea Species File taxon ID (new),Q16521,taxon
P12819,Phasmida Species File taxon ID (new),Q16521,taxon
P12820,Psocodea Species File taxon ID (new),Q16521,taxon
P12822,Norwegian National Museum producer ID,Q4830453,business
P12822,Norwegian National Museum producer ID,Q5,human
P12823,Burgenwelt ID,Q2116450,manor estate
P12823,Burgenwelt ID,Q1015644,deserted castle site
P12823,Burgenwelt ID,Q109607,ruins
P12823,Burgenwelt ID,Q1349587,earthworks
P12823,Burgenwelt ID,Q1408475,fortified house
P12823,Burgenwelt ID,Q16748868,city walls
P12823,Burgenwelt ID,Q1785071,fort
P12823,Burgenwelt ID,Q18272436,city fortifications
P12823,Burgenwelt ID,Q23413,castle
P12823,Burgenwelt ID,Q2741017,fortress church
P12823,Burgenwelt ID,Q751876,château
P12823,Burgenwelt ID,Q82117,city gate
P12823,Burgenwelt ID,Q88291,citadel
P12827,danskfodbold.com player ID,Q5,human
P1283,filmography,Q5,human
P1283,filmography,Q215380,musical group
P1283,filmography,Q24856,film series
P1283,filmography,Q95074,character
P12830,music mood,Q55850593,music track with vocals
P12830,music mood,Q55850643,music track without lyrics
P12832,Canadian Great War Project person ID,Q5,human
P12834,PMC journal ID,Q5633421,scientific journal
P12836,Douban personage ID,Q26401003,individual animal
P12836,Douban personage ID,Q95074,character
P12836,Douban personage ID,Q2088357,musical ensemble
P1284,Munzinger person ID,Q15632617,fictional human
P1284,Munzinger person ID,Q5,human
P12840,Cineuropa distributor ID,Q368290,film distributor
P12841,Cineuropa production company ID,Q11396960,production company
P12841,Cineuropa production company ID,Q375336,film studio
P12842,OpenCitations Meta ID,Q386724,work
P12842,OpenCitations Meta ID,Q5,human
P12843,IGN franchise ID,Q196600,media franchise
P12847,Cambridge University Press book ID,Q47461344,written work
P12848,Canadian Virtual War Memorial ID,Q5,human
P1285,Munzinger Sport number,Q43229,organization
P1285,Munzinger Sport number,Q5,human
P12850,Personnel Records of the First World War ID,Q5,human
P12852,NooSFere publisher ID,Q43229,organization
P12854,Plex person key,Q215380,musical group
P12854,Plex person key,Q5,human
P12856,Index Fungorum person ID,Q5,human
P12857,stiga.trefik.cz player ID,Q5,human
P12858,UNIBO professor ID,Q5,human
P12859,Cineuropa international sales agent ID,Q368290,film distributor
P1286,Munzinger Pop ID,Q2088357,musical ensemble
P1286,Munzinger Pop ID,Q5,human
P12863,RGALI person ID,Q5,human
P12864,RGALI organization ID,Q43229,organization
P12865,Archelec person ID,Q5,human
P12875,StarWars.com ID,Q2431196,audiovisual work
P12875,StarWars.com ID,Q5398426,television series
P12876,writing technique,Q1640824,inscription
P12877,ScienceDirect journal ID,Q5633421,scientific journal
P12877,ScienceDirect journal ID,Q737498,academic journal
P12878,last appearance,Q14897293,fictional entity
P12878,last appearance,Q1190554,occurrence
P12878,last appearance,Q16686448,artificial object
P12878,last appearance,Q24334685,mythical entity
P12879,Filmová databáze film ID,Q11424,film
P12879,Filmová databáze film ID,Q15416,television program
P12880,Filmová databáze person ID,Q5,human
P12881,FC Krasnodar player ID,Q5,human
P12887,islamway authority ID,Q5,human
P12888,Metamath statement ID,Q24034552,mathematical concept
P12888,Metamath statement ID,Q246672,mathematical object
P12890,Imperial University of Dorpat student ID,Q5,human
P12893,autoritateak.eus ID,Q5,human
P12894,Museum of the Russian Academy of Arts artist ID,Q5,human
P12895,indexer,Q386724,work
P12896,Nintendo Life company ID,Q1137109,video game publisher
P12896,Nintendo Life company ID,Q210167,video game developer
P12897,Wiley Online Library journal ID,Q5633421,scientific journal
P12897,Wiley Online Library journal ID,Q737498,academic journal
P12898,Museums in Russia ID,Q33506,museum
P12899,Helveticat ID,Q47461344,written work
P12899,Helveticat ID,Q732577,publication
P129,physically interacts with,Q4406616,concrete object
P1290,godparent,Q14897293,fictional entity
P1290,godparent,Q3500690,church bell
P1290,godparent,Q5,human
P12902,Women in Resistance ID,Q5,human
P12905,Emerald Group Publishing journal ID,Q5633421,scientific journal
P12905,Emerald Group Publishing journal ID,Q737498,academic journal
P12906,Taylor & Francis journal ID,Q5633421,scientific journal
P12906,Taylor & Francis journal ID,Q737498,academic journal
P12909,The New Mithraeum ID,Q1151014,mithraeum
P12909,The New Mithraeum ID,Q1640824,inscription
P12909,The New Mithraeum ID,Q220659,archaeological artefact
P1291,Association Authors of Switzerland ID (former scheme),Q5,human
P12910,Finnish Ministers database ID (new),Q5,human
P12911,State Historical Museum of Russia person ID,Q5,human
P12912,object of occurrence,Q1190554,occurrence
P12912,object of occurrence,Q12737077,occupation
P12913,class of object(s) of occurrence,Q1190554,occurrence
P12913,class of object(s) of occurrence,Q12737077,occupation
P12915,Educational center of resistance and deportation of Landes ID,Q5,human
P12918,French bathing water ID,Q40080,beach
P12919,public funding,Q7278,political party
P1292,DNB edition ID,Q108346082,release group
P1292,DNB edition ID,Q732577,publication
P1292,DNB edition ID,Q10383930,academic work
P1292,DNB edition ID,Q18127,record label
P1292,DNB edition ID,Q1917775,music publisher
P1292,DNB edition ID,Q277759,book series
P12920,Norwegian Kunstnerforbundet artist ID,Q5,human
P12924,365scores football player ID,Q5,human
P12925,African Music Library artist ID,Q5,human
P12927,GamingOnLinux Database ID,Q7889,video game
P12928,TIPLOC code,Q27096213,geographic entity
P12929,JJM Habitation ID,Q5084,hamlet
P12930,IDU play ID,Q2635894,radio drama
P12930,IDU play ID,Q7725634,literary work
P12931,IDU literary work ID,Q5398426,television series
P12931,IDU literary work ID,Q17537576,creative work
P12931,IDU literary work ID,Q277759,book series
P12931,IDU literary work ID,Q7725634,literary work
P12932,Stichting Erfgoed Nederlandse Biercultuur beer ID,Q44,beer
P12935,Illinois Center for the Book author ID,Q5,human
P12936,Slekt og Data grave ID,Q5,human
P12937,FolkWiki ID,Q5,human
P12937,FolkWiki ID,Q114586269,lyrico-musical work
P12939,365scores football team ID,Q476028,association football club
P1294,WWF ecoregion code,Q6617741,WWF ecoregion
P12940,speedrun.com series ID,Q196600,media franchise
P12941,All Musicals lyrics ID,Q842256,musical film
P12941,All Musicals lyrics ID,Q207628,composed musical work
P12941,All Musicals lyrics ID,Q2743,musical
P12942,MobyGames critic ID,Q35127,website
P12942,MobyGames critic ID,Q11032,newspaper
P12942,MobyGames critic ID,Q41298,magazine
P12943,Polygon game ID,Q7889,video game
P12945,365scores basketball player ID,Q5,human
P12948,Retromags game ID,Q116779426,group of video games often treated as a singular game
P12948,Retromags game ID,Q7889,video game
P12949,denomination,Q1368,money
P1295,emissivity,Q214609,material
P12950,Nomes e Voces ID,Q5,human
P12955,Ciel d'oc ID,Q5,human
P12958,GameSpot genre ID,Q7889,video game
P1296,Gran Enciclopèdia Catalana ID (former scheme),Q35120,entity
P12961,monument ID in the archive of Linz,Q2065736,cultural property
P12961,monument ID in the archive of Linz,Q22698,park
P12961,monument ID in the archive of Linz,Q811979,architectural structure
P12962,365scores basketball team ID,Q13393265,basketball team
P12963,Altar of Gaming character ID,Q1569167,video game character
P12965,Yediot Books book ID,Q47461344,written work
P12969,game designer,Q11410,game
P1297,IRS Employer Identification Number,Q43229,organization
P12970,Tabletopia game ID,Q17351672,social game
P12971,cnkgraph book ID,Q47461344,written work
P12973,cnkgraph poem ID,Q47461344,written work
P12975,Lexikon der Mathematik entry ID,Q5,human
P12975,Lexikon der Mathematik entry ID,Q20026918,mathematical theory
P12975,Lexikon der Mathematik entry ID,Q24034552,mathematical concept
P12975,Lexikon der Mathematik entry ID,Q246672,mathematical object
P12977,Tretyakov Gallery artist ID,Q5,human
P12978,TV Maze character ID,Q15773317,television character
P12979,Say Who ID,Q5,human
P12981,handwriting example,Q5,human
P12983,Prosocour person ID,Q5,human
P12985,Athletics New Zealand athlete ID,Q5,human
P12986,Encyclopedia of Tunisian Women person ID,Q5,human
P12988,ACUM performer ID,Q2088357,musical ensemble
P12988,ACUM performer ID,Q5,human
P12989,ACUM creator/publisher ID,Q18127,record label
P12989,ACUM creator/publisher ID,Q5,human
P12991,ACUM album ID,Q482994,album
P12992,objects of occurrence have role,Q1190554,occurrence
P12993,role of agent(s) of action,Q1190554,occurrence
P12994,class of agent(s) of action,Q1190554,occurrence
P12994,class of agent(s) of action,Q14136353,fictional occurrence
P12995,agent of action,Q1190554,occurrence
P12996,culture.ru organization ID,Q43229,organization
P12997,Hindustan Times topic ID,Q5,human
P12997,Hindustan Times topic ID,Q1656682,event
P12997,Hindustan Times topic ID,Q43229,organization
P1300,bibcode,Q1002697,periodical
P13001,Linked Open Vocabularies ID,Q324254,ontology
P13002,Ontobee ID,Q324254,ontology
P13003,typeset.io journal ID,Q5633421,scientific journal
P13003,typeset.io journal ID,Q737498,academic journal
P13004,NooSFere editorial collection ID,Q20655472,editorial collection
P13005,pomniky.npmk.cz ID,Q575759,war memorial
P1301,number of elevators,Q27096213,geographic entity
P13014,Dictionary of guerrillas and anti-Franco resistance fighters ID,Q5,human
P13016,GameReactor company ID,Q5,human
P13016,GameReactor company ID,Q1137109,video game publisher
P13016,GameReactor company ID,Q210167,video game developer
P13017,Latgales dati person ID,Q5,human
P13018,FantLab artist ID,Q5,human
P13021,MetalTabs.com band ID,Q215380,musical group
P13023,HA! artwork ID,Q3305213,painting
P13024,France Télévisions program ID,Q15416,television program
P13026,Radio France program ID,Q1555508,radio program
P13028,Norwegian Media Authority's film rating ID,Q11424,film
P1303,instrument,Q215627,person
P1303,instrument,Q14897293,fictional entity
P13031,MyWaifuList character ID,Q55155641,VTuber
P13031,MyWaifuList character ID,Q1569167,video game character
P13031,MyWaifuList character ID,Q15711870,animated character
P13031,MyWaifuList character ID,Q3658341,literary character
P13035,Western Australian Biographical Index,Q5,human
P1304,central bank,Q484652,international organization
P1304,central bank,Q161243,dependent territory
P1304,central bank,Q6256,country
P13040,Biblioteka Nauki journal ID,Q5633421,scientific journal
P13041,Biblioteka Nauki book ID,Q571,book
P13042,Biblioteka Nauki publisher ID,Q2085381,publishing house
P13042,Biblioteka Nauki publisher ID,Q38723,higher education institution
P13043,PNM Middle Kingdom and New Kingdom person ID,Q5,human
P13044,characteristic of,Q1156854,policy
P13044,characteristic of,Q246672,mathematical object
P13044,characteristic of,Q30241068,observable entity
P13046,publication type of scholarly work,Q732577,publication
P13049,DDB person (GND) ID,Q61002,pseudonym
P13049,DDB person (GND) ID,Q729,Animalia
P13049,DDB person (GND) ID,Q14897293,fictional entity
P13049,DDB person (GND) ID,Q20830276,group of mythical characters
P13049,DDB person (GND) ID,Q8436,family
P1305,CTBUH Skyscraper Center building ID,Q811979,architectural structure
P13050,CIRDOC publication ID,Q732577,publication
P13051,CIRDOC author ID,Q5,human
P13052,BAHRA ID,Q27096213,geographic entity
P13053,aniSearch person ID,Q5,human
P13056,Rate Your Music track ID,Q55850593,music track with vocals
P13056,Rate Your Music track ID,Q55850643,music track without lyrics
P13057,Spirit of Metal band ID,Q2088357,musical ensemble
P13058,Madelen person ID,Q5,human
P13059,Babelio subject ID,Q35120,entity
P13061,World Historical Gazetteer place ID,Q27096213,geographic entity
P13062,VG247 series ID,Q7058673,video game series
P13063,ITTF PTT ID,Q5,human
P13064,Lega Serie A player ID,Q5,human
P13065,Push Square series ID,Q7058673,video game series
P13066,LWW journal ID,Q5633421,scientific journal
P13067,BioDb Castilla-LM ID,Q5,human
P1307,Swiss parliament ID,Q5,human
P13072,DVIDS unit ID,Q176799,military unit
P13073,Korean Basketball League player ID,Q5,human
P13075,Acervo de Literatura Digital Mato-Grossense person ID,Q5,human
P13076,Acervo de Literatura Digital Mato-Grossense work of art ID,Q838948,work of art
P1308,position holder,Q21451536,"fictional office, position, or title"
P1308,position holder,Q4164871,position
P13080,Songkick area ID,Q486972,human settlement
P13080,Songkick area ID,Q56061,administrative territorial entity
P13084,Steam tag ID,Q107647829,video game mechanic
P13085,L'Équipe basketball team ID,Q13393265,basketball team
P13086,AELC author ID,Q5,human
P1309,EGAXA ID,Q5,human
P13092,KISTI ID,Q132241,festival
P13092,KISTI ID,Q13414953,religious denomination
P13092,KISTI ID,Q35127,website
P13092,KISTI ID,Q4213,telescope
P13092,KISTI ID,Q43229,organization
P13092,KISTI ID,Q13226383,facility
P13092,KISTI ID,Q41176,building
P13092,KISTI ID,Q431289,brand
P13093,Israel Railways station number,Q55488,railway station
P13097,FightTime fighters ID,Q5,human
P13098,Finlandssvenska bebyggelsenamn ID,Q27096213,geographic entity
P13101,L'Équipe basketball player ID,Q5,human
P13102,Damehåndbolddatabasen ID,Q5,human
P13104,graphclasses.org ID,Q3435924,computational problem
P13104,graphclasses.org ID,Q722659,graph property
P13105,Taiwan Professional Basketball League player ID,Q5,human
P13106,PublicationsList author ID,Q5,human
P13108,Spirit of Metal album ID,Q482994,album
P13110,Spirit of Metal artist ID,Q5,human
P13111,Spirit of Metal label ID,Q18127,record label
P13112,Spirit of Metal place ID,Q27096213,geographic entity
P13118,VK Music track ID,Q55850643,music track without lyrics
P13119,Taiwan Railways (TR) station number,Q55488,railway station
P1312,has facet polytope,Q747980,polytope
P13121,Archivportal NRW ID,Q166118,archives
P13124,BioMed Central journal ID,Q5633421,scientific journal
P13125,Immortal Regiment ID,Q5,human
P13127,Eurotopics ID,Q11033,mass media
P13128,TMDB network ID,Q2001305,television channel
P13128,TMDB network ID,Q1254874,television network
P13128,TMDB network ID,Q1616075,television station
P1313,office held by head of government,Q3895768,fictional location
P1313,office held by head of government,Q4358176,council
P1313,office held by head of government,Q56061,administrative territorial entity
P1313,office held by head of government,Q640506,cabinet
P1313,office held by head of government,Q7188,government
P13132,ANID Researcher Portal ID,Q5,human
P13133,TOPO ID,Q618123,geographical feature
P13134,DBIS Resource ID,Q8513,database
P13134,DBIS Resource ID,Q121182,information system
P13134,DBIS Resource ID,Q1224889,digital edition
P13134,DBIS Resource ID,Q35127,website
P13134,DBIS Resource ID,Q4182287,search engine
P13137,ISFDB editorial collection ID,Q20655472,editorial collection
P13138,Great Norwegian Encyclopedia contributor ID,Q5,human
P13139,ILEC World Lake Database ID,Q15324,body of water
P1314,number of spans,Q12280,bridge
P13142,SGES monument ID,Q618123,geographical feature
P13142,SGES monument ID,Q8205328,artificial physical object
P13144,Electronic Language International Festival person ID,Q5,human
P13145,Medieval Coin Hoards of the British Isles ID,Q4922985,treasure trove
P13146,image of this person doing their job,Q5,human
P13147,Paramount+ video ID,Q11424,film
P13147,Paramount+ video ID,Q21191270,television series episode
P13148,Le Club Mediapart blogger ID,Q5,human
P13148,Le Club Mediapart blogger ID,Q132241,festival
P13148,Le Club Mediapart blogger ID,Q340169,communications media
P13148,Le Club Mediapart blogger ID,Q43229,organization
P13149,Phish.net venue ID,Q17350442,venue
P13149,Phish.net venue ID,Q41176,building
P1315,NLA Trove people ID,Q20643955,human biblical figure
P1315,NLA Trove people ID,Q215627,person
P1315,NLA Trove people ID,Q1663557,initiative
P1315,NLA Trove people ID,Q43229,organization
P13151,Gallimard author ID,Q5,human
P13152,Football Kit Archive ID,Q4438121,sports organization
P13153,Bibliothèque du Séminaire de Tournai author ID,Q5,human
P13154,Bibliothèque du Séminaire de Tournai publisher ID,Q2085381,publishing house
P13155,Reg-Arts artist ID,Q5,human
P13156,EU Corporate body code,Q294414,public office
P13156,EU Corporate body code,Q43229,organization
P13159,L'AF au champ d'honneur ID,Q5,human
P1316,Swedish Media Database ID,Q386724,work
P13165,PCGames.de product ID,Q11424,film
P13165,PCGames.de product ID,Q4830453,business
P13165,PCGames.de product ID,Q5,human
P13165,PCGames.de product ID,Q196600,media franchise
P13165,PCGames.de product ID,Q5398426,television series
P13165,PCGames.de product ID,Q7397,software
P13168,Vidas author ID,Q5,human
P1317,floruit,Q14897293,fictional entity
P1317,floruit,Q26401003,individual animal
P1317,floruit,Q43229,organization
P13171,bequest income,Q43229,organization
P13172,Collectie Nederland ID,Q838948,work of art
P13173,Hachette author ID,Q5,human
P13174,CamerounWeb person ID,Q5,human
P13177,homonymous taxon,Q16521,taxon
P13178,OpenSSF Practices ID,Q1130645,open-source software
P13179,Japanese Health Insurance System Facility ID,Q13107184,pharmacy
P1318,proved by,Q108163,proposition
P13183,JudaicaLink person (GND) ID,Q20643955,human biblical figure
P13183,JudaicaLink person (GND) ID,Q16017119,collective pseudonym
P13183,JudaicaLink person (GND) ID,Q5,human
P13184,teams.by national team ID,Q12973014,sports team
P13185,Eyrolles author ID,Q5,human
P13186,Mémoire des avocats ID,Q5,human
P13187,role named in credits as,Q386724,work
P13188,meeting of,Q2761147,meeting
P13191,WHL player ID,Q5,human
P13193,Battle.net game ID,Q11410,game
P13195,aniSearch character ID,Q80447738,anime character
P13195,aniSearch character ID,Q87576284,manga character
P13196,Three Decks conflict ID,Q1261499,naval battle
P13197,Berlinische Galerie object ID,Q838948,work of art
P13198,ThePWHL.com player ID,Q5,human
P1320,OpenCorporates ID,Q1002697,periodical
P1320,OpenCorporates ID,Q43229,organization
P13200,Resistance in Belgium ID,Q56061,administrative territorial entity
P13200,Resistance in Belgium ID,Q43229,organization
P13200,Resistance in Belgium ID,Q5,human
P13201,Paris Match ID,Q5,human
P13205,Amsterdam Monumentenstad ID,Q811979,architectural structure
P13206,VG247 game ID,Q7889,video game
P13207,DNCI label ID,Q18127,record label
P13208,National Football Teams.com stadium ID,Q1076486,sports venue
P13210,organisation tax status,Q43229,organization
P13211,Dictionary of Norwegian Translators ID,Q5,human
P13212,MACM artist ID,Q1400264,artist collective
P13212,MACM artist ID,Q5,human
P13214,hockey1946.ru player ID,Q5,human
P13217,World Women's Snooker player ID,Q5,human
P13218,footballdatabase.eu match ID,Q12166442,association football match
P1322,dual to,Q125977,vector space
P1322,dual to,Q747980,polytope
P13221,SBOID,Q740752,transport company
P13222,Game Vortex software ID,Q7889,video game
P13223,Syrian Memory Institution person ID,Q5,human
P13225,myCast work ID,Q17537576,creative work
P13225,myCast work ID,Q95074,character
P13226,Hessian Biography person (GND) ID,Q5,human
P13226,Hessian Biography person (GND) ID,Q8436,family
P13228,Gaia ID,Q6999,astronomical object
P13229,Franceinfo journalist ID,Q5,human
P13231,Cinema Belgica person ID,Q5,human
P13232,Cinema Belgica venue ID,Q27096213,geographic entity
P13234,Rijksmuseum ID,Q838948,work of art
P13235,Cinema Belgica film ID,Q11424,film
P13238,entry height,Q42889,vehicle
P13239,Database of Canada's Early Women Writers ID,Q5,human
P13239,Database of Canada's Early Women Writers ID,Q27096213,geographic entity
P13239,Database of Canada's Early Women Writers ID,Q43229,organization
P13239,Database of Canada's Early Women Writers ID,Q47461344,written work
P1324,source code repository URL,Q49848,document
P1324,source code repository URL,Q629206,computer language
P1324,source code repository URL,Q1172284,data set
P1324,source code repository URL,Q17451,typeface
P1324,source code repository URL,Q192776,artificial neural network
P1324,source code repository URL,Q47461344,written work
P1324,source code repository URL,Q7397,software
P13241,Roman Inscriptions of Britain Online ID,Q1640824,inscription
P13244,Kvikmyndavefurinn work ID,Q11424,film
P13245,Kvikmyndavefurinn person ID,Q5,human
P13246,EHIS educational institution ID,Q2385804,educational institution
P13247,WSGF game ID,Q7889,video game
P13248,Kvikmyndavefurinn company ID,Q1762059,film production company
P13248,Kvikmyndavefurinn company ID,Q368290,film distributor
P13250,HonestGamers game ID,Q7889,video game
P13253,Pappers executive ID,Q5,human
P13254,Islamic Philosophy ID,Q5,human
P13260,romantic orientation,Q14897293,fictional entity
P13260,romantic orientation,Q5,human
P13261,Mille ans de littérature d'oc author ID,Q5,human
P13263,norskeflyplasser.no ID,Q62447,aerodrome
P13264,HCERES expert ID,Q5,human
P13268,Finnish Olympic Committee athlete ID,Q5,human
P13269,directs readers to,Q1713,citation
P1327,partner in business or sport,Q5,human
P1327,partner in business or sport,Q95074,character
P13270,Cinema Belgica company ID,Q43229,organization
P13271,RPG Maker game ID (archived),Q7889,video game
P13272,Chinese Church and Organization Dictionary identifier,Q233324,seminary
P13272,Chinese Church and Organization Dictionary identifier,Q94670589,Christian organization
P13273,Letterboxd studio ID,Q104649845,film organization
P13282,land acknowledgement URL,Q43229,organization
P13282,land acknowledgement URL,Q811979,architectural structure
P13283,Dizionario Biografico della Calabria Contemporanea ID,Q5,human
P13284,ESPN.com football match ID,Q12166442,association football match
P13285,WPBSA.com player ID,Q5,human
P13286,World Snooker Tour tournament ID,Q17299750,snooker tournament
P13287,Bertsolaritzaren Datu Basea ID,Q5,human
P13288,EJU judoka ID,Q5,human
P13289,Yandex Music track ID,Q55850593,music track with vocals
P13289,Yandex Music track ID,Q55850643,music track without lyrics
P1329,phone number,Q11033,mass media
P1329,phone number,Q14897293,fictional entity
P1329,phone number,Q214995,telephone number
P1329,phone number,Q2221906,geographic location
P1329,phone number,Q35127,website
P1329,phone number,Q43229,organization
P1329,phone number,Q5,human
P1329,phone number,Q1143785,telephone booth
P1329,phone number,Q132241,festival
P1329,phone number,Q13226383,facility
P1329,phone number,Q288514,fair
P1329,phone number,Q464980,exhibition
P13294,PlaymakerStats season ID,Q27020041,sports season
P13298,BGSU Historical Collections of the Great Lakes entry ID,Q1229765,watercraft
P13298,BGSU Historical Collections of the Great Lakes entry ID,Q43229,organization
P1330,MusicBrainz instrument ID,Q2088357,musical ensemble
P1330,MusicBrainz instrument ID,Q34379,musical instrument
P13301,National Trust Heritage Records ID,Q811979,architectural structure
P13301,National Trust Heritage Records ID,Q839954,archaeological site
P13302,Records of Early English Drama ID,Q5,human
P13303,Shamela Algeria person ID,Q5,human
P13304,PWBA.com player ID,Q5,human
P13305,IATI organisation ID,Q43229,organization
P13306,Oorlogsbronnen ID,Q5,human
P13307,DIF historia player ID,Q5,human
P13308,software used for creation,Q17537576,creative work
P13310,critify.de game ID,Q7889,video game
P13314,Patristic Text Archive manuscript ID,Q87167,manuscript
P13318,mode of reproduction,Q16521,taxon
P13319,CriticDB author ID,Q5,human
P13320,Rate Your Music music video ID,Q193977,music video
P13323,nesdb.se game ID,Q7889,video game
P13325,National Gallery ID,Q838948,work of art
P13327,WineApp DB developer ID,Q4830453,business
P13329,Brussels Inventory of Natural Heritage tree ID,Q10884,tree
P13331,NES Directory game ID,Q7889,video game
P13333,Global Energy Monitor Wiki ID,Q43229,organization
P13333,Global Energy Monitor Wiki ID,Q159719,power station
P13333,Global Energy Monitor Wiki ID,Q44782,port
P13333,Global Energy Monitor Wiki ID,Q820477,mine
P13334,FU-Lexikon ID,Q5,human
P13335,MACM artwork ID,Q838948,work of art
P13336,Hiking Note chalet identifier,Q182676,mountain hut
P13338,thesis submitted for degree,Q1266946,thesis
P13339,TechRaptor game ID,Q7889,video game
P13340,TechRaptor company ID,Q43229,organization
P13340,TechRaptor company ID,Q5,human
P13343,Thinky Games game ID,Q7889,video game
P13347,Bane NOR website station ID,Q55488,railway station
P13350,Meine Abgeordneten ID,Q5,human
P13352,Hiking Note plant ID,Q16521,taxon
P13354,VGC game ID,Q7058673,video game series
P13354,VGC game ID,Q7889,video game
P13355,VGC company ID,Q1137109,video game publisher
P13355,VGC company ID,Q210167,video game developer
P13356,VGC people ID,Q5,human
P13357,Archives in Bavaria ID,Q166118,archives
P13359,items classified,Q13582682,classification
P13359,items classified,Q5962346,classification scheme
P1336,territory claimed by,Q27096213,geographic entity
P13361,number of goals scored in penalty shootouts,Q12166442,association football match
P13363,AllGame game ID (archived),Q7889,video game
P13365,HelloAsso organization ID,Q43229,organization
P13368,Game Input Database ID,Q7889,video game
P13369,DRTV ID,Q11424,film
P13369,DRTV ID,Q15416,television program
P13369,DRTV ID,Q3464665,television series season
P13369,DRTV ID,Q5398426,television series
P13370,Calindex person ID,Q5,human
P13371,Historia Hispánica ID,Q5,human
P13371,Historia Hispánica ID,Q1190554,occurrence
P13371,Historia Hispánica ID,Q15632617,fictional human
P13371,Historia Hispánica ID,Q4271324,mythical character
P13375,Chinese Basketball Association player ID,Q5,human
P13376,Captain Coaster coaster ID,Q204832,roller coaster
P13378,Jamendo track ID,Q55850593,music track with vocals
P13378,Jamendo track ID,Q55850643,music track without lyrics
P13379,MikuWiki article ID,Q5,human
P13379,MikuWiki article ID,Q55850593,music track with vocals
P1338,EPSG CRS,Q1502887,geodetic reference system
P1338,EPSG CRS,Q161779,spatial reference system
P13381,AI-generation prompt,Q17537576,creative work
P13382,ZOOM Platform product ID,Q11410,game
P13383,Clio-online researcher ID,Q5,human
P13384,Clio-online organization ID,Q43229,organization
P13386,Big Fish Games game ID,Q7889,video game
P13387,Clio-online web resource ID,Q1224889,digital edition
P1339,number of injured,Q1190554,occurrence
P1339,number of injured,Q14136353,fictional occurrence
P13393,Kompass company ID,Q783794,company
P13394,Macrotransactions game ID,Q7889,video game
P13395,Thunderstore game ID,Q7889,video game
P13396,JSR package ID,Q7397,software
P13398,Amazon Music track ID,Q55850593,music track with vocals
P13398,Amazon Music track ID,Q55850643,music track without lyrics
P13399,Crunchyroll artist ID,Q215380,musical group
P13399,Crunchyroll artist ID,Q5,human
P1340,eye color,Q584529,humanoid robot
P1340,eye color,Q95074,character
P1340,eye color,Q1066288,figurine
P1340,eye color,Q11422,toy
P1340,eye color,Q729,Animalia
P13400,SideQuest app ID,Q7889,video game
P13404,The College of Cardinals Report ID,Q5,human
P13405,NexusMods mod ID,Q865493,video game mod
P13406,Hiking Note Trail identifier,Q2143825,hiking trail
P13407,Hiking Note mountain identifier,Q207326,summit
P13407,Hiking Note mountain identifier,Q8502,mountain
P13408,National Academy of Engineering member ID,Q5,human
P13409,Murderpedia ID,Q5,human
P13410,Cultural Heritage Azerbaijan ID,Q2221906,geographic location
P13410,Cultural Heritage Azerbaijan ID,Q386724,work
P13412,Landtag Tirol person ID,Q5,human
P13413,beam energy,Q130825,particle accelerator
P13418,TechPowerUp GPU Specs Database ID,Q183484,graphics processing unit
P1342,number of seats,Q15238777,legislative term
P1342,number of seats,Q1141323,electoral college
P1342,number of seats,Q17456916,government commission
P1342,number of seats,Q1752346,assembly
P1342,number of seats,Q192611,electoral unit
P1342,number of seats,Q3308596,mayor–council government
P1342,number of seats,Q40231,public election
P1342,number of seats,Q955824,learned society
P13421,LIBRIS library ID,Q7075,library
P13423,Untappd beer ID,Q44,beer
P13424,Bahamut Animation Crazy ID,Q717122,Glove puppetry
P13424,Bahamut Animation Crazy ID,Q100269041,anime television series season
P13424,Bahamut Animation Crazy ID,Q102364578,anime television series episode
P13424,Bahamut Animation Crazy ID,Q1047299,original net animation
P13424,Bahamut Animation Crazy ID,Q123126551,animated television special
P13424,Bahamut Animation Crazy ID,Q14623351,radio series
P13424,Bahamut Animation Crazy ID,Q202866,animated film
P13424,Bahamut Animation Crazy ID,Q581714,animated series
P13429,Saarland Biografien ID,Q5,human
P13430,number of texture mapping units,Q183484,graphics processing unit
P13434,BirdLife DataZone species ID,Q16521,taxon
P13435,Canadian Writing Research Collaboratory ID,Q5,human
P13436,Westphalian History person ID,Q5,human
P13437,Chtyvo author ID,Q5,human
P1344,participant in,Q7239,organism
P1344,participant in,Q584529,humanoid robot
P1344,participant in,Q13226383,facility
P1344,participant in,Q17537576,creative work
P1344,participant in,Q26887428,nation at competition
P1344,participant in,Q43229,organization
P1344,participant in,Q68,computer
P1344,participant in,Q7397,software
P1344,participant in,Q95074,character
P13441,Catálogo Histórico de Tese e Dissertações da Área de História ID,Q5,human
P13441,Catálogo Histórico de Tese e Dissertações da Área de História ID,Q1266946,thesis
P13443,Congressional Medal of Honor Society recipient ID,Q5,human
P13451,Cartofaf organization ID,Q43229,organization
P13452,Calindex author ID,Q5,human
P13453,Diocese of Lyon Museum person ID,Q5,human
P13455,Dezède person ID,Q5,human
P13456,Meta-Doctrinal ID,Q685935,trade magazine
P13457,Ordre national du Québec ID,Q5,human
P1346,winner,Q18608583,recurring sporting event
P1346,winner,Q3464665,television series season
P1346,winner,Q4504495,award ceremony
P1346,winner,Q476300,competition
P1346,winner,Q526877,web series
P1346,winner,Q618779,award
P13464,terminal speaker,Q45762,dead language
P13467,Kunstkamera ID,Q5,human
P13468,Zurich Kantonsrat and Regierungsrat member ID,Q5,human
P13474,Top50 system ID,Q121117,supercomputer
P13475,IndExs exsiccata ID,Q10278836,exsiccata
P13478,nomenclatural type of,Q16521,taxon
P13478,nomenclatural type of,Q3707858,type
P13489,Steam Deck HQ game ID,Q7889,video game
P13492,Rodovid family ID,Q4116295,surname
P13493,Repertorium kleine politieke partijen 1918-1967 (Party),Q7278,political party
P13494,Captain Coaster park ID,Q194195,amusement park
P13494,Captain Coaster park ID,Q288514,fair
P13495,Scilit scholar ID,Q5,human
P13497,interior designer,Q41176,building
P13499,goal.com football match ID,Q12166442,association football match
P135,movement,Q5,human
P135,movement,Q1656682,event
P135,movement,Q3533467,group action
P135,movement,Q386724,work
P135,movement,Q43229,organization
P135,movement,Q811979,architectural structure
P135,movement,Q95074,character
P1350,number of matches played/races/starts,Q13406554,sports competition
P1350,number of matches played/races/starts,Q5,human
P13502,Eurobasket.com club ID,Q13393265,basketball team
P13503,europlayers.com club ID,Q847017,sports club
P13505,badmintoncn.com star ID,Q5,human
P1351,number of points/goals/set scored,Q5,human
P1351,number of points/goals/set scored,Q16510064,sporting event
P1351,number of points/goals/set scored,Q4438121,sports organization
P13510,Dark Ride Database ride ID,Q1144661,amusement ride
P13511,Dark Ride Database park ID,Q172754,world's fair
P13511,Dark Ride Database park ID,Q194195,amusement park
P13512,Dark Ride Database company ID,Q43229,organization
P13516,CAMRA pub ID,Q17148672,social club
P13516,CAMRA pub ID,Q17350442,venue
P13516,CAMRA pub ID,Q27686,hotel
P13518,likes of fictional character,Q95074,character
P13519,dislikes of fictional character,Q95074,character
P1352,ranking,Q5,human
P1352,ranking,Q121117,supercomputer
P1352,ranking,Q17537576,creative work
P1352,ranking,Q27020041,sports season
P1352,ranking,Q95074,character
P13521,MetalTabs.com track ID,Q55850593,music track with vocals
P13523,Moure's Catalog ID,Q16521,taxon
P13524,PromoDJ track ID,Q55850593,music track with vocals
P13524,PromoDJ track ID,Q55850643,music track without lyrics
P13525,RAM capacity,Q2858615,electronic device
P13525,RAM capacity,Q8076,video game console
P13528,Audiomack album ID,Q482994,album
P13533,Encyclopaedia of Islam (glossary and index of terms) ID,Q873506,index
P13536,Corago singer ID,Q5,human
P13538,La Croix author ID,Q5,human
P13539,Billie Jean King Cup player ID since 2024,Q5,human
P1354,shown with features,Q220659,archaeological artefact
P1354,shown with features,Q386724,work
P13540,TeamUSA.com athlete ID,Q5,human
P13549,species protection status,Q16521,taxon
P13549,species protection status,Q52105,habitat
P13551,Nation Ranking (primary),Q2215841,cycle sport
P13552,Nation Ranking (secondary),Q2215841,cycle sport
P13554,GOG Dreamlist ID,Q7889,video game
P13557,Orthodox World ID,Q102496,parish
P13557,Orthodox World ID,Q5,human
P13559,Ethnologue language family ID,Q941501,language group
P13561,SCImago Institutions Rankings ID,Q43229,organization
P13562,UniRank ID,Q43229,organization
P13563,Bibliometrics of Ukrainian science person ID,Q5,human
P13566,vlaamsekunstcollectie.be ID,Q838948,work of art
P13567,Patrimonio Galego ID,Q4989906,monument
P13571,context window,Q3621696,language model
P13573,Repertorium kleine politieke partijen 1918-1967 (Person),Q5,human
P13574,most populous urban area,Q82794,region
P13578,Jesuit Online Necrology ID,Q5,human
P13579,Ons Land ID,Q5,human
P13590,espn.com soccer team ID,Q476028,association football club
P13590,espn.com soccer team ID,Q6979593,national association football team
P13592,Židovski biografski leksikon ID,Q5,human
P13594,verkiezingsuitslagen database ID,Q40231,public election
P13595,Norwegian soldier register 1940 ID,Q5,human
P13596,Polish Music Library PBM ID,Q5,human
P13598,Guizzi's classification of musical instruments number,Q34379,musical instrument
P136,genre,Q5,human
P136,genre,Q10648343,duo
P136,genre,Q12737077,occupation
P136,genre,Q15116915,show
P136,genre,Q16686448,artificial object
P136,genre,Q2088357,musical ensemble
P136,genre,Q476300,competition
P136,genre,Q4801521,arts festival
P136,genre,Q667276,art exhibition
P136,genre,Q742421,theatre company
P13602,single taken from the album or EP,Q134556,single
P13603,TNT Sports soccer team ID,Q476028,association football club
P13605,ROAR ID,Q7096323,open-access repository
P13607,FMJD person ID,Q5,human
P13609,paleo.ru person ID,Q5,human
P13610,Sierra Wiki article ID,Q5,human
P13610,Sierra Wiki article ID,Q7058673,video game series
P13610,Sierra Wiki article ID,Q7889,video game
P13611,CARLA ID,Q5,human
P13612,breed belongs to taxon,Q4886,cultivar
P13614,ThinkyGames genre ID,Q107647829,video game mechanic
P13620,Diccionario de catedráticos españoles de derecho ID,Q5,human
P13621,Swiss Bishops ID,Q5,human
P13622,KNDB person ID,Q5,human
P13623,MAI person ID,Q5,human
P13624,necropolis.uinp.gov.ua person ID,Q5,human
P13625,QUDT dimension ID,Q309314,quantity
P13626,istina.msu.ru journal ID,Q5633421,scientific journal
P13627,Niedersächsische Personen ID,Q5,human
P13627,Niedersächsische Personen ID,Q15632617,fictional human
P13627,Niedersächsische Personen ID,Q25810847,folklore character
P13627,Niedersächsische Personen ID,Q8436,family
P13628,Submarine Cable Map ID,Q506572,submarine communications cable
P13629,CABR-identifier,Q5,human
P1363,points/goal scored by,Q13406554,sports competition
P13630,Nederlands Film Festival person ID,Q5,human
P13632,image of cosplay,Q5,human
P13632,image of cosplay,Q95074,character
P13633,worn on,Q131207,cosmetics
P13633,worn on,Q10273457,equipment
P13633,worn on,Q11460,clothing
P13634,The U.S. Sun topic ID,Q35120,entity
P13635,warranty period,Q2424752,product
P13637,matricule number,Q476028,association football club
P13639,National Library of Uruguay book ID,Q571,book
P13641,Physicians of Georgia Biographical Dictionary ID,Q5,human
P13642,polyhedron net,Q172937,polyhedron
P13643,eFloraMEX ID,Q16521,taxon
P13644,Theatre museums of Russia person ID,Q5,human
P13645,Georgian Athletes Biographical Dictionary ID,Q5,human
P13646,Georgian Winemakers ID,Q5,human
P13647,Ukrainian Book of Remembrance person ID,Q5,human
P13648,BORIS Portal Unibe ID,Q5,human
P13649,Society for the Promotion of Literacy among Georgians Members ID,Q5,human
P13650,Deaf Movie Database title ID,Q11424,film
P13650,Deaf Movie Database title ID,Q15416,television program
P13651,Ukrainian Memorial person ID,Q5,human
P13652,Portal of united hromadas of Ukraine ID,Q104841013,hromada
P13653,Portal Decentralization hromada ID,Q104841013,hromada
P13655,archieven.nl creator ID,Q43229,organization
P13660,Knowledge Graph for Irish History person ID,Q5,human
P13661,myCast talent ID,Q5,human
P13661,myCast talent ID,Q386724,work
P13661,myCast talent ID,Q95074,character
P13662,nasljerseys.com player ID,Q5,human
P13663,speedrun.com level ID,Q1046315,level
P13664,FBref competition ID,Q1478437,association football competition
P13665,FBref match ID,Q12166442,association football match
P13666,parlament.fyi person ID,Q5,human
P13667,Swimcloud swimmer ID,Q5,human
P13668,operating cost,Q16686448,artificial object
P13669,UK Mutual Registration Number,Q43229,organization
P1367,Art UK artist ID,Q5,human
P13670,Scientific heritage of Russia person ID,Q5,human
P13671,Reabilitovani istoriyeyu person ID,Q5,human
P13673,Memorial Platform person ID,Q5,human
P13677,Kokugakuin University Digital Museum entry ID,Q524158,kami
P13677,Kokugakuin University Digital Museum entry ID,Q5,human
P13677,Kokugakuin University Digital Museum entry ID,Q839954,archaeological site
P13677,Kokugakuin University Digital Museum entry ID,Q845945,Shinto shrine
P13679,Russian Cycling Federation person ID,Q5,human
P13681,R-Sport team ID,Q12973014,sports team
P13681,R-Sport team ID,Q847017,sports club
P13683,Personnel de l'administration préfectorale au 19e siècle ID,Q5,human
P13688,MarathonView person ID,Q5,human
P13689,Anthologia Graeca author ID,Q5,human
P1369,Iranian National Heritage registration number,Q386724,work
P1369,Iranian National Heritage registration number,Q618123,geographical feature
P13692,CoBiS LOD book ID,Q47461344,written work
P13692,CoBiS LOD book ID,Q732577,publication
P13693,c64.cz game ID,Q7889,video game
P13695,My Abandonware company ID,Q5,human
P13695,My Abandonware company ID,Q1137109,video game publisher
P13695,My Abandonware company ID,Q210167,video game developer
P13696,taxon aspect image,Q16521,taxon
P13697,Vintagepostcards-Archive-ID,Q43229,organization
P13697,Vintagepostcards-Archive-ID,Q5,human
P13698,Historical picture postcards University of Osnabrück ID,Q43229,organization
P13698,Historical picture postcards University of Osnabrück ID,Q5,human
P13699,National Library of Nigeria ID,Q5,human
P13700,Artfacts artist ID,Q5,human
P13701,Database dei fondi musicali toscani ID,Q3052382,fonds
P13702,Deaf Movie Database person ID,Q5,human
P13704,Deaf Movie Database language ID,Q34770,language
P13705,Deaf Movie Database country ID,Q5107,continent
P13705,Deaf Movie Database country ID,Q6256,country
P13706,MacPorts port,Q1130645,open-source software
P13712,PCPartPicker product type ID,Q4830453,business
P13713,awarded for type of work,Q618779,award
P13714,Library of Congress BIBFRAME Work ID,Q386724,work
P13717,Rekhta Gujarati author ID,Q2085381,publishing house
P13717,Rekhta Gujarati author ID,Q5,human
P13720,Yandex Books author ID,Q5,human
P13721,CoreTennis.net player ID,Q5,human
P13725,Athletics Podium person ID,Q5,human
P13726,CESAR title ID,Q47461344,written work
P13729,Berardi Arte artist ID,Q5,human
P1373,daily patronage,Q1067164,transport service itinerary
P1373,daily patronage,Q728937,railway line
P1373,daily patronage,Q924286,transport network
P13730,Swiss Films person ID,Q5,human
P13731,Swiss Films company ID,Q220505,film festival
P13731,Swiss Films company ID,Q43229,organization
P13732,DuckDuckGo bang,Q35127,website
P13733,médiathèque de Sceaux catalog author ID,Q5,human
P13734,EASIN ID,Q16521,taxon
P13738,PCI vendor ID,Q43229,organization
P13739,NuGet package,Q7397,software
P13742,Dictionary of American Family Names ID,Q4116295,surname
P13743,Digital ROC people ID,Q5,human
P13744,Digital ROC event ID,Q1190554,occurrence
P13744,Digital ROC event ID,Q27096213,geographic entity
P13747,Confederation of African Tennis player ID,Q5,human
P13748,Nextroom building ID,Q41176,building
P1375,NSK (VIAF) ID,Q5,human
P1375,NSK (VIAF) ID,Q1656682,event
P1375,NSK (VIAF) ID,Q2057971,health problem
P1375,NSK (VIAF) ID,Q21070598,figure that may or may not be fictional
P1375,NSK (VIAF) ID,Q386724,work
P1375,NSK (VIAF) ID,Q43229,organization
P1375,NSK (VIAF) ID,Q618123,geographical feature
P13750,Arab Encyclopedia concept ID,Q35120,entity
P13753,Valais cantonal parliament ID,Q5,human
P13758,NAA Record Groups Number,Q163740,nonprofit organization
P13758,NAA Record Groups Number,Q16917,hospital
P13758,NAA Record Groups Number,Q2385804,educational institution
P13758,NAA Record Groups Number,Q327333,government agency
P13758,NAA Record Groups Number,Q40357,prison
P13758,NAA Record Groups Number,Q4830453,business
P13758,NAA Record Groups Number,Q7278,political party
P13763,Saulchoir library ID,Q5,human
P13766,Ophardt Team Sportevent person ID,Q5,human
P13768,form factor,Q16686448,artificial object
P13769,open meeting page URL,Q43229,organization
P13769,open meeting page URL,Q7397,software
P13770,Personnel de l'administration préfectorale depuis 1945 ID,Q5,human
P13771,La Fayette ID,Q838948,work of art
P13773,LSF rating,Q11424,film
P13773,LSF rating,Q5398426,television series
P13774,TechnoMusicWorld artist ID,Q215380,musical group
P13774,TechnoMusicWorld artist ID,Q5,human
P13775,TechnoMusicWorld track ID,Q7302866,audio track
P13777,setlist.fm festival ID,Q1656682,event
P13778,ScholarGPS scholar ID,Q5,human
P13779,ScholarGPS institution ID,Q43229,organization
P1378,China railway TMIS station code,Q55488,railway station
P13780,ScholarGPS field and discipline ID,Q1047113,field of study
P13783,designed for handedness,Q39546,physical tool
P13784,MHOBT ID,Q56061,administrative territorial entity
P13785,Gamepadla ID,Q273140,gamepad
P13788,VRAM capacity,Q2858615,electronic device
P13789,has wireless capabilities,Q2858615,electronic device
P13790,European Unique Identifier,Q15911314,association
P13790,European Unique Identifier,Q43229,organization
P13791,Roma road ID,Q79007,street
P13796,GamesIndustry.biz tag ID,Q35120,entity
P13797,Dimensions.com element ID,Q95074,character
P13797,Dimensions.com element ID,Q223557,physical object
P1380,BridgeReports.com ID,Q12280,bridge
P1380,BridgeReports.com ID,Q44377,tunnel
P13800,PnP vendor ID,Q43229,organization
P13806,VGA Legacy MKIII graphics card ID,Q183484,graphics processing unit
P13808,PortableApps ID,Q7397,software
P13809,Chinese Engineers Relational Database ID,Q5,human
P1381,bridgehunter.com ID,Q12280,bridge
P1381,bridgehunter.com ID,Q44377,tunnel
P13812,Naturalis author ID,Q5,human
P13814,calligraphy,Q18563360,Quranic character
P13814,calligraphy,Q5,human
P13820,Anne Frank House person ID,Q5,human
P13821,Maitron municipality ID,Q484170,commune of France
P13822,National Library Board Singapore ID,Q2221906,geographic location
P13822,National Library Board Singapore ID,Q1639378,social system
P13822,National Library Board Singapore ID,Q5,human
P13822,National Library Board Singapore ID,Q811979,architectural structure
P13823,Euploos Project ID,Q838948,work of art
P13827,NWO project ID,Q230788,grant
P13829,excluding work,Q14897293,fictional entity
P1383,contains settlement,Q56061,administrative territorial entity
P13831,Fnac person ID,Q5,human
P13836,Encyclopædia Universalis index ID,Q873506,index
P13838,intervener,Q2334719,legal case
P13839,CCCA Canadian Art Database work ID,Q386724,work
P13840,CCCA Canadian Art Database creator ID,Q5,human
P13845,Catalogue of sundials ID,Q80793,sundial
P13845,Catalogue of sundials ID,Q860861,sculpture
P13847,organizational chart,Q43229,organization
P13850,Corporation Number in Canada,Q43229,organization
P13851,Biographical Dictionary of Almería ID,Q5,human
P13853,Letopis of MSU person ID,Q5,human
P1386,Japanese High School Code,Q43271061,special needs school in Japan
P1386,Japanese High School Code,Q841248,college of technology in Japan
P13863,Kick username,Q5,human
P13864,Archivio Storico Ricordi partiture ID,Q187947,sheet music
P13864,Archivio Storico Ricordi partiture ID,Q114586269,lyrico-musical work
P13867,L'Équipe athlete ID,Q5,human
P1387,political alignment,Q1076968,digital media
P1387,political alignment,Q215627,person
P1387,political alignment,Q1002697,periodical
P1387,political alignment,Q13473501,collective
P1387,political alignment,Q15265344,broadcaster
P1387,political alignment,Q163740,nonprofit organization
P1387,political alignment,Q2385804,educational institution
P1387,political alignment,Q2738074,political movement
P1387,political alignment,Q4335775,organized crime group
P1387,political alignment,Q6056746,campaign
P1387,political alignment,Q681615,syndicate
P1387,political alignment,Q7210356,political organization
P1387,political alignment,Q95074,character
P13872,Liste unique des décorés ID,Q5,human
P13874,Interaktionsdatabasen ID,Q28885102,pharmaceutical product
P13875,Adebiportal author ID,Q5,human
P13876,Biographisches Lexikon zur Geschichte der böhmischen Länder ID,Q5,human
P13876,Biographisches Lexikon zur Geschichte der böhmischen Länder ID,Q8436,family
P13880,RIA Novosti person ID,Q5,human
P13882,Qalamger.kz author ID,Q5,human
P13883,start work,Q14897293,fictional entity
P13884,end work,Q14897293,fictional entity
P13887,firmware,Q2858615,electronic device
P13889,Organ Index ID,Q1444,organ
P13889,Organ Index ID,Q41176,building
P1389,product certification,Q2424752,product
P1389,product certification,Q482994,album
P13892,Hardcore Gaming 101 game ID,Q7889,video game
P13893,CACI company ID,Q783794,company
P13895,Sultanlar Ligi player ID,Q5,human
P13897,Sofascore sports team ID,Q12973014,sports team
P13897,Sofascore sports team ID,Q847017,sports club
P13898,FootballFakts.ru football match ID,Q12166442,association football match
P13901,Foot Mercato / Fichajes / Fussball Transfers player ID,Q5,human
P13902,Disney+ browse ID,Q11396960,production company
P13902,Disney+ browse ID,Q11424,film
P13902,Disney+ browse ID,Q15416,television program
P13902,Disney+ browse ID,Q7725310,series of creative works
P13903,operating humidity,Q1183543,appliance
P13911,Hesse School ID,Q2385804,educational institution
P13913,Saxony School ID,Q2385804,educational institution
P13914,collector,Q2075980,biological specimen
P13914,collector,Q220659,archaeological artefact
P13914,collector,Q40614,fossil
P13915,NCL Taiwan Periodical Literature periodical identifier,Q2217301,serial
P13916,NZ Charities Register Number,Q163740,nonprofit organization
P13917,IFES Election Guide ID,Q189760,voting
P13918,Arte de la Argentina ID,Q5,human
P13919,Democratic Memory Bank ID,Q5,human
P1392,ComicBookDB Creator ID,Q5,human
P13920,Kicker competition ID,Q1478437,association football competition
P13921,Soccer365.net team ID,Q847017,sports club
P13923,data collection method,Q42240,research
P13923,data collection method,Q591041,scientific publication
P13924,Japanese Film Database ID,Q5,human
P13924,Japanese Film Database ID,Q11424,film
P13924,Japanese Film Database ID,Q24856,film series
P13924,Japanese Film Database ID,Q4830453,business
P13926,time of deposition,Q16887380,group
P13926,time of deposition,Q223557,physical object
P13928,Team Austria athlete ID,Q5,human
P1393,proxy,Q5,human
P13934,UNESCO Virtual Museum inventory ID,Q220659,archaeological artefact
P13934,UNESCO Virtual Museum inventory ID,Q571,book
P13934,UNESCO Virtual Museum inventory ID,Q838948,work of art
P13935,South Korean Business Registration Number,Q3914,school
P13935,South Korean Business Registration Number,Q7278,political party
P13935,South Korean Business Registration Number,Q4830453,business
P13935,South Korean Business Registration Number,Q783794,company
P13937,Mackolik football manager ID,Q12973014,sports team
P13937,Mackolik football manager ID,Q847017,sports club
P13938,Biserici.org church ID,Q24398318,religious building
P13939,Commonwealth Sport country code,Q3024240,historical country
P13939,Commonwealth Sport country code,Q161243,dependent territory
P13939,Commonwealth Sport country code,Q6256,country
P1394,Glottolog code,Q17376908,languoid
P13941,REGAFI id,Q43229,organization
P13945,InfoconDB series ID,Q5157579,computer security conference
P13946,InfoconDB conference ID,Q5157579,computer security conference
P13947,Biography.com ID,Q20643955,human biblical figure
P13947,Biography.com ID,Q5,human
P13948,Hudobné centrum person ID,Q5,human
P13949,Hudobné centrum group ID,Q215380,musical group
P1395,National Cancer Institute ID,Q12136,disease
P13952,SerBenfiquista.com player ID,Q5,human
P13957,National cultural monument of Czechia ID,Q618123,geographical feature
P13957,National cultural monument of Czechia ID,Q61760621,group of monuments
P13957,National cultural monument of Czechia ID,Q811430,fixed construction
P13957,National cultural monument of Czechia ID,Q838948,work of art
P13958,Davis Cup player ID since 2025,Q5,human
P1396,Linguasphere code,Q17376908,languoid
P13960,Last Address ID,Q5,human
P13962,WDSF athlete ID,Q5,human
P13963,TikTok numeric user ID,Q5,human
P13964,USGS publication ID,Q11826511,scientific work
P13964,USGS publication ID,Q191067,article
P13967,Out tag ID,Q35120,entity
P13968,GayCities ID,Q515,city
P13969,Fight.ru fighter ID,Q5,human
P13971,China division code by MCA,Q50231,administrative territorial entity of the People's Republic of China
P13973,MovieID film ID,Q11424,film
P13975,GBFS feed URL,Q1358919,bicycle-sharing system
P13977,code of conduct URL,Q17537576,creative work
P13977,code of conduct URL,Q43229,organization
P13979,BWB number,Q131569,treaty
P1398,structure replaces,Q811979,architectural structure
P1398,structure replaces,Q27096235,artificial geographic entity
P1398,structure replaces,Q82794,region
P13980,Brandenburg School ID,Q2385804,educational institution
P13981,Buy Me a Coffee username,Q43229,organization
P13981,Buy Me a Coffee username,Q5,human
P13982,NLI Newspaper Collection ID,Q1002697,periodical
P13984,neodb.social ID,Q2431196,audiovisual work
P13984,neodb.social ID,Q5398426,television series
P13985,Flemish Community Masterpieces List item ID,Q210272,cultural heritage
P13986,has grammatical number,Q17376908,languoid
P13987,Medicin.dk medical condition ID,Q12136,disease
P13988,Mapillary username,Q5,human
P13989,Sector.sk game ID,Q7889,video game
P1399,convicted of,Q5,human
P1399,convicted of,Q43229,organization
P1399,convicted of,Q95074,character
P13993,Japanese Law Translation ID,Q820655,statute
P13994,Brussels Inventory of Architectural Heritage streets ID,Q83620,thoroughfare
P13998,FC Barcelona player ID,Q5,human
P13999,Qalamos person ID,Q5,human
P14,traffic sign,Q25631158,highway system
P14,traffic sign,Q83620,thoroughfare
P140,religion or worldview,Q215627,person
P140,religion or worldview,Q12910132,religious object
P140,religion or worldview,Q13414953,religious denomination
P140,religion or worldview,Q14897293,fictional entity
P140,religion or worldview,Q1640824,inscription
P140,religion or worldview,Q2627975,ceremony
P140,religion or worldview,Q192909,scandal
P140,religion or worldview,Q2054106,religious philosophy
P140,religion or worldview,Q2110808,religious behaviour
P140,religion or worldview,Q23847174,religious concept
P140,religion or worldview,Q24334685,mythical entity
P140,religion or worldview,Q27096235,artificial geographic entity
P140,religion or worldview,Q2728698,religious belief
P140,religion or worldview,Q375011,religious holiday
P140,religion or worldview,Q4164871,position
P140,religion or worldview,Q43229,organization
P140,religion or worldview,Q60469796,religious symbol
P140,religion or worldview,Q8205328,artificial physical object
P140,religion or worldview,Q838948,work of art
P140,religion or worldview,Q839470,sacred language
P1400,FCC Facility ID,Q15265344,broadcaster
P14000,KISTI conference ID,Q47258130,academic conference series
P14001,Taking Stock ID,Q16970,church building
P14004,Game Font Library ID,Q7889,video game
P14005,Japanese court rank,Q845945,Shinto shrine
P14005,Japanese court rank,Q26401003,individual animal
P14006,value of this mathematical property,Q246672,mathematical object
P14007,IMI person ID,Q5,human
P14009,Banrep Cultural ID,Q5,human
P1401,issue tracker URL,Q9143,programming language
P1401,issue tracker URL,Q1172284,data set
P1401,issue tracker URL,Q159172,open hardware
P1401,issue tracker URL,Q17451,typeface
P1401,issue tracker URL,Q206637,computer cluster
P1401,issue tracker URL,Q317623,technical standard
P1401,issue tracker URL,Q7397,software
P14016,EDBO institution code,Q2385804,educational institution
P14017,GamesIndustry.biz game ID,Q7889,video game
P14018,PC Guru game ID,Q7889,video game
P14019,survivalhorrors.com ID,Q7889,video game
P1402,Foundational Model of Anatomy ID,Q79529,chemical substance
P14020,VGChartz ID,Q7058673,video game series
P14020,VGChartz ID,Q7889,video game
P14021,Adventure Game Hotspot game ID,Q7889,video game
P14022,BoomerShooterDB game ID,Q7889,video game
P14023,Vandal game ID,Q7889,video game
P14025,random page URL,Q35127,website
P14026,specimen classifier,Q2075980,biological specimen
P14027,collection date,Q2075980,biological specimen
P14027,collection date,Q40614,fossil
P14030,Adult Film Database director ID,Q5,human
P14031,S1 No.1 Style actress ID,Q5,human
P14032,MetroidvaniaDB game ID,Q7889,video game
P14033,EAGER game ID,Q7889,video game
P14034,EAGER developer ID,Q5,human
P14036,Games.cz game ID,Q7889,video game
P14037,4gamer.net game ID,Q7889,video game
P14038,GOG tag ID,Q107647829,video game mechanic
P14039,logical consequence of,Q108163,proposition
P1404,World Glacier Inventory ID,Q35666,glacier
P14040,Yaba Sanshiro ID,Q7889,video game
P14041,Games for Change directory ID,Q7889,video game
P14042,DLSite work ID,Q7889,video game
P14043,DLSite person ID,Q5,human
P14044,DLSite doujin circle ID,Q1137109,video game publisher
P14044,DLSite doujin circle ID,Q210167,video game developer
P14045,Fight-A-Base game ID,Q7889,video game
P14046,DeVuego game ID,Q7889,video game
P14049,Game Boy Database game ID,Q7889,video game
P14050,RetroCollect games ID,Q7889,video game
P14058,Télérama film ID,Q11424,film
P14059,Boosty author ID,Q35127,website
P1406,script directionality,Q2001982,notation
P14060,Before I Play game ID,Q7889,video game
P14062,KaraokeTexty.cz artist ID,Q215380,musical group
P14062,KaraokeTexty.cz artist ID,Q5,human
P14063,KaraokeTexty.cz song ID,Q7302866,audio track
P14066,Slekt og Data cemetery ID,Q39614,cemetery
P14067,common organism,Q16521,taxon
P14068,Biblioteca Nacional de Colombia ID,Q5,human
P14069,EZB library ID,Q22806,national library
P14069,EZB library ID,Q1438040,research library
P14069,EZB library ID,Q28564,public library
P14072,X broadcast ID,Q1190554,occurrence
P14073,TheaterEncyclopedie ID,Q14073567,sibling duo
P14073,TheaterEncyclopedie ID,Q5,human
P14073,TheaterEncyclopedie ID,Q1329623,cultural center
P14073,TheaterEncyclopedie ID,Q57660343,performing arts building
P14073,TheaterEncyclopedie ID,Q7725634,literary work
P14074,Maitron biography ID (new version),Q5,human
P14076,Fragrantica perfume ID,Q131746,perfume
P1408,licensed to broadcast to,Q15265344,broadcaster
P14080,Fragrantica perfume notes ID,Q485537,odor
P14081,Fragrantica perfumer ID,Q5,human
P14083,Parfumo perfumer ID,Q5,human
P14084,Parfumo perfume ID,Q131746,perfume
P14085,Parfumo fragrance notes category ID,Q485537,odor
P14086,Parfinity notes ID,Q485537,odor
P14087,Google Ads Transparency Center advertiser ID,Q43229,organization
P14089,Basenotes perfume people ID,Q5,human
P14090,Basenotes perfume ID,Q131746,perfume
P14091,Accademia Nazionale dei Lincei ID,Q5,human
P14092,MAX username,Q43229,organization
P14092,MAX username,Q5,human
P14093,CriticDB game ID,Q7889,video game
P141,IUCN conservation status,Q16521,taxon
P14101,LegiStorm person ID,Q5,human
P14105,InterSportStats athlete ID,Q5,human
P14106,Erdős Problem number,Q1166625,mathematical problem
P14107,Trismegistos editor ID,Q5,human
P1411,nominated for,Q26401003,individual animal
P1411,nominated for,Q1190554,occurrence
P1411,nominated for,Q386724,work
P1411,nominated for,Q43229,organization
P14112,U.S. Copyright Office Public Records System name ID,Q43229,organization
P14112,U.S. Copyright Office Public Records System name ID,Q5,human
P14113,Lenta.ru person ID,Q5,human
P14116,Berlin School ID,Q2385804,educational institution
P1412,"languages spoken, written or signed",Q14897293,fictional entity
P1412,"languages spoken, written or signed",Q215627,person
P1412,"languages spoken, written or signed",Q584529,humanoid robot
P1412,"languages spoken, written or signed",Q61002,pseudonym
P1412,"languages spoken, written or signed",Q7380,primate
P14121,Parfumo fragrance note ID,Q485537,odor
P14122,category for music in this language,Q34770,language
P14126,Biographical Dictionary of British and Irish Architects 1800-1950 person ID,Q5,human
P14127,Igromania author ID,Q5,human
P14128,French Trade Mark Number,Q43229,organization
P14129,Bane NOR location code,Q10667400,siding
P14129,Bane NOR location code,Q55488,railway station
P14131,Lost Pubs Project ID,Q5307737,alcohol drinking establishment
P14131,Lost Pubs Project ID,Q256020,inn
P14134,Center for Jewish History person ID,Q5,human
P14135,African Scientists Directory ID,Q5,human
P14139,Artdoc.Media film ID,Q11424,film
P1414,GUI toolkit or framework,Q7397,software
P14140,Biographical Dictionary of British and Irish Architects 1800-1950 practice ID,Q4387609,architectural firm
P14143,annual greenhouse gas emissions,Q4830453,business
P14144,Russian Register of Film Distribution Certificates ID,Q11424,film
P1415,Oxford Dictionary of National Biography ID,Q14897293,fictional entity
P1415,Oxford Dictionary of National Biography ID,Q5,human
P14150,JMRC person id (he),Q5,human
P14157,The Retro Web company ID,Q4830453,business
P1416,affiliation,Q14897293,fictional entity
P1416,affiliation,Q43229,organization
P1416,affiliation,Q5,human
P1416,affiliation,Q13226383,facility
P1416,affiliation,Q2217301,serial
P1416,affiliation,Q8513,database
P14166,BISMaL taxon ID,Q16521,taxon
P14167,Xcity actress ID,Q5,human
P14168,All Skies Encyclopaedia ID,Q6999,astronomical object
P14171,Mastercaller player ID,Q5,human
P14172,dartn.de player ID,Q5,human
P14173,darts1.de player ID,Q5,human
P14174,pdpa.co.uk player ID,Q5,human
P14182,river regime,Q355304,watercourse
P14183,Génération Nintendo publisher ID,Q1137109,video game publisher
P14191,Bach digital person ID,Q5,human
P14193,Identificativo Antenati,Q5,human
P14198,Fragplace fragrances ID,Q131746,perfume
P14199,Fragplace notes ID,Q485537,odor
P1420,taxon synonym,Q16521,taxon
P14200,Fragplace perfumers ID,Q5,human
P14201,X Games athlete ID (new),Q5,human
P14207,AmericanAristocracy person ID,Q5,human
P14208,British Newspaper Archive publication ID,Q11032,newspaper
P14210,Landskrona BoIS player ID,Q5,human
P14213,Faulhaber edition person ID,Q5,human
P14215,Integbio Database Catalog ID,Q7094076,online database
P14216,KCUE academy ID,Q233324,seminary
P14216,KCUE academy ID,Q38723,higher education institution
P14217,LibriVox reader ID,Q5,human
P1422,Sandrart.net person ID,Q7239,organism
P1422,Sandrart.net person ID,Q14897293,fictional entity
P1422,Sandrart.net person ID,Q207869,epithet
P1422,Sandrart.net person ID,Q15619164,abstract being
P1422,Sandrart.net person ID,Q24334685,mythical entity
P14220,Manga-DB person ID,Q5,human
P14223,Digital Public Good ID,Q102440913,digital public good
P14224,Digital Public Goods Registry,Q102440913,digital public good
P14226,apportionment diagram,Q10553309,legislative house
P14226,apportionment diagram,Q40231,public election
P14227,Tribuna.com football players ID,Q5,human
P14228,Sport Express person ID,Q5,human
P1423,template has topic,Q11266439,Wikimedia template
P14231,OldRacingCars.com drivers ID,Q5,human
P14236,Movist person ID,Q5,human
P14240,wikiru.jp wiki ID,Q7889,video game
P14241,BGAFD actress ID,Q5,human
P14246,indexxx.com model ID,Q5,human
P14248,Shellers From the Past ID,Q5,human
P14249,SocioMap ID,Q15642541,human-geographic territorial entity
P14249,SocioMap ID,Q1063239,polity
P14249,SocioMap ID,Q1172284,data set
P14249,SocioMap ID,Q34770,language
P14249,SocioMap ID,Q9174,religion
P14251,peer-review process for scholarly journals or publications,Q591041,scientific publication
P14251,peer-review process for scholarly journals or publications,Q685935,trade magazine
P14266,Brussels BeStAddress street ID,Q22698,park
P14266,Brussels BeStAddress street ID,Q83620,thoroughfare
P14268,Atlas of Endangered Alphabets ID,Q8192,writing system
P1427,start point,Q61509,travel
P1427,start point,Q1190554,occurrence
P1427,start point,Q1322323,itinerary
P1427,start point,Q2133344,space mission
P1427,start point,Q275450,space debris
P1427,start point,Q3099911,scientific instrument
P1427,start point,Q42889,vehicle
P14270,Wikiparfum perfume ingredient ID,Q485537,odor
P14271,TMDB award ID,Q107655869,group of awards
P14275,VAi Archiefhub agent ID,Q43229,organization
P14275,VAi Archiefhub agent ID,Q5,human
P14277,IRIS UNIL author ID,Q5,human
P1428,Lost Art ID,Q838948,work of art
P14280,official roster page,Q5,human
P14284,Wendingen object ID,Q811979,architectural structure
P14285,Wendingen person ID,Q5,human
P14286,Oricon News ID,Q5,human
P14287,JMRC person id (en),Q215627,person
P14289,KCI journal ID,Q5633421,scientific journal
P1429,has pet,Q215627,person
P1429,has pet,Q95074,character
P14291,BIORAB-Kaiserreich ID,Q5,human
P14292,BIORAB–WEIMAR ID,Q5,human
P14293,Mainline Station Heritage Artefacts Collection ID,Q55488,railway station
P14294,Göteborgsalliansen player ID,Q5,human
P14295,Fungal Names taxon ID,Q16521,taxon
P14296,"Dicionário Biográfico de Cientistas, Engenheiros e Médicos em Portugal ID",Q5,human
P14297,Brewver beer ID,Q44,beer
P14298,Central Registration Number (Indonesian police),Q5,human
P14299,value type of this mathematical property,Q246672,mathematical object
P1430,Open Plaques subject ID,Q95074,character
P1430,Open Plaques subject ID,Q5,human
P1430,Open Plaques subject ID,Q811979,architectural structure
P14301,UEA catalogue ID,Q7725634,literary work
P14303,kulturbase.no ID,Q5,human
P14304,KuLaDig-ID,Q107425,landscape
P14304,KuLaDig-ID,Q1970725,natural region
P1431,executive producer,Q386724,work
P14310,Topplista artist ID,Q5,human
P14311,TV Drama Database program ID,Q5398426,television series
P14315,Thyssen-Bornemisza work ID,Q17537576,creative work
P14318,Perfumery Glossary ingredient ID,Q485537,odor
P14320,PeeringDB facility ID,Q671224,data center
P14323,National Theatre in Prague artist ID,Q5,human
P14324,JVID performer ID,Q5,human
P14327,member of the Azorean parliament ID,Q5,human
P14328,Master Ideographs Seeker character ID,Q29654788,Unicode character
P14329,London Book Trades ID,Q5,human
P1433,published in,Q386724,work
P1433,published in,Q7748,law
P14331,ID Prix de Lausanne,Q5,human
P14332,heir apparent,Q5,human
P14333,GDUNO ID,Q3914,school
P14335,Foot Résultats player ID,Q5,human
P14336,Dictionary of Unitarian & Universalist Biography ID,Q5,human
P14337,DBNL country ID,Q6256,country
P14338,CROWCASS file number,Q5,human
P14339,European Dictionary Portal ID,Q23622,dictionary
P1434,takes place in fictional universe,Q1046315,level
P1434,takes place in fictional universe,Q386724,work
P1436,collection or exhibition size,Q2668072,collection
P1436,collection or exhibition size,Q3152824,cultural institution
P1436,collection or exhibition size,Q464980,exhibition
P1436,collection or exhibition size,Q7075,library
P1437,plea,Q215627,person
P1439,Norwegian filmography ID,Q11424,film
P144,based on,Q215380,musical group
P144,based on,Q14897293,fictional entity
P144,based on,Q16686448,artificial object
P144,based on,Q2085518,format
P144,based on,Q34770,language
P144,based on,Q3695082,sign
P144,based on,Q4116218,conversion of script
P144,based on,Q66661745,group of artificial physical objects
P144,based on,Q98930503,astrological concept
P1441,present in work,Q729,Animalia
P1441,present in work,Q8171,word
P1441,present in work,Q14897293,fictional entity
P1441,present in work,Q1190554,occurrence
P1441,present in work,Q1509831,"titles of Mary, mother of Jesus"
P1441,present in work,Q16686448,artificial object
P1441,present in work,Q24334685,mythical entity
P1442,image of grave,Q26401003,individual animal
P1442,image of grave,Q15632617,fictional human
P1442,image of grave,Q21070568,human whose existence is disputed
P1444,destination point,Q1190554,occurrence
P1444,destination point,Q1322323,itinerary
P1444,destination point,Q42889,vehicle
P1444,destination point,Q61509,travel
P1445,fictional universe described in,Q47306921,fictional parallel universe
P1445,fictional universe described in,Q559618,fictional universe
P1445,fictional universe described in,Q867335,literary cycle
P1446,number of missing,Q1190554,occurrence
P1447,Sports-Reference.com Olympic athlete ID (archived),Q747074,comune of Italy
P1447,Sports-Reference.com Olympic athlete ID (archived),Q4387609,architectural firm
P1447,Sports-Reference.com Olympic athlete ID (archived),Q5,human
P1454,legal form,Q1002697,periodical
P1454,legal form,Q14623646,fictional organization
P1454,legal form,Q43229,organization
P1454,legal form,Q5,human
P1454,legal form,Q845945,Shinto shrine
P1456,list of monuments,Q2221906,geographic location
P1457,absolute magnitude,Q6999,astronomical object
P1458,color index,Q6999,astronomical object
P1461,Patientplus ID,Q7189713,physiological condition
P1461,Patientplus ID,Q796194,medical procedure
P1464,category for people born here,Q618123,geographical feature
P1465,category for people who died here,Q618123,geographical feature
P1466,WALS lect code,Q17376908,languoid
P1467,WALS genus code,Q17376908,languoid
P1468,WALS family code,Q25295,language family
P1470,maximum glide ratio,Q11436,aircraft
P1472,Commons Creator page,Q1747829,notname
P1472,Commons Creator page,Q117246174,generative artificial intelligence
P1472,Commons Creator page,Q215627,person
P1472,Commons Creator page,Q43229,organization
P1472,Commons Creator page,Q656720,workshop
P1476,title,Q49848,document
P1476,title,Q115668308,release
P1476,title,Q1190554,occurrence
P1476,title,Q216200,legal norm
P1476,title,Q386724,work
P1476,title,Q58778,system
P1476,title,Q7748,law
P1477,birth name,Q729,Animalia
P1477,birth name,Q95074,character
P1481,vici.org ID,Q245117,relief sculpture
P1481,vici.org ID,Q27096213,geographic entity
P149,architectural style,Q8205328,artificial physical object
P15,route map,Q1067164,transport service itinerary
P15,route map,Q123015276,Wikipedia article covering multiple highways
P15,route map,Q124834336,proposed railway line
P15,route map,Q1292279,political border
P15,route map,Q15640053,tram system
P15,route map,Q18199879,trolleybus system
P15,route map,Q22938576,race
P15,route map,Q355304,watercourse
P15,route map,Q3679502,piping
P15,route map,Q852190,shipwreck
P15,route map,Q1807108,shipping line
P15,route map,Q2401485,expedition
P15,route map,Q249556,railway company
P15,route map,Q376799,transport infrastructure
P15,route map,Q506572,submarine communications cable
P15,route map,Q831663,military campaign
P150,contains the administrative territorial entity,Q82794,region
P1531,hybrid of,Q42621,hybrid
P1531,hybrid of,Q16521,taxon
P1532,country for sport,Q5,human
P1532,country for sport,Q2485448,sports governing body
P1532,country for sport,Q46135307,nation at sport competition
P1532,country for sport,Q95074,character
P1533,family name identical to this given name,Q110874,patronymic
P1533,family name identical to this given name,Q202444,given name
P1538,number of households,Q23442,island
P1538,number of households,Q4835091,territory
P1538,number of households,Q486972,human settlement
P1543,monogram,Q1685451,student society
P1543,monogram,Q215627,person
P1544,Federal Register Document Number,Q49848,document
P1544,Federal Register Document Number,Q7748,law
P1546,motto,Q177597,naval vessel
P1546,motto,Q5,human
P1546,motto,Q13417114,noble family
P1546,motto,Q3046146,married couple
P1546,motto,Q43229,organization
P1547,depends on software,Q179550,software bug
P1547,depends on software,Q7397,software
P1548,maximum Strahler number,Q355304,watercourse
P1549,demonym,Q634,planet
P1549,demonym,Q7884789,toponym
P1549,demonym,Q133311,tribe
P1549,demonym,Q2221906,geographic location
P1549,demonym,Q2385804,educational institution
P1549,demonym,Q3895768,fictional location
P1549,demonym,Q82794,region
P1550,Orphanet ID,Q12136,disease
P1551,Exceptional heritage of Wallonia ID,Q27096213,geographic entity
P1553,Yandex Music artist ID,Q15711870,animated character
P1553,Yandex Music artist ID,Q5,human
P1555,Executive Order number,Q1338798,United States executive order
P1556,zbMATH author ID,Q16017119,collective pseudonym
P1556,zbMATH author ID,Q5,human
P1559,name in native language,Q14897293,fictional entity
P1559,name in native language,Q26401003,individual animal
P1559,name in native language,Q15619164,abstract being
P1559,name in native language,Q2239243,mythical creature
P1560,given name version for other gender,Q202444,given name
P1561,number of survivors,Q1190554,occurrence
P1562,AllMovie title ID,Q2431196,audiovisual work
P1563,MacTutor biography ID,Q16017119,collective pseudonym
P1563,MacTutor biography ID,Q5,human
P1564,At the Circulating Library ID,Q5,human
P1564,At the Circulating Library ID,Q61002,pseudonym
P1566,GeoNames ID,Q15265344,broadcaster
P1566,GeoNames ID,Q2385804,educational institution
P1566,GeoNames ID,Q3895768,fictional location
P1566,GeoNames ID,Q166118,archives
P1566,GeoNames ID,Q27096213,geographic entity
P1566,GeoNames ID,Q31855,research institute
P1566,GeoNames ID,Q4830453,business
P1566,GeoNames ID,Q783794,company
P1568,definition domain,Q130901,binary relation
P157,killed by,Q14897293,fictional entity
P157,killed by,Q26401003,individual animal
P1571,codomain,Q130901,binary relation
P1573,BBC Genome ID,Q1983062,episode
P1574,exemplar of,Q3523102,source of information
P1574,exemplar of,Q11060274,print
P1574,exemplar of,Q114055128,individual copy of a work
P1574,exemplar of,Q11424,film
P1574,exemplar of,Q125576,papyrus
P1574,exemplar of,Q34467,compact disc
P1574,exemplar of,Q7725634,literary work
P1576,lifestyle,Q7239,organism
P1576,lifestyle,Q95074,character
P1577,Gregory-Aland-Number,Q87167,manuscript
P1580,University of Barcelona authority ID (former scheme),Q386724,work
P1580,University of Barcelona authority ID (former scheme),Q5,human
P1584,Pleiades ID,Q27096213,geographic entity
P1584,Pleiades ID,Q874405,social group
P1585,Brazilian municipality code,Q3184121,municipality of Brazil
P1586,Catalan object of cultural interest ID,Q618123,geographical feature
P1587,Slovene Cultural Heritage Register ID,Q27096213,geographic entity
P1587,Slovene Cultural Heritage Register ID,Q386724,work
P1588,Statistics Indonesia area code,Q1434505,administrative territorial entity of Indonesia
P1589,lowest point,Q618123,geographical feature
P1589,lowest point,Q6999,astronomical object
P1590,number of casualties,Q1931388,cause of death
P1590,number of casualties,Q1190554,occurrence
P1590,number of casualties,Q14136353,fictional occurrence
P1591,defendant,Q2334719,legal case
P1591,defendant,Q8016240,trial
P1592,prosecutor,Q8016240,trial
P1594,judge,Q1763090,sentence
P1594,judge,Q2334719,legal case
P1594,judge,Q8016240,trial
P1595,charge,Q66458810,witchcraft investigation
P1595,charge,Q8016240,trial
P1598,consecrator,Q215627,person
P1599,Cambridge Alumni Database ID,Q5,human
P16,transport network,Q28043022,proposed rail infrastructure
P16,transport network,Q1067164,transport service itinerary
P16,transport network,Q376799,transport infrastructure
P1600,Inventari del Patrimoni Arquitectònic de Catalunya code,Q618123,geographical feature
P1605,has natural reservoir,Q16521,taxon
P1606,natural reservoir of,Q16521,taxon
P1607,Dialnet author ID,Q43229,organization
P1607,Dialnet author ID,Q5,human
P1609,Dialnet journal ID,Q386724,work
P161,cast member,Q1185607,scene
P161,cast member,Q35140,performance
P161,cast member,Q386724,work
P1612,Commons Institution page,Q43229,organization
P1612,Commons Institution page,Q13226383,facility
P1612,Commons Institution page,Q2668072,collection
P1612,Commons Institution page,Q811979,architectural structure
P1615,CLARA-ID,Q5,human
P1616,SIREN number,Q43229,organization
P1616,SIREN number,Q5,human
P1618,sport number,Q15632617,fictional human
P1618,sport number,Q20074337,auto racing team
P1618,sport number,Q386208,mascot character
P1618,sport number,Q5,human
P1619,date of official opening,Q3895768,fictional location
P1619,date of official opening,Q121359,infrastructure
P1619,date of official opening,Q1656682,event
P1619,date of official opening,Q43229,organization
P1619,date of official opening,Q56061,administrative territorial entity
P1619,date of official opening,Q728904,nature park
P1619,date of official opening,Q811430,fixed construction
P1619,date of official opening,Q820655,statute
P1619,date of official opening,Q838948,work of art
P162,producer,Q386724,work
P1620,plaintiff,Q2334719,legal case
P1621,detail map,Q27096213,geographic entity
P1621,detail map,Q1190554,occurrence
P1622,driving side,Q34442,road
P1622,driving side,Q5456378,bridge–tunnel
P1622,driving side,Q56061,administrative territorial entity
P1624,MarineTraffic Port ID,Q376799,transport infrastructure
P1625,has melody,Q386724,work
P1627,Ethnologue.com language code,Q43091,orthography
P1627,Ethnologue.com language code,Q17376908,languoid
P1627,Ethnologue.com language code,Q8192,writing system
P1628,equivalent property,Q18616576,Wikidata property
P1629,Wikidata item of this property,Q18616576,Wikidata property
P1630,formatter URL,Q11266439,Wikimedia template
P1630,formatter URL,Q37045,markup language
P1632,Hermann-Mauguin notation,Q895901,crystal structure
P1635,religious name,Q215627,person
P1635,religious name,Q95074,character
P1636,date of baptism,Q5,human
P1636,date of baptism,Q95074,character
P1637,undercarriage,Q11436,aircraft
P1638,working title,Q386724,work
P1639,pendant of,Q7725310,series of creative works
P1639,pendant of,Q838948,work of art
P1640,curator,Q1569406,playlist
P1640,curator,Q2668072,collection
P1640,curator,Q33506,museum
P1640,curator,Q464980,exhibition
P1640,curator,Q4801521,arts festival
P1640,curator,Q838948,work of art
P1641,port,Q6046311,interface standard
P1641,port,Q7397,software
P1644,messes.info Catholic church ID,Q44613,monastery
P1644,messes.info Catholic church ID,Q16970,church building
P1644,messes.info Catholic church ID,Q29553,sanctuary
P1645,NIST/CODATA ID,Q173227,physical constant
P1647,subproperty of,Q18616576,Wikidata property
P1648,Dictionary of Welsh Biography ID,Q215627,person
P1648,Dictionary of Welsh Biography ID,Q8436,family
P1649,KMDb person ID,Q5,human
P1652,referee,Q13406554,sports competition
P1652,referee,Q16510064,sporting event
P1656,unveiled by,Q811979,architectural structure
P1656,unveiled by,Q860861,sculpture
P1657,MPA film rating,Q11424,film
P1660,has index case,Q3241045,disease outbreak
P1661,Alexa rank,Q35127,website
P1662,DOI prefix,Q2217301,serial
P1662,DOI prefix,Q43229,organization
P1664,Cycling Database ID (archived),Q5,human
P1665,Chessgames.com player ID,Q1248874,chess engine
P1665,Chessgames.com player ID,Q1364192,chess computer
P1665,Chessgames.com player ID,Q5,human
P1667,Getty Thesaurus of Geographic Names ID,Q27096213,geographic entity
P1667,Getty Thesaurus of Geographic Names ID,Q2385804,educational institution
P1667,Getty Thesaurus of Geographic Names ID,Q484652,international organization
P1667,Getty Thesaurus of Geographic Names ID,Q6999,astronomical object
P1669,Cultural Objects Names Authority ID,Q386724,work
P167,structure replaced by,Q811979,architectural structure
P167,structure replaced by,Q27096235,artificial geographic entity
P167,structure replaced by,Q82794,region
P1671,route number,Q1067164,transport service itinerary
P1671,route number,Q124834336,proposed railway line
P1671,route number,Q3240003,bus route
P1671,route number,Q728937,railway line
P1672,this taxon is source of,Q16521,taxon
P1672,this taxon is source of,Q502895,common name
P1678,has vertex figure,Q747980,polytope
P1679,Art UK artwork ID,Q838948,work of art
P1680,subtitle,Q732577,publication
P1680,subtitle,Q1190554,occurrence
P1680,subtitle,Q386724,work
P1680,subtitle,Q55488,railway station
P1684,inscription,Q391414,architectural element
P1684,inscription,Q693464,cash
P1684,inscription,Q1183543,appliance
P1684,inscription,Q2065736,cultural property
P1684,inscription,Q220659,archaeological artefact
P1684,inscription,Q386724,work
P1686,for work,Q386724,work
P169,chief executive officer,Q5446565,fictional company
P169,chief executive officer,Q1880737,branch office
P169,chief executive officer,Q43229,organization
P1696,inverse property,Q18616576,Wikidata property
P1697,total valid votes,Q189760,voting
P1697,total valid votes,Q51591359,voting result
P1699,SkyscraperPage building ID,Q811979,architectural structure
P170,creator,Q321839,agreement
P170,creator,Q14897293,fictional entity
P170,creator,Q151885,concept
P170,creator,Q1656682,event
P170,creator,Q16686448,artificial object
P170,creator,Q174923,optical illusion
P170,creator,Q18706315,hypothetical entity
P170,creator,Q3242583,pedigree chart
P170,creator,Q2424752,product
P170,creator,Q58778,system
P170,creator,Q6056746,campaign
P170,creator,Q80071,symbol
P1700,SIPA ID,Q2221906,geographic location
P1700,SIPA ID,Q811979,architectural structure
P1702,DGPC ID,Q488383,object
P1704,is pollinator of,Q16521,taxon
P1707,Design & Art Australia Online ID,Q5,human
P171,parent taxon,Q16521,taxon
P1710,Sächsische Biografie (GND) ID,Q5,human
P1711,British Museum person or institution ID,Q14897293,fictional entity
P1711,British Museum person or institution ID,Q5,human
P1711,British Museum person or institution ID,Q43229,organization
P1712,Metacritic ID,Q2431196,audiovisual work
P1712,Metacritic ID,Q108346082,release group
P1712,Metacritic ID,Q116779426,group of video games often treated as a singular game
P1712,Metacritic ID,Q14073567,sibling duo
P1712,Metacritic ID,Q215380,musical group
P1712,Metacritic ID,Q3464665,television series season
P1712,Metacritic ID,Q35127,website
P1712,Metacritic ID,Q5,human
P1713,biography at the Bundestag of Germany URL,Q5,human
P1715,RKD/ESD (Slovenia) ID,Q82821,tradition
P1716,brand,Q507619,retail chain
P1716,brand,Q13226383,facility
P1716,brand,Q2424752,product
P1716,brand,Q431289,brand
P1716,brand,Q655686,commercial building
P1716,brand,Q7058673,video game series
P1717,Sandre river ID,Q15324,body of water
P172,ethnic group,Q4116295,surname
P172,ethnic group,Q14897293,fictional entity
P172,ethnic group,Q133311,tribe
P172,ethnic group,Q215627,person
P172,ethnic group,Q2738074,political movement
P172,ethnic group,Q8436,family
P172,ethnic group,Q2239243,mythical creature
P172,ethnic group,Q34770,language
P172,ethnic group,Q3610510,ethnic enclave
P1725,beats per minute,Q7302866,audio track
P1726,Florentine musea Inventario 1890 ID,Q838948,work of art
P1728,AllMusic artist ID,Q215627,person
P1728,AllMusic artist ID,Q95074,character
P1729,AllMusic album ID,Q108346082,release group
P1730,AllMusic song ID,Q55850593,music track with vocals
P1730,AllMusic song ID,Q55850643,music track without lyrics
P1731,Fach vocal classification,Q5,human
P1731,Fach vocal classification,Q95074,character
P1733,Steam application ID,Q116779426,group of video games often treated as a singular game
P1733,Steam application ID,Q193564,game engine
P1733,Steam application ID,Q209163,expansion add-on
P1733,Steam application ID,Q5398426,television series
P1733,Steam application ID,Q11424,film
P1733,Steam application ID,Q166142,application software
P1733,Steam application ID,Q482994,album
P1733,Steam application ID,Q7889,video game
P1733,Steam application ID,Q865493,video game mod
P1734,oath of office date,Q5,human
P1735,Comedien.ch ID,Q5,human
P1736,Information Center for Israeli Art artist ID,Q5,human
P1739,NACSIS-CAT bibliography ID,Q386724,work
P1740,category for films shot at this location,Q618123,geographical feature
P1743,Bradley and Fletcher checklist number,Q16521,taxon
P1749,Parlement.com ID,Q12909644,political ideology
P1749,Parlement.com ID,Q5,human
P1749,Parlement.com ID,Q30111082,political event
P1749,Parlement.com ID,Q7210356,political organization
P1749,Parlement.com ID,Q947233,High Council of State
P175,performer,Q14897293,fictional entity
P175,performer,Q1656682,event
P175,performer,Q386724,work
P175,performer,Q98216532,recording session
P1750,name day,Q202444,given name
P1752,scale,Q436435,rail transport modelling scale
P1752,scale,Q11422,toy
P1752,scale,Q1232589,replica
P1752,scale,Q1734578,map series
P1752,scale,Q207977,prototype
P1752,scale,Q4006,map
P1752,scale,Q6498959,scale model
P1752,scale,Q860861,sculpture
P1753,list related to category,Q4167836,Wikimedia category
P1754,category related to list,Q186117,timeline
P1754,category related to list,Q13406463,Wikimedia list article
P1754,category related to list,Q273057,discography
P1755,Aviation Safety Network accident ID,Q101965,experiment
P1755,Aviation Safety Network accident ID,Q108284447,aviation accident or incident
P176,manufacturer,Q13406554,sports competition
P176,manufacturer,Q4406616,concrete object
P176,manufacturer,Q7397,software
P1760,Aviation Safety Network Wikibase Occurrence,Q108284447,aviation accident or incident
P1761,Watson & Dallwitz family ID,Q16521,taxon
P1762,Hornbostel-Sachs classification,Q34379,musical instrument
P1764,Flemish Heritage Object ID,Q2221906,geographic location
P1764,Flemish Heritage Object ID,Q2065736,cultural property
P1764,Flemish Heritage Object ID,Q811979,architectural structure
P1764,Flemish Heritage Object ID,Q860861,sculpture
P1766,place name sign,Q27096213,geographic entity
P177,crosses,Q12743,ford
P177,crosses,Q133056,mountain pass
P177,crosses,Q18984099,ferry route
P177,crosses,Q25653,ferry
P177,crosses,Q811430,fixed construction
P1771,Integrated Postsecondary Education Data System ID,Q2385804,educational institution
P1779,possible creator,Q151885,concept
P1779,possible creator,Q16686448,artificial object
P1779,possible creator,Q2424752,product
P1779,possible creator,Q58778,system
P178,developer,Q620615,mobile app
P178,developer,Q66661745,group of artificial physical objects
P178,developer,Q151885,concept
P178,developer,Q16686448,artificial object
P178,developer,Q17176533,software component
P178,developer,Q223557,physical object
P178,developer,Q47146,user interface
P178,developer,Q58778,system
P1782,courtesy name,Q15632617,fictional human
P1782,courtesy name,Q5,human
P1785,temple name,Q5,human
P1785,temple name,Q95074,character
P1786,posthumous name,Q5,human
P1786,posthumous name,Q95074,character
P1788,DVN ID,Q5,human
P1789,chief operating officer,Q43229,organization
P179,part of the series,Q1046315,level
P179,part of the series,Q1238720,volume
P179,part of the series,Q1656682,event
P179,part of the series,Q1777515,junction
P179,part of the series,Q386724,work
P179,part of the series,Q42848,data
P179,part of the series,Q42889,vehicle
P1791,category for people buried here,Q27096213,geographic entity
P1792,category of associated people,Q27096213,geographic entity
P1792,category of associated people,Q43229,organization
P1795,Smithsonian American Art Museum person/institution ID,Q43229,organization
P1795,Smithsonian American Art Museum person/institution ID,Q5,human
P1796,International Standard Industrial Classification code Rev.4,Q8187769,economic activity
P1798,ISO 639-5 code,Q17376908,languoid
P180,depicts,Q14897293,fictional entity
P180,depicts,Q1243409,heraldic attitude
P180,depicts,Q391414,architectural element
P180,depicts,Q1121690,beverage can
P180,depicts,Q1509831,"titles of Mary, mother of Jesus"
P180,depicts,Q20203727,mythical object
P180,depicts,Q215627,person
P180,depicts,Q220659,archaeological artefact
P180,depicts,Q386724,work
P180,depicts,Q47433,banknote
P180,depicts,Q478798,image
P180,depicts,Q618779,award
P180,depicts,Q631305,rock formation
P180,depicts,Q80071,symbol
P1800,Wikimedia database name,Q14827288,Wikimedia project
P1800,Wikimedia database name,Q483279,Wikimania
P1802,Early Modern Letters Online person ID,Q5,human
P1802,Early Modern Letters Online person ID,Q2221906,geographic location
P1802,Early Modern Letters Online person ID,Q43229,organization
P1804,DNF film ID,Q2431196,audiovisual work
P1809,choreographer,Q11639,dance
P1809,choreographer,Q11424,film
P1809,choreographer,Q15416,television program
P1809,choreographer,Q25379,play
P1809,choreographer,Q43099500,performing arts production
P1809,choreographer,Q58483088,choreographic work
P181,taxon range map image,Q16521,taxon
P1811,list of episodes,Q14623351,radio series
P1811,list of episodes,Q2431196,audiovisual work
P1815,RSL scanned publication ID,Q732577,publication
P1816,National Portrait Gallery (London) person ID,Q1002697,periodical
P1816,National Portrait Gallery (London) person ID,Q215627,person
P1817,addressee,Q861911,oration
P1817,addressee,Q47461344,written work
P1817,addressee,Q49848,document
P1817,addressee,Q628523,message
P1818,Kaiser und Höfe ID,Q5,human
P1819,genealogics.org person ID,Q5,human
P1821,Open Food Facts food category ID,Q13184,berry
P1821,Open Food Facts food category ID,Q16521,taxon
P1821,Open Food Facts food category ID,Q2095,food
P1821,Open Food Facts food category ID,Q25403900,food ingredient
P1821,Open Food Facts food category ID,Q40050,drink
P1824,road number,Q2143825,hiking trail
P1824,road number,Q34442,road
P1828,IPI name number,Q43229,organization
P1828,IPI name number,Q5,human
P1829,Roud Indexes Roud number,Q7725634,literary work
P183,endemic to,Q16521,taxon
P183,endemic to,Q2239243,mythical creature
P1830,owner of,Q14897293,fictional entity
P1830,owner of,Q215627,person
P1830,owner of,Q4164871,position
P1830,owner of,Q43229,organization
P1831,electorate,Q192611,electoral unit
P1831,electorate,Q189760,voting
P1831,electorate,Q51591359,voting result
P1833,number of registered users/contributors,Q1668024,service on Internet
P1833,number of registered users/contributors,Q35127,website
P1837,Gaoloumi ID,Q11303,skyscraper
P1838,PSS-archi ID,Q811979,architectural structure
P1839,US Federal Election Commission ID,Q5,human
P1839,US Federal Election Commission ID,Q43229,organization
P1839,US Federal Election Commission ID,Q95074,character
P184,doctoral advisor,Q15632617,fictional human
P184,doctoral advisor,Q5,human
P1840,investigated by,Q5,human
P1840,investigated by,Q1190554,occurrence
P1840,investigated by,Q2342494,collectable
P1843,taxon common name,Q16521,taxon
P1844,HathiTrust ID,Q1002697,periodical
P1844,HathiTrust ID,Q1238720,volume
P1845,anti-virus alias,Q14001,malware
P1847,Nasjonalbiblioteket photographer ID,Q5,human
P1847,Nasjonalbiblioteket photographer ID,Q672070,photographic studio
P1851,partial function domain,Q130901,binary relation
P1853,blood type,Q5,human
P1853,blood type,Q15632617,fictional human
P1853,blood type,Q27921916,anthropomorphic character
P1854,Kyiv street code,Q174782,square
P1854,Kyiv street code,Q83620,thoroughfare
P1855,Wikidata property example,Q18616576,Wikidata property
P186,made from material,Q35758,matter
P186,made from material,Q66661745,group of artificial physical objects
P186,made from material,Q15706911,fictional object
P186,made from material,Q16686448,artificial object
P186,made from material,Q223557,physical object
P1866,Catholic Hierarchy diocese ID,Q1092939,cardinal title
P1866,Catholic Hierarchy diocese ID,Q112572558,Departments of the Roman Curia
P1866,Catholic Hierarchy diocese ID,Q1778235,abbacy nullius
P1866,Catholic Hierarchy diocese ID,Q2061186,religious order
P1866,Catholic Hierarchy diocese ID,Q225446,institute of consecrated life
P1866,Catholic Hierarchy diocese ID,Q3146899,diocese of the Catholic Church
P1866,Catholic Hierarchy diocese ID,Q350509,ordinariate
P1866,Catholic Hierarchy diocese ID,Q384003,apostolic prefecture
P1866,Catholic Hierarchy diocese ID,Q557206,Catholic university
P1866,Catholic Hierarchy diocese ID,Q620045,apostolic nunciature
P1866,Catholic Hierarchy diocese ID,Q620225,apostolic vicariate
P1866,Catholic Hierarchy diocese ID,Q644930,mission sui iuris
P1867,eligible voters,Q189760,voting
P1867,eligible voters,Q51591359,voting result
P1868,ballots cast,Q189760,voting
P1868,ballots cast,Q51591359,voting result
P1869,Hall of Valor ID,Q5,human
P1871,CERL Thesaurus ID,Q207174,personification
P1871,CERL Thesaurus ID,Q14897293,fictional entity
P1871,CERL Thesaurus ID,Q20830276,group of mythical characters
P1871,CERL Thesaurus ID,Q2221906,geographic location
P1871,CERL Thesaurus ID,Q783794,company
P1871,CERL Thesaurus ID,Q7239,organism
P1871,CERL Thesaurus ID,Q8436,family
P1872,minimum number of players,Q349,sport
P1872,minimum number of players,Q11410,game
P1872,minimum number of players,Q7058673,video game series
P1873,maximum number of players,Q349,sport
P1873,maximum number of players,Q11410,game
P1873,maximum number of players,Q7058673,video game series
P1873,maximum number of players,Q865493,video game mod
P1874,Netflix ID,Q182832,concert
P1874,Netflix ID,Q10590726,video album
P1874,Netflix ID,Q11424,film
P1874,Netflix ID,Q15416,television program
P1875,represented by,Q11446,ship
P1875,represented by,Q157031,foundation
P1875,represented by,Q192611,electoral unit
P1875,represented by,Q215627,person
P1875,represented by,Q7725634,literary work
P1875,represented by,Q95074,character
P1877,after a work by,Q386724,work
P1878,Vox-ATypI classification,Q17451,typeface
P1878,Vox-ATypI classification,Q58481926,typeface family
P1879,income classification (Philippines),Q1350310,administrative territorial entity of the Philippines
P1881,list of characters,Q108764372,fictional collective entity
P1881,list of characters,Q386724,work
P1882,Web Gallery of Art artist ID,Q5,human
P1884,hair color,Q14897293,fictional entity
P1884,hair color,Q201662,alter ego
P1884,hair color,Q5,human
P1885,cathedral,Q665487,diocese
P1886,Global Volcanism Program ID,Q29025902,volcanic landform
P1886,Global Volcanism Program ID,Q46831,mountain range
P1886,Global Volcanism Program ID,Q8502,mountain
P1887,vice-county,Q2221906,geographic location
P1888,DMNES-ID,Q202444,given name
P1890,CCAB ID,Q215627,person
P1890,CCAB ID,Q43229,organization
P1890,CCAB ID,Q17537576,creative work
P1890,CCAB ID,Q42889,vehicle
P1891,signatory,Q49848,document
P1891,signatory,Q7748,law
P1891,signatory,Q93288,contract
P1893,Open Plaques plaque ID,Q721747,commemorative plaque
P1894,Danish urban area code,Q486972,human settlement
P1895,Fauna Europaea ID,Q16521,taxon
P1896,source website for the property,Q18616576,Wikidata property
P1897,highest note,Q34379,musical instrument
P1897,highest note,Q5,human
P1898,lowest note,Q5,human
P19,place of birth,Q7239,organism
P19,place of birth,Q20643955,human biblical figure
P19,place of birth,Q15619164,abstract being
P19,place of birth,Q95074,character
P190,twinned administrative body,Q3895768,fictional location
P190,twinned administrative body,Q3914,school
P190,twinned administrative body,Q486972,human settlement
P190,twinned administrative body,Q55488,railway station
P190,twinned administrative body,Q56061,administrative territorial entity
P1901,BALaT person/organisation ID,Q43229,organization
P1901,BALaT person/organisation ID,Q5,human
P1902,Spotify artist ID,Q14897293,fictional entity
P1902,Spotify artist ID,Q2088357,musical ensemble
P1902,Spotify artist ID,Q215627,person
P1902,Spotify artist ID,Q196600,media franchise
P1902,Spotify artist ID,Q431289,brand
P1903,volcanic explosivity index,Q7692360,volcanic eruption
P1906,office held by head of state,Q1145276,fictional country
P1906,office held by head of state,Q3024240,historical country
P1906,office held by head of state,Q7275,state
P1910,decreased expression in,Q7187,gene
P1911,increased expression in,Q7187,gene
P1912,gene deletion association with,Q7187,gene
P1913,gene duplication association with,Q7187,gene
P1914,gene insertion association with,Q7187,gene
P1916,gene substitution association with,Q7187,gene
P1917,posttranslational modification association with,Q7187,gene
P1918,altered regulation leads to,Q7187,gene
P1920,CWGC burial ground ID,Q162875,mausoleum
P1920,CWGC burial ground ID,Q39614,cemetery
P1920,CWGC burial ground ID,Q575759,war memorial
P1922,first line,Q386724,work
P1924,vaccine for,Q134808,vaccine
P193,main building contractor,Q121359,infrastructure
P193,main building contractor,Q811430,fixed construction
P1933,MobyGames game ID (former scheme),Q116779426,group of video games often treated as a singular game
P1933,MobyGames game ID (former scheme),Q5519929,game creation system
P1933,MobyGames game ID (former scheme),Q7889,video game
P1934,Animator.ru film ID,Q97352645,series of animated works
P1934,Animator.ru film ID,Q21191270,television series episode
P1934,Animator.ru film ID,Q202866,animated film
P1938,Project Gutenberg author ID,Q21070598,figure that may or may not be fictional
P1938,Project Gutenberg author ID,Q61002,pseudonym
P194,legislative body,Q56061,administrative territorial entity
P194,legislative body,Q1145276,fictional country
P194,legislative body,Q4120211,regional organization
P194,legislative body,Q7188,government
P1945,street key,Q618123,geographical feature
P1949,CulturaItalia ID,Q838948,work of art
P1949,CulturaItalia ID,Q839954,archaeological site
P1949,CulturaItalia ID,Q160742,abbey
P1949,CulturaItalia ID,Q16970,church building
P1949,CulturaItalia ID,Q33506,museum
P195,collection,Q36161,set
P195,collection,Q223557,physical object
P195,collection,Q2424752,product
P195,collection,Q386724,work
P1950,second family name in Spanish name,Q5,human
P1950,second family name in Spanish name,Q95074,character
P1952,Encyclopaedia Metallum band ID,Q2088357,musical ensemble
P1953,Discogs artist ID,Q5,human
P1953,Discogs artist ID,Q61002,pseudonym
P1953,Discogs artist ID,Q7247847,production team
P1953,Discogs artist ID,Q95074,character
P1954,Discogs master ID,Q108346082,release group
P1956,takeoff and landing capability,Q11436,aircraft
P1957,Wikisource index page URL,Q110879246,video work
P1957,Wikisource index page URL,Q49848,document
P196,minor planet group,Q1022867,minor planet
P196,minor planet group,Q947662,binary asteroid
P1960,Google Scholar author ID,Q5,human
P1960,Google Scholar author ID,Q3918,university
P1960,Google Scholar author ID,Q47461344,written work
P1961,CTHS society ID,Q43229,organization
P1970,MovieMeter film ID,Q1635956,interactive film
P1970,MovieMeter film ID,Q11424,film
P1970,MovieMeter film ID,Q15416,television program
P1970,MovieMeter film ID,Q24856,film series
P1970,MovieMeter film ID,Q526877,web series
P1970,MovieMeter film ID,Q581714,animated series
P1971,number of children,Q7239,organism
P1971,number of children,Q95074,character
P1972,Open Hub ID,Q56273712,source-available software
P1973,RSL editions,Q732577,publication
P1977,Les Archives du spectacle person ID,Q5,human
P1980,PolSys ID,Q5,human
P1981,FSK film rating,Q1983062,episode
P1981,FSK film rating,Q11424,film
P1981,FSK film rating,Q15416,television program
P1982,Anime News Network person ID,Q5,human
P1983,Anime News Network company ID,Q41298,magazine
P1983,Anime News Network company ID,Q4830453,business
P1983,Anime News Network company ID,Q778575,conglomerate
P1983,Anime News Network company ID,Q783794,company
P1984,Anime News Network manga ID,Q1002697,periodical
P1984,Anime News Network manga ID,Q1667921,novel series
P1984,Anime News Network manga ID,Q562214,manhwa
P1984,Anime News Network manga ID,Q7725634,literary work
P1984,Anime News Network manga ID,Q8261,novel
P1984,Anime News Network manga ID,Q8274,manga
P1985,Anime News Network anime ID,Q717122,Glove puppetry
P1985,Anime News Network anime ID,Q1107,anime
P1985,Anime News Network anime ID,Q11424,film
P1985,Anime News Network anime ID,Q399811,Japanese television drama
P1986,Treccani's Biographical Dictionary of Italian People ID,Q215627,person
P1986,Treccani's Biographical Dictionary of Italian People ID,Q8436,family
P1988,Le Delarge artist ID,Q5,human
P1989,Encyclopaedia Metallum artist ID,Q15632617,fictional human
P1989,Encyclopaedia Metallum artist ID,Q215627,person
P199,has organizational division,Q43229,organization
P199,has organizational division,Q5446565,fictional company
P1990,species kept,Q129211,cage
P1990,species kept,Q165044,greenhouse
P1990,species kept,Q167346,botanical garden
P1990,species kept,Q1714375,game reserve
P1990,species kept,Q194195,amusement park
P1990,species kept,Q2281788,public aquarium
P1990,species kept,Q2333552,hatchery
P1990,species kept,Q33506,museum
P1990,species kept,Q43501,zoo
P1992,Plazi ID,Q16521,taxon
P1992,Plazi ID,Q32945461,taxonomic treatment
P1995,health specialty,Q2057971,health problem
P1995,health specialty,Q18596079,fictional medical condition
P1995,health specialty,Q639907,medical finding
P1997,Facebook location ID,Q41176,building
P1997,Facebook location ID,Q486972,human settlement
P1997,Facebook location ID,Q56061,administrative territorial entity
P1997,Facebook location ID,Q8502,mountain
P1998,UCI code of cycling team,Q1539532,sports season of a sports club
P1998,UCI code of cycling team,Q1785271,cycling team
P1998,UCI code of cycling team,Q2485448,sports governing body
P1999,UNESCO language status,Q17376908,languoid
P20,place of death,Q14897293,fictional entity
P20,place of death,Q7239,organism
P20,place of death,Q15619164,abstract being
P200,inflows,Q2466889,hydraulic structure
P200,inflows,Q15324,body of water
P200,inflows,Q723748,confluence
P2002,X (Twitter) username,Q11660,artificial intelligence
P2002,X (Twitter) username,Q1190554,occurrence
P2002,X (Twitter) username,Q16887380,group
P2002,X (Twitter) username,Q223557,physical object
P2002,X (Twitter) username,Q2424752,product
P2002,X (Twitter) username,Q340169,communications media
P2002,X (Twitter) username,Q386724,work
P2002,X (Twitter) username,Q4164871,position
P2002,X (Twitter) username,Q431289,brand
P2002,X (Twitter) username,Q43229,organization
P2002,X (Twitter) username,Q56061,administrative territorial entity
P2002,X (Twitter) username,Q618779,award
P2002,X (Twitter) username,Q95074,character
P2003,Instagram username,Q11012,robot
P2003,Instagram username,Q1190554,occurrence
P2003,Instagram username,Q26401003,individual animal
P2003,Instagram username,Q2906862,influencer
P2003,Instagram username,Q340169,communications media
P2003,Instagram username,Q386724,work
P2003,Instagram username,Q4164871,position
P2003,Instagram username,Q431289,brand
P2003,Instagram username,Q43229,organization
P2003,Instagram username,Q56061,administrative territorial entity
P2003,Instagram username,Q95074,character
P2009,Exif model,Q484000,unmanned aerial vehicle
P2009,Exif model,Q155972,tablet computer
P2009,Exif model,Q22645,smartphone
P2009,Exif model,Q62927,digital camera
P201,outflows,Q2466889,hydraulic structure
P201,outflows,Q15324,body of water
P201,outflows,Q723748,confluence
P2011,Cooper Hewitt person ID,Q43229,organization
P2011,Cooper Hewitt person ID,Q5,human
P2012,cuisine,Q13226383,facility
P2012,cuisine,Q18534542,restaurant chain
P2012,cuisine,Q2095,food
P2013,Facebook username,Q1639378,social system
P2013,Facebook username,Q26401003,individual animal
P2013,Facebook username,Q340169,communications media
P2013,Facebook username,Q4164871,position
P2013,Facebook username,Q56061,administrative territorial entity
P2013,Facebook username,Q618779,award
P2013,Facebook username,Q95074,character
P2013,Facebook username,Q1190554,occurrence
P2013,Facebook username,Q13226383,facility
P2013,Facebook username,Q2424752,product
P2013,Facebook username,Q386724,work
P2013,Facebook username,Q431289,brand
P2014,Museum of Modern Art work ID,Q488383,object
P2017,isomeric SMILES,Q170409,functional group
P2019,AllMovie person ID,Q26401003,individual animal
P2019,AllMovie person ID,Q431289,brand
P2019,AllMovie person ID,Q95074,character
P2021,Erdős number,Q5,human
P2024,German cattle breed ID,Q16521,taxon
P2025,Find a Grave cemetery ID,Q6023295,funerary structure
P2025,Find a Grave cemetery ID,Q16970,church building
P2025,Find a Grave cemetery ID,Q2749813,churchyard
P2025,Find a Grave cemetery ID,Q39614,cemetery
P2025,Find a Grave cemetery ID,Q575759,war memorial
P2028,United States Armed Forces service number,Q5,human
P2029,Dictionary of Ulster Biography ID,Q5,human
P2030,NASA biographical ID,Q5,human
P2031,start of work period,Q215627,person
P2031,start of work period,Q95074,character
P2032,end of work period,Q5,human
P2032,end of work period,Q95074,character
P2037,GitHub account,Q5,human
P2037,GitHub account,Q61002,pseudonym
P2037,GitHub account,Q9143,programming language
P2037,GitHub account,Q15632617,fictional human
P2037,GitHub account,Q1656682,event
P2037,GitHub account,Q317623,technical standard
P2037,GitHub account,Q43229,organization
P2037,GitHub account,Q494756,data
P2037,GitHub account,Q7397,software
P2041,National Gallery of Victoria artist ID,Q82794,region
P2041,National Gallery of Victoria artist ID,Q215627,person
P2041,National Gallery of Victoria artist ID,Q43229,organization
P2042,Artsy artist ID,Q215627,person
P2042,Artsy artist ID,Q672070,photographic studio
P2044,elevation above sea level,Q27096213,geographic entity
P2044,elevation above sea level,Q488383,object
P2047,duration,Q1046315,level
P2047,duration,Q1190554,occurrence
P2047,duration,Q14136353,fictional occurrence
P2047,duration,Q1790144,unit of time
P2047,duration,Q26529,space probe
P2047,duration,Q26907166,temporal entity
P2047,duration,Q386724,work
P2047,duration,Q6428674,era
P205,basin country,Q15324,body of water
P205,basin country,Q166620,drainage basin
P2050,wingspan,Q16521,taxon
P2050,wingspan,Q11436,aircraft
P2050,wingspan,Q44494,mill
P2051,M sin i,Q44559,exoplanet
P2053,watershed area,Q12323,dam
P2053,watershed area,Q15324,body of water
P2053,watershed area,Q166620,drainage basin
P2054,density,Q223557,physical object
P2058,depositary,Q131569,treaty
P206,located in or next to body of water,Q906512,shipwrecking
P206,located in or next to body of water,Q27096213,geographic entity
P206,located in or next to body of water,Q3238337,mythical location
P206,located in or next to body of water,Q3895768,fictional location
P206,located in or next to body of water,Q66661745,group of artificial physical objects
P206,located in or next to body of water,Q8205328,artificial physical object
P2061,aspect ratio (W:H),Q210521,image resolution
P2061,aspect ratio (W:H),Q2431196,audiovisual work
P2061,aspect ratio (W:H),Q478798,image
P207,bathymetry image,Q27096213,geographic entity
P2073,vehicle range,Q42889,vehicle
P2078,user manual URL,Q15911738,hydroelectric power station
P2078,user manual URL,Q19967801,online service
P2078,user manual URL,Q9143,programming language
P2078,user manual URL,Q10273457,equipment
P2078,user manual URL,Q165194,application programming interface
P2078,user manual URL,Q4006,map
P2078,user manual URL,Q7397,software
P2079,fabrication method,Q28732711,physical substance
P2079,fabrication method,Q16686448,artificial object
P2079,fabrication method,Q223557,physical object
P2079,fabrication method,Q2424752,product
P208,executive body,Q15642541,human-geographic territorial entity
P208,executive body,Q2638480,church congregation
P2082,M49 code,Q82794,region
P2088,Crunchbase organization ID,Q19307174,digital distribution platform
P2088,Crunchbase organization ID,Q1002697,periodical
P2088,Crunchbase organization ID,Q11033,mass media
P2088,Crunchbase organization ID,Q167270,trademark
P2088,Crunchbase organization ID,Q35127,website
P2088,Crunchbase organization ID,Q431289,brand
P2088,Crunchbase organization ID,Q43229,organization
P2088,Crunchbase organization ID,Q7397,software
P2088,Crunchbase organization ID,Q7406919,service
P2089,Library of Congress JukeBox ID (former scheme),Q2088357,musical ensemble
P2089,Library of Congress JukeBox ID (former scheme),Q5,human
P209,highest judicial authority,Q56061,administrative territorial entity
P2090,Power of 10 athlete ID,Q5,human
P2092,Bildindex der Kunst und Architektur ID,Q8205328,artificial physical object
P2092,Bildindex der Kunst und Architektur ID,Q838948,work of art
P2093,author name string,Q386724,work
P2094,competition class,Q4438121,sports organization
P2094,competition class,Q13406554,sports competition
P2094,competition class,Q16510064,sporting event
P2097,term length of position,Q4164871,position
P2098,substitute/deputy/replacement of office/officeholder,Q4164871,position
P2099,BC Geographical Names ID,Q618123,geographical feature
P21,sex or gender,Q1285470,kunya
P21,sex or gender,Q11012,robot
P21,sex or gender,Q14897293,fictional entity
P21,sex or gender,Q15619164,abstract being
P21,sex or gender,Q16521,taxon
P21,sex or gender,Q168658,doll
P21,sex or gender,Q201662,alter ego
P21,sex or gender,Q40614,fossil
P21,sex or gender,Q61002,pseudonym
P21,sex or gender,Q7239,organism
P2100,Banque de noms de lieux du Québec ID,Q180516,room
P2100,Banque de noms de lieux du Québec ID,Q618123,geographical feature
P2108,Kunstindeks Danmark artwork ID,Q838948,work of art
P2109,nominal power output,Q132629,electrical circuit
P2109,nominal power output,Q159719,power station
P2109,nominal power output,Q1522115,energy source
P2109,nominal power output,Q190157,radio transmitter
P2109,nominal power output,Q42889,vehicle
P2109,nominal power output,Q44167,engine
P2109,nominal power output,Q80877,nuclear reactor
P2112,wing area,Q11436,aircraft
P2117,combustion enthalpy,Q79529,chemical substance
P212,ISBN-13,Q1266946,thesis
P212,ISBN-13,Q131436,board game
P212,ISBN-13,Q317623,technical standard
P212,ISBN-13,Q732577,publication
P212,ISBN-13,Q7889,video game
P2123,YerelNet village ID,Q56061,administrative territorial entity
P2124,member count,Q14623646,fictional organization
P2124,member count,Q58778,system
P2127,International Nuclear Event Scale,Q1620824,nuclear accident
P213,ISNI,Q7239,organism
P213,ISNI,Q15284636,presidential term
P213,ISNI,Q106668099,corporate body
P213,ISNI,Q11446,ship
P213,ISNI,Q13226383,facility
P213,ISNI,Q15275719,recurring event
P213,ISNI,Q209465,campus
P213,ISNI,Q25550691,city hall
P213,ISNI,Q4164871,position
P213,ISNI,Q473972,protected area
P213,ISNI,Q486972,human settlement
P213,ISNI,Q588750,puppetry
P213,ISNI,Q61002,pseudonym
P213,ISNI,Q95074,character
P2130,capital cost,Q16686448,artificial object
P2131,nominal GDP,Q100773131,regional economy
P2131,nominal GDP,Q4835091,territory
P2132,nominal GDP per capita,Q100773131,regional economy
P2132,nominal GDP per capita,Q56061,administrative territorial entity
P2133,total debt,Q43229,organization
P2134,total reserves,Q100773131,regional economy
P2134,total reserves,Q56061,administrative territorial entity
P2135,total exports,Q56061,administrative territorial entity
P2136,total imports,Q56061,administrative territorial entity
P2137,total equity,Q43229,organization
P2139,total revenue,Q1850936,benefit concert
P2139,total revenue,Q43229,organization
P2139,total revenue,Q5446565,fictional company
P2139,total revenue,Q8161,tax
P2142,box office,Q1619206,telethon
P2142,box office,Q11424,film
P2142,box office,Q24856,film series
P2143,genome size,Q7020,genome
P215,spectral class,Q595871,star system
P215,spectral class,Q101600,brown dwarf
P215,spectral class,Q1073768,Sub-brown dwarf
P215,spectral class,Q44559,exoplanet
P215,spectral class,Q523,star
P2159,computes solution to,Q8366,algorithm
P2161,Guthrie code,Q17376908,languoid
P2168,Swedish Film Database person ID,Q5,human
P2169,PublicWhip ID,Q5,human
P217,inventory number,Q488383,object
P2172,Parliamentary record ID,Q5,human
P2173,BBC News Democracy Live ID,Q5,human
P2174,Museum of Modern Art artist ID,Q215627,person
P2174,Museum of Modern Art artist ID,Q43229,organization
P2175,medical condition treated,Q796194,medical procedure
P2175,medical condition treated,Q28885102,pharmaceutical product
P2175,medical condition treated,Q6554101,medical device
P2176,drug or therapy used for treatment,Q2057971,health problem
P218,ISO 639-1 code,Q17376908,languoid
P218,ISO 639-1 code,Q8192,writing system
P2180,Kansallisbiografia ID,Q5,human
P2180,Kansallisbiografia ID,Q8436,family
P2182,Finnish Ministers database ID (archived),Q5,human
P2187,BiblioNet publication ID,Q386724,work
P2189,BiblioNet publisher ID,Q43229,organization
P219,ISO 639-2 code,Q17376908,languoid
P219,ISO 639-2 code,Q8192,writing system
P2191,Vegetti Catalog of Fantastic Literature NILF ID,Q2085381,publishing house
P2191,Vegetti Catalog of Fantastic Literature NILF ID,Q5,human
P2191,Vegetti Catalog of Fantastic Literature NILF ID,Q61002,pseudonym
P2191,Vegetti Catalog of Fantastic Literature NILF ID,Q17537576,creative work
P2191,Vegetti Catalog of Fantastic Literature NILF ID,Q732577,publication
P2191,Vegetti Catalog of Fantastic Literature NILF ID,Q7725310,series of creative works
P2192,endangeredlanguages.com ID,Q17376908,languoid
P2194,PSS-archi architect ID,Q4387609,architectural firm
P2194,PSS-archi architect ID,Q5,human
P2196,count of students,Q13226383,facility
P2196,count of students,Q43229,organization
P22,father,Q14897293,fictional entity
P22,father,Q207174,personification
P22,father,Q7239,organism
P220,ISO 639-3 code,Q17376908,languoid
P220,ISO 639-3 code,Q8192,writing system
P2205,Spotify album ID,Q108346082,release group
P2205,Spotify album ID,Q2635894,radio drama
P2207,Spotify track ID,Q7302866,audio track
P2208,average shot length,Q11424,film
P221,ISO 639-6 code,Q17376908,languoid
P2212,angular distance,Q6999,astronomical object
P2214,parallax,Q6999,astronomical object
P2216,radial velocity,Q6999,astronomical object
P2218,net worth,Q215627,person
P2218,net worth,Q6881511,enterprise
P2218,net worth,Q95074,character
P2219,real GDP growth rate,Q100773131,regional economy
P2220,household wealth,Q100773131,regional economy
P2227,metallicity,Q11276,globular cluster
P2227,metallicity,Q11387,open cluster
P2227,metallicity,Q190438,dwarf galaxy
P2227,metallicity,Q3132741,substellar object
P2227,metallicity,Q523,star
P2228,maximum thrust,Q41291,rocket
P2229,thermal design power,Q3966,computer hardware
P223,galaxy morphological type,Q318,galaxy
P2233,semi-major axis of an orbit,Q4130,orbit
P2233,semi-major axis of an orbit,Q40218,spacecraft
P2233,semi-major axis of an orbit,Q5916,spaceflight
P2233,semi-major axis of an orbit,Q6999,astronomical object
P2235,external superproperty,Q18616576,Wikidata property
P2236,external subproperty,Q18616576,Wikidata property
P2238,official symbol,Q14897293,fictional entity
P2238,official symbol,Q5,human
P2238,official symbol,Q1190554,occurrence
P2238,official symbol,Q43229,organization
P2238,official symbol,Q56061,administrative territorial entity
P2242,Florentine musea catalogue ID,Q838948,work of art
P2243,apoapsis,Q5916,spaceflight
P2243,apoapsis,Q40218,spacecraft
P2243,apoapsis,Q6999,astronomical object
P2244,periapsis,Q5916,spaceflight
P2244,periapsis,Q40218,spacecraft
P2244,periapsis,Q6999,astronomical object
P2248,argument of periapsis,Q6999,astronomical object
P225,taxon name,Q15707583,fictional taxon
P225,taxon name,Q16521,taxon
P2250,life expectancy,Q56061,administrative territorial entity
P2250,life expectancy,Q16521,taxon
P2252,National Gallery of Art artist ID,Q215627,person
P2252,National Gallery of Art artist ID,Q43229,organization
P2253,DfE URN,Q2385804,educational institution
P2255,Debrett's People of Today ID,Q5,human
P2257,event interval,Q618779,award
P2257,event interval,Q623109,sports league
P2257,event interval,Q13406554,sports competition
P2257,event interval,Q15275719,recurring event
P2257,event interval,Q47454914,periodic phenomenon
P2259,mobile network code,Q43229,organization
P2264,Mix'n'match catalog ID,Q18616576,Wikidata property
P2267,PolitiFact people and groups ID,Q43229,organization
P2267,PolitiFact people and groups ID,Q5,human
P2268,Musée d'Orsay artist or personality ID,Q5,human
P2270,Emporis building complex ID,Q1497364,building complex
P2279,ambitus,Q386724,work
P2281,Apple Music album ID,Q108346082,release group
P2282,Groeningemuseum work ID,Q386724,work
P2285,periapsis date (DEPRECATED),Q6999,astronomical object
P229,IATA airline designator,Q249556,railway company
P229,IATA airline designator,Q46970,airline
P2291,charted in,Q5,human
P2291,charted in,Q386724,work
P2292,consumption rate,Q28877,goods
P2293,genetic association,Q12136,disease
P2293,genetic association,Q7187,gene
P2294,balance of trade,Q56061,administrative territorial entity
P2295,net profit,Q43229,organization
P2295,net profit,Q56061,administrative territorial entity
P2296,money supply,Q56061,administrative territorial entity
P2297,employment by economic sector,Q4835091,territory
P2299,PPP GDP per capita,Q100773131,regional economy
P2299,PPP GDP per capita,Q56061,administrative territorial entity
P230,ICAO airline designator,Q46970,airline
P2300,minimal lethal dose,Q79529,chemical substance
P2302,property constraint,Q18616576,Wikidata property
P2303,exception to constraint,Q18616576,Wikidata property
P2304,group by,Q18616576,Wikidata property
P2305,item of property constraint,Q18616576,Wikidata property
P2308,class,Q18616576,Wikidata property
P2309,relation,Q18616576,Wikidata property
P2318,debut participant,Q2658935,beauty contest
P2319,elector,Q40231,public election
P2319,elector,Q4164871,position
P2320,aftershocks,Q7944,earthquake
P2321,general classification of race participants,Q13406554,sports competition
P2322,article ID,Q191067,article
P2323,Swedish Olympic Committee athlete ID,Q5,human
P2324,quantity buried,Q24398318,religious building
P2324,quantity buried,Q6023295,funerary structure
P2325,mean anomaly,Q6999,astronomical object
P2326,GNS Unique Feature ID,Q618123,geographical feature
P2328,ProCyclingStats team ID,Q1785271,cycling team
P2329,antagonist muscle,Q7365,muscle
P233,canonical SMILES,Q170409,functional group
P2331,Cycling Archives team ID,Q20639847,professional cycling team
P2331,Cycling Archives team ID,Q5198626,cycling club
P2333,Norwegian organisation number,Q43229,organization
P2334,Swedish Film Database ID,Q1983062,episode
P2334,Swedish Film Database ID,Q11424,film
P2334,Swedish Film Database ID,Q15416,television program
P2334,Swedish Film Database ID,Q24856,film series
P2335,Swedish Film Database company ID,Q43229,organization
P2336,Swedish Film Database soundtrack ID,Q207628,composed musical work
P2338,Musopen composer ID,Q5,human
P2339,BoardGameGeek ID,Q11410,game
P2339,BoardGameGeek ID,Q131436,board game
P2339,BoardGameGeek ID,Q142714,card game
P2340,CESAR person ID,Q5,human
P2341,indigenous to,Q6666023,motion
P2341,indigenous to,Q11042,culture
P2341,indigenous to,Q14897293,fictional entity
P2341,indigenous to,Q1165905,sexual identity
P2341,indigenous to,Q16521,taxon
P2341,indigenous to,Q1656682,event
P2341,indigenous to,Q16686448,artificial object
P2341,indigenous to,Q17376908,languoid
P2341,indigenous to,Q202444,given name
P2341,indigenous to,Q2095,food
P2341,indigenous to,Q24334685,mythical entity
P2341,indigenous to,Q2434238,heritage
P2341,indigenous to,Q2531956,ethnic minority group
P2341,indigenous to,Q2578402,hand tool
P2341,indigenous to,Q268592,industry
P2341,indigenous to,Q40050,drink
P2341,indigenous to,Q48264,gender identity
P2341,indigenous to,Q49773,social movement
P2342,AGORHA person/institution ID,Q5,human
P2342,AGORHA person/institution ID,Q3152824,cultural institution
P2342,AGORHA person/institution ID,Q479716,university press
P2342,AGORHA person/institution ID,Q8436,family
P2342,AGORHA person/institution ID,Q955824,learned society
P2343,playing range image,Q34379,musical instrument
P2344,AGORHA work ID,Q386724,work
P2346,Elonet movie ID,Q3464665,television series season
P2346,Elonet movie ID,Q11424,film
P2346,Elonet movie ID,Q15416,television program
P2346,Elonet movie ID,Q24856,film series
P2346,Elonet movie ID,Q526877,web series
P2350,SpeedSkatingBase.eu ID (archived),Q5,human
P2351,number of graves,Q39614,cemetery
P2353,statistical unit used,Q1172284,data set
P2355,UNESCO Atlas of the World's Languages in Danger ID,Q17376908,languoid
P2357,Classification of Instructional Programs code,Q1047113,field of study
P236,ISSN,Q13136,reference work
P236,ISSN,Q2217301,serial
P2360,intended public,Q1151067,rule
P2360,intended public,Q1656682,event
P2360,intended public,Q17350442,venue
P2360,intended public,Q17489659,group of works
P2360,intended public,Q17537576,creative work
P2360,intended public,Q2424752,product
P2360,intended public,Q3948731,web content
P2360,intended public,Q431289,brand
P2360,intended public,Q43229,organization
P2360,intended public,Q47461344,written work
P2360,intended public,Q618779,award
P2362,time to altitude,Q11436,aircraft
P2363,NMHH film rating,Q11424,film
P2363,NMHH film rating,Q1261214,television special
P2363,NMHH film rating,Q1983062,episode
P2364,production code,Q11424,film
P2364,production code,Q1983062,episode
P2364,production code,Q29555881,segment of a television episode
P2367,Australian Stratigraphic Units Database ID,Q3694119,stratigraphic unit
P2370,conversion to SI unit,Q47574,unit of measurement
P2372,ODIS ID,Q5,human
P2372,ODIS ID,Q1002697,periodical
P2372,ODIS ID,Q43229,organization
P2372,ODIS ID,Q571,book
P2372,ODIS ID,Q811430,fixed construction
P2373,Genius artist ID,Q215627,person
P2373,Genius artist ID,Q95074,character
P2373,Genius artist ID,Q2088357,musical ensemble
P2373,Genius artist ID,Q431289,brand
P2376,superpartner of,Q10888573,hypothetical particle
P2378,issued by,Q131437023,tax status
P2378,issued by,Q693464,cash
P2378,issued by,Q906278,country code
P2378,issued by,Q253623,patent
P2378,issued by,Q2616578,travel document
P2378,issued by,Q374814,certification
P2378,issued by,Q47988,identity document
P238,IATA airport code,Q184590,runway
P238,IATA airport code,Q55488,railway station
P238,IATA airport code,Q62447,aerodrome
P2380,French Sculpture Census artist ID,Q14073567,sibling duo
P2380,French Sculpture Census artist ID,Q5,human
P2382,Chemins de mémoire ID,Q2221906,geographic location
P2382,Chemins de mémoire ID,Q811430,fixed construction
P2384,statement describes,Q408891,scientific law
P2384,statement describes,Q319141,conjecture
P2384,statement describes,Q65943,theorem
P2385,French diocesan architects ID,Q5,human
P2387,Elonet person ID,Q5,human
P2388,position held by head of the organization,Q16970,church building
P2388,position held by head of the organization,Q14623646,fictional organization
P2388,position held by head of the organization,Q43229,organization
P2389,organization directed by the office or position,Q21451536,"fictional office, position, or title"
P2389,organization directed by the office or position,Q4164871,position
P239,ICAO airport code,Q1433404,flight information region
P239,ICAO airport code,Q62447,aerodrome
P239,ICAO airport code,Q854272,area control center
P2392,teaching method,Q13226383,facility
P2392,teaching method,Q2385804,educational institution
P2393,NCBI locus tag,Q7187,gene
P2394,MGI Gene Symbol,Q7187,gene
P2396,image of function,Q130901,binary relation
P2397,YouTube channel ID,Q215627,person
P2397,YouTube channel ID,Q1190554,occurrence
P2397,YouTube channel ID,Q13226383,facility
P2397,YouTube channel ID,Q16887380,group
P2397,YouTube channel ID,Q2424752,product
P2397,YouTube channel ID,Q340169,communications media
P2397,YouTube channel ID,Q386724,work
P2397,YouTube channel ID,Q4164871,position
P2397,YouTube channel ID,Q431289,brand
P2397,YouTube channel ID,Q43229,organization
P2397,YouTube channel ID,Q43501,zoo
P2397,YouTube channel ID,Q56061,administrative territorial entity
P2397,YouTube channel ID,Q618779,award
P2397,YouTube channel ID,Q95074,character
P2399,British Council artist ID,Q5,human
P240,FAA airport code,Q62447,aerodrome
P2400,JMDb film ID,Q386724,work
P2401,Six Degrees of Francis Bacon ID,Q5,human
P2402,total expenditure,Q43229,organization
P2402,total expenditure,Q56061,administrative territorial entity
P2403,total assets,Q43229,organization
P2403,total assets,Q5,human
P2404,time-weighted average exposure limit,Q79529,chemical substance
P2405,ceiling exposure limit,Q79529,chemical substance
P2407,short-term exposure limit,Q79529,chemical substance
P2408,set in period,Q386724,work
P2409,NII article ID,Q386724,work
P241,military branch,Q16631188,military position
P241,military branch,Q176799,military unit
P241,military branch,Q18691599,military installation
P241,military branch,Q2668072,collection
P241,military branch,Q732717,law enforcement agency
P241,military branch,Q95074,character
P241,military branch,Q1196123,military uniform
P241,military branch,Q26401003,individual animal
P241,military branch,Q728,weapon
P2410,WikiPathways ID,Q4915012,biological pathway
P2412,FMD designer ID,Q5,human
P2413,FMD magazine ID,Q41298,magazine
P2415,personal best,Q15632617,fictional human
P2415,personal best,Q5,human
P2416,sports discipline competed in,Q15632617,fictional human
P2416,sports discipline competed in,Q5,human
P2418,Structurae person ID,Q5,human
P242,locator map image,Q7884789,toponym
P242,locator map image,Q1127126,military alliance
P242,locator map image,Q1190554,occurrence
P242,locator map image,Q151885,concept
P242,locator map image,Q17376908,languoid
P242,locator map image,Q27096213,geographic entity
P242,locator map image,Q3895768,fictional location
P242,locator map image,Q30241068,observable entity
P242,locator map image,Q484652,international organization
P242,locator map image,Q52110228,geopolitical group
P242,locator map image,Q6999,astronomical object
P242,locator map image,Q811979,architectural structure
P2424,Berlin cultural heritage ID,Q3914,school
P2424,Berlin cultural heritage ID,Q22698,park
P2424,Berlin cultural heritage ID,Q386724,work
P2424,Berlin cultural heritage ID,Q811979,architectural structure
P2424,Berlin cultural heritage ID,Q839954,archaeological site
P2427,GRID ID,Q56061,administrative territorial entity
P2427,GRID ID,Q13226383,facility
P2427,GRID ID,Q43229,organization
P2427,GRID ID,Q732577,publication
P2427,GRID ID,Q811430,fixed construction
P243,OCLC number,Q1980247,chapter
P243,OCLC number,Q3302947,audio recording
P243,OCLC number,Q732577,publication
P243,OCLC number,Q11424,film
P243,OCLC number,Q2668072,collection
P243,OCLC number,Q4006,map
P243,OCLC number,Q47461344,written work
P243,OCLC number,Q482994,album
P243,OCLC number,Q7889,video game
P2431,Thyssen-Bornemisza artist ID,Q5,human
P2432,J. Paul Getty Museum agent DOR ID (old),Q215627,person
P2432,J. Paul Getty Museum agent DOR ID (old),Q43229,organization
P2435,PORT person ID,Q5,human
P2437,number of seasons,Q15416,television program
P2437,number of seasons,Q1555508,radio program
P2437,number of seasons,Q15709880,serial
P2437,number of seasons,Q56884562,animated film series
P2437,number of seasons,Q846662,game show
P2438,narrator,Q386724,work
P2442,conversion to standard unit,Q47574,unit of measurement
P245,Union List of Artist Names ID,Q43229,organization
P245,Union List of Artist Names ID,Q215627,person
P245,Union List of Artist Names ID,Q811979,architectural structure
P2451,MAME ROM name,Q7889,video game
P2455,Species Profile and Threats Database ID,Q16521,taxon
P2456,DBLP author ID,Q5,human
P2456,DBLP author ID,Q15632617,fictional human
P2456,DBLP author ID,Q43229,organization
P2457,Australian National Shipwreck ID,Q11446,ship
P246,element symbol,Q1068126,exotic atom
P2461,ComLaw ID,Q1572600,proclamation
P2461,ComLaw ID,Q49371,legislation
P2463,elibrary.ru organisation ID,Q43229,organization
P2464,BugGuide taxon ID,Q42621,hybrid
P2464,BugGuide taxon ID,Q16521,taxon
P2464,BugGuide taxon ID,Q17134993,validly published name
P2465,Allcinema film ID,Q2431196,audiovisual work
P2465,Allcinema film ID,Q3464665,television series season
P2468,Theatricalia theatre ID,Q13226383,facility
P2468,Theatricalia theatre ID,Q811979,architectural structure
P2469,Theatricalia person ID,Q5,human
P247,COSPAR ID,Q5916,spaceflight
P247,COSPAR ID,Q18812508,space station module
P247,COSPAR ID,Q275450,space debris
P247,COSPAR ID,Q40218,spacecraft
P247,COSPAR ID,Q41291,rocket
P2470,Talouselämän vaikuttajat ID,Q5,human
P2471,Models.com person ID,Q15632617,fictional human
P2471,Models.com person ID,Q5,human
P2472,ACMA Radiocommunications Client Number,Q43229,organization
P2472,ACMA Radiocommunications Client Number,Q5,human
P2473,IGPCV ID,Q618123,geographical feature
P2475,NAVA ID,Q11424,film
P2476,HNI person/institution ID,Q43229,organization
P2476,HNI person/institution ID,Q5,human
P2478,Railways Archive event ID,Q1190554,occurrence
P2481,Elite Prospects player ID,Q15632617,fictional human
P2481,Elite Prospects player ID,Q5,human
P2483,NCES district ID,Q18691599,military installation
P2483,NCES district ID,Q327333,government agency
P2483,NCES district ID,Q446760,educational system
P2484,NCES school ID,Q3914,school
P2486,FMD brand ID,Q43229,organization
P249,ticker symbol,Q223371,stock market index
P249,ticker symbol,Q13479982,cryptocurrency
P249,ticker symbol,Q4201895,investment fund
P249,ticker symbol,Q4830453,business
P249,ticker symbol,Q783794,company
P2491,Radzima.org ID,Q618123,geographical feature
P2493,OM institution ID,Q2385804,educational institution
P2494,Latvian cultural heritage register ID,Q386724,work
P2494,Latvian cultural heritage register ID,Q618123,geographical feature
P2496,Latvian toponymic names database ID,Q618123,geographical feature
P2497,Latvian National Address Register ID,Q79007,street
P2497,Latvian National Address Register ID,Q174782,square
P2497,Latvian National Address Register ID,Q486972,human settlement
P2497,Latvian National Address Register ID,Q56061,administrative territorial entity
P25,mother,Q7239,organism
P25,mother,Q14897293,fictional entity
P25,mother,Q207174,personification
P25,mother,Q20830276,group of mythical characters
P25,mother,Q2239243,mythical creature
P2501,results,Q16510064,sporting event
P2501,results,Q476300,competition
P2504,Norwegian municipality number,Q755707,municipality of Norway
P2505,carries thoroughfare,Q6031215,information sign
P2505,carries thoroughfare,Q1287097,cable ferry
P2505,carries thoroughfare,Q18984099,ferry route
P2505,carries thoroughfare,Q105731,lock
P2505,carries thoroughfare,Q10862618,mountain saddle
P2505,carries thoroughfare,Q12280,bridge
P2505,carries thoroughfare,Q12323,dam
P2505,carries thoroughfare,Q12743,ford
P2505,carries thoroughfare,Q133056,mountain pass
P2505,carries thoroughfare,Q14908,boat lift
P2505,carries thoroughfare,Q150784,canyon
P2505,carries thoroughfare,Q171448,level crossing
P2505,carries thoroughfare,Q174782,square
P2505,carries thoroughfare,Q1777515,junction
P2505,carries thoroughfare,Q19941854,bridge group
P2505,carries thoroughfare,Q2231510,col
P2505,carries thoroughfare,Q44377,tunnel
P2505,carries thoroughfare,Q757292,border checkpoint
P2505,carries thoroughfare,Q79007,street
P2505,carries thoroughfare,Q892168,causeway
P2507,corrigendum / erratum,Q820655,statute
P2508,KINENOTE film ID,Q844580,direct-to-video
P2508,KINENOTE film ID,Q11424,film
P2508,KINENOTE film ID,Q5398426,television series
P2509,Movie Walker Press film ID,Q5398426,television series
P2509,Movie Walker Press film ID,Q11424,film
P2509,Movie Walker Press film ID,Q24856,film series
P2510,National Discography of Italian Song artist/group ID,Q215627,person
P2510,National Discography of Italian Song artist/group ID,Q61002,pseudonym
P2510,National Discography of Italian Song artist/group ID,Q7247847,production team
P2511,MSK Gent work PID,Q386724,work
P2511,MSK Gent work PID,Q60520,sketchbook
P2512,has spin-off,Q17537576,creative work
P2514,Jamendo artist ID,Q215380,musical group
P2514,Jamendo artist ID,Q5,human
P2515,costume designer,Q25379,play
P2515,costume designer,Q11424,film
P2515,costume designer,Q15416,television program
P2515,costume designer,Q35140,performance
P2515,costume designer,Q43099500,performing arts production
P2515,costume designer,Q43100730,series of performances
P2515,costume designer,Q58483088,choreographic work
P2517,category for recipients of this award,Q107655869,group of awards
P2517,category for recipients of this award,Q216353,title
P2517,category for recipients of this award,Q618779,award
P2518,Scope.dk film ID,Q11424,film
P2518,Scope.dk film ID,Q15416,television program
P2518,Scope.dk film ID,Q24856,film series
P2519,Scope.dk person ID,Q215380,musical group
P2519,Scope.dk person ID,Q215627,person
P2522,competition won,Q12973014,sports team
P2522,competition won,Q2088357,musical ensemble
P2522,competition won,Q26401003,individual animal
P2522,competition won,Q726,horse
P2522,competition won,Q7397,software
P2522,competition won,Q838948,work of art
P2522,competition won,Q847017,sports club
P2522,competition won,Q95074,character
P2524,SEED number,Q3914,school
P2526,National Historic Sites of Canada ID,Q618123,geographical feature
P2526,National Historic Sites of Canada ID,Q8205328,artificial physical object
P2527,earthquake magnitude on the moment magnitude scale,Q7944,earthquake
P2528,earthquake magnitude on the Richter magnitude scale,Q7692360,volcanic eruption
P2528,earthquake magnitude on the Richter magnitude scale,Q7944,earthquake
P2529,ČSFD film ID,Q2431196,audiovisual work
P2530,Box Office Mojo franchise ID (former scheme),Q431289,brand
P2530,Box Office Mojo franchise ID (former scheme),Q196600,media franchise
P2530,Box Office Mojo franchise ID (former scheme),Q5398426,television series
P2530,Box Office Mojo franchise ID (former scheme),Q581714,animated series
P2531,Box Office Mojo studio ID (archived),Q104649845,film organization
P2532,lowest atmospheric pressure,Q209190,low pressure area
P2533,WomenWriters ID,Q5,human
P2534,defining formula,Q408891,scientific law
P2534,defining formula,Q1140046,mathematical notation
P2534,defining formula,Q24034552,mathematical concept
P2534,defining formula,Q246672,mathematical object
P2534,defining formula,Q33104303,concept in physics
P2537,Free Software Directory entry,Q9143,programming language
P2537,Free Software Directory entry,Q17451,typeface
P2537,Free Software Directory entry,Q7397,software
P2538,Nationalmuseum Sweden ID,Q5,human
P2539,Nationalmuseum Sweden artwork ID,Q838948,work of art
P2540,Aarne–Thompson–Uther Tale Type Index,Q7725634,literary work
P2540,Aarne–Thompson–Uther Tale Type Index,Q7832362,traditional story
P2541,operating area,Q733553,channel
P2541,operating area,Q56061,administrative territorial entity
P2541,operating area,Q14623646,fictional organization
P2541,operating area,Q1663557,initiative
P2541,operating area,Q268592,industry
P2541,operating area,Q36774,web page
P2541,operating area,Q42889,vehicle
P2541,operating area,Q431289,brand
P2541,operating area,Q58778,system
P2541,operating area,Q7406919,service
P2542,acceptable daily intake,Q79529,chemical substance
P2546,sidekick of,Q14897293,fictional entity
P2548,strand orientation,Q7187,gene
P2551,used metre,Q421744,act
P2551,used metre,Q47461344,written work
P2554,production designer,Q2431196,audiovisual work
P2554,production designer,Q35140,performance
P2554,production designer,Q1983062,episode
P2558,autores.uy ID,Q5,human
P2558,autores.uy ID,Q1002697,periodical
P2558,autores.uy ID,Q43229,organization
P2558,autores.uy ID,Q571,book
P2562,married name,Q15632617,fictional human
P2562,married name,Q5,human
P2563,superhuman feature or ability,Q14897293,fictional entity
P2563,superhuman feature or ability,Q20830276,group of mythical characters
P2565,global warming potential,Q169336,mixture
P2566,ECHA Substance Infocard ID,Q79529,chemical substance
P2567,amended by,Q1151067,rule
P2567,amended by,Q13433827,encyclopedia article
P2567,amended by,Q212971,Request for Comments
P2567,amended by,Q740464,legal act
P2568,repealed by,Q1151067,rule
P2568,repealed by,Q740464,legal act
P2573,number of out-of-school children,Q82794,region
P2578,is the study of,Q46857,scientific method
P2578,is the study of,Q1047113,field of study
P2578,is the study of,Q17737,theory
P2578,is the study of,Q42240,research
P2582,J. Paul Getty Museum object ID,Q838948,work of art
P2583,distance from Earth,Q26529,space probe
P2583,distance from Earth,Q6999,astronomical object
P2587,has phoneme,Q33384,dialect
P2587,has phoneme,Q34770,language
P2592,Québec cultural heritage directory people ID,Q5,human
P2592,Québec cultural heritage directory people ID,Q13418847,historical event
P2592,Québec cultural heritage directory people ID,Q180684,conflict
P2592,Québec cultural heritage directory people ID,Q43229,organization
P2593,Latvian Olympic Committee athlete ID number,Q5,human
P2596,culture,Q11514315,historical period
P2596,culture,Q11639,dance
P2596,culture,Q12132,calendar system
P2596,culture,Q132241,festival
P2596,culture,Q1445650,holiday
P2596,culture,Q223557,physical object
P2596,culture,Q2627975,ceremony
P2596,culture,Q3502482,cultural region
P2596,culture,Q48264,gender identity
P2596,culture,Q58687420,cultural event
P2596,culture,Q8192,writing system
P2596,culture,Q82799,name
P2596,culture,Q82821,tradition
P2596,culture,Q839954,archaeological site
P2596,culture,Q959782,archaeological excavation
P2597,Gram staining,Q16521,taxon
P26,spouse,Q14897293,fictional entity
P26,spouse,Q215627,person
P2600,Geni.com profile ID,Q5,human
P2600,Geni.com profile ID,Q15632617,fictional human
P2600,Geni.com profile ID,Q21070568,human whose existence is disputed
P2600,Geni.com profile ID,Q3658341,literary character
P2600,Geni.com profile ID,Q4271324,mythical character
P2600,Geni.com profile ID,Q75855169,hypothetical person
P2601,Eurohockey.com player ID,Q5,human
P2602,HockeyDB player ID,Q5,human
P2603,Kinopoisk film ID,Q1656682,event
P2603,Kinopoisk film ID,Q2431196,audiovisual work
P2604,Kinopoisk person ID,Q2088357,musical ensemble
P2604,Kinopoisk person ID,Q26401003,individual animal
P2605,ČSFD person ID,Q729,Animalia
P2607,BookBrainz author ID,Q5,human
P2607,BookBrainz author ID,Q95074,character
P2611,TED speaker ID,Q5,human
P2620,ISO 15924 numeric code,Q2001982,notation
P2622,Companies House company ID,Q43229,organization
P2623,MEK ID,Q47461344,written work
P2624,MetroLyrics ID,Q2088357,musical ensemble
P2624,MetroLyrics ID,Q5,human
P2624,MetroLyrics ID,Q95074,character
P2624,MetroLyrics ID,Q155171,cover version
P2624,MetroLyrics ID,Q431289,brand
P2624,MetroLyrics ID,Q7302866,audio track
P2625,PASE ID,Q4271324,mythical character
P2625,PASE ID,Q5,human
P2626,Danish National Filmography person ID,Q5,human
P2627,ISO 9362 SWIFT/BIC code,Q1436963,payment card
P2627,ISO 9362 SWIFT/BIC code,Q43229,organization
P2628,German tax authority ID,Q573607,revenue service
P2629,BBFC rating,Q2431196,audiovisual work
P263,official residence,Q4164871,position
P2630,cost of damage,Q1190554,occurrence
P2631,TCM Movie Database film ID,Q11424,film
P2631,TCM Movie Database film ID,Q15416,television program
P2631,TCM Movie Database film ID,Q24856,film series
P2632,place of detention,Q14897293,fictional entity
P2632,place of detention,Q2334719,legal case
P2632,place of detention,Q5,human
P2632,place of detention,Q13406463,Wikimedia list article
P2634,model,Q1114461,comics character
P2634,model,Q15711870,animated character
P2634,model,Q168658,doll
P2634,model,Q386208,mascot character
P2634,model,Q838948,work of art
P2635,number of parts of this work,Q49848,document
P2635,number of parts of this work,Q1791627,cultural artifact
P2635,number of parts of this work,Q386724,work
P2635,number of parts of this work,Q421744,act
P2636,Minkultury film ID,Q11424,film
P2637,RARS rating,Q2431196,audiovisual work
P2639,Filmportal ID,Q43229,organization
P2639,Filmportal ID,Q5,human
P2639,Filmportal ID,Q11424,film
P2639,Filmportal ID,Q21191270,television series episode
P2639,Filmportal ID,Q24856,film series
P2639,Filmportal ID,Q5398426,television series
P264,record label,Q2088357,musical ensemble
P264,record label,Q215627,person
P264,record label,Q106833,audiobook
P264,record label,Q108346082,release group
P264,record label,Q193977,music video
P264,record label,Q234870,optical disc
P264,record label,Q7725310,series of creative works
P264,record label,Q7889,video game
P2649,CQ Ranking men's team URL,Q1785271,cycling team
P2650,interested in,Q5,human
P2650,interested in,Q43229,organization
P2650,interested in,Q49773,social movement
P2650,interested in,Q7406919,service
P2650,interested in,Q773944,fandom
P2650,interested in,Q95074,character
P2651,CRICOS Provider Code,Q2385804,educational institution
P2652,partnership with,Q56061,administrative territorial entity
P2652,partnership with,Q22222786,government program
P2652,partnership with,Q43229,organization
P2655,Estyn ID,Q3914,school
P2655,Estyn ID,Q7260658,pupil referral unit
P2657,EU Transparency Register ID,Q43229,organization
P2657,EU Transparency Register ID,Q5,human
P2659,topographic isolation,Q207326,summit
P2659,topographic isolation,Q54050,hill
P2659,topographic isolation,Q8502,mountain
P2660,topographic prominence,Q3240715,crater
P2660,topographic prominence,Q207326,summit
P2660,topographic prominence,Q54050,hill
P2660,topographic prominence,Q2624046,mountain chain
P2660,topographic prominence,Q8502,mountain
P2661,target interest rate,Q66344,central bank
P2662,consumption rate per capita,Q2424752,product
P2663,common equity tier 1 capital ratio (CETI),Q730038,credit institution
P2665,alcohol by volume,Q154,alcoholic beverage
P2665,alcohol by volume,Q548492,classification of wine
P2666,Datahub page,Q1172284,data set
P2667,corresponding template,Q18616576,Wikidata property
P2668,stability of property value,Q18616576,Wikidata property
P2671,Google Knowledge Graph ID,Q35120,entity
P2672,SOATO ID,Q27096213,geographic entity
P2673,next crossing upstream,Q18984099,ferry route
P2673,next crossing upstream,Q12280,bridge
P2673,next crossing upstream,Q12323,dam
P2673,next crossing upstream,Q12743,ford
P2673,next crossing upstream,Q44377,tunnel
P2674,next crossing downstream,Q18984099,ferry route
P2674,next crossing downstream,Q12280,bridge
P2674,next crossing downstream,Q12323,dam
P2674,next crossing downstream,Q12743,ford
P2674,next crossing downstream,Q44377,tunnel
P2676,rating certificate ID,Q386724,work
P2678,Russiancinema.ru film ID,Q11424,film
P2678,Russiancinema.ru film ID,Q24856,film series
P2679,author of foreword,Q47461344,written work
P2679,author of foreword,Q49848,document
P2680,author of afterword,Q47461344,written work
P2680,author of afterword,Q49848,document
P2681,is recto of,Q49848,document
P2681,is recto of,Q47461344,written work
P2681,is recto of,Q838948,work of art
P2682,is verso of,Q49848,document
P2682,is verso of,Q47461344,written work
P2682,is verso of,Q838948,work of art
P2683,Bekker Number,Q386724,work
P2684,Kijkwijzer rating,Q1635956,interactive film
P2684,Kijkwijzer rating,Q11424,film
P2684,Kijkwijzer rating,Q15416,television program
P2685,Basketball Reference NBA player ID,Q5,human
P2687,JPNO,Q386724,work
P2689,BARTOC ID,Q6423319,knowledge organization system
P2694,ISUresults.com figure skater ID,Q5,human
P27,country of citizenship,Q14897293,fictional entity
P27,country of citizenship,Q5,human
P2703,BFI National Archive work ID,Q386724,work
P2704,EIDR content ID,Q844580,direct-to-video
P2704,EIDR content ID,Q11424,film
P2704,EIDR content ID,Q15416,television program
P2704,EIDR content ID,Q24856,film series
P2704,EIDR content ID,Q3464665,television series season
P271,NACSIS-CAT author ID,Q5,human
P271,NACSIS-CAT author ID,Q1663557,initiative
P271,NACSIS-CAT author ID,Q2221906,geographic location
P271,NACSIS-CAT author ID,Q4164871,position
P271,NACSIS-CAT author ID,Q43229,organization
P2715,elected in,Q5,human
P2715,elected in,Q15238777,legislative term
P2715,elected in,Q15284634,executive term
P2715,elected in,Q4164871,position
P272,production company,Q386724,work
P2721,Encyclopaedia Metallum release ID,Q108346082,release group
P2722,Deezer artist ID,Q215627,person
P2722,Deezer artist ID,Q61002,pseudonym
P2722,Deezer artist ID,Q95074,character
P2722,Deezer artist ID,Q196600,media franchise
P2722,Deezer artist ID,Q2088357,musical ensemble
P2722,Deezer artist ID,Q431289,brand
P2723,Deezer album ID,Q108346082,release group
P2723,Deezer album ID,Q2635894,radio drama
P2724,Deezer track ID,Q7302866,audio track
P2725,GOG application ID,Q209163,expansion add-on
P2725,GOG application ID,Q11424,film
P2725,GOG application ID,Q7889,video game
P2725,GOG application ID,Q865493,video game mod
P2726,UIPM athlete ID,Q5,human
P2727,International Wrestling Database ID,Q5,human
P2728,CageMatch worker ID,Q5,human
P2733,Persée journal ID,Q1002697,periodical
P2734,Unz Review author ID,Q5,human
P2735,Unz Review journal ID,Q1002697,periodical
P2739,typeface/font used,Q488383,object
P2739,typeface/font used,Q74574,fictional book
P2740,ResearchGate institute ID,Q43229,organization
P2741,Tate artist ID,Q5,human
P2742,Australian Geological Provinces ID,Q184554,orogeny
P2742,Australian Geological Provinces ID,Q2140450,geologic province
P2742,Australian Geological Provinces ID,Q4232578,crust
P2742,Australian Geological Provinces ID,Q792425,large igneous province
P2743,this zoological name is coordinate with,Q16521,taxon
P2744,PASE name,Q5,human
P2745,Dictionary of New Zealand Biography ID,Q5,human
P2746,production statistics,Q43229,organization
P2746,production statistics,Q4835091,territory
P2747,Filmiroda rating,Q11424,film
P2747,Filmiroda rating,Q1261214,television special
P2747,Filmiroda rating,Q3464665,television series season
P2747,Filmiroda rating,Q5398426,television series
P2748,PRONOM file format ID,Q235557,file format
P2749,PRONOM software ID,Q166142,application software
P275,copyright license,Q49848,document
P275,copyright license,Q14897293,fictional entity
P275,copyright license,Q386724,work
P275,copyright license,Q42848,data
P2750,Photographers' Identities Catalog ID,Q172754,world's fair
P2750,Photographers' Identities Catalog ID,Q5,human
P2750,Photographers' Identities Catalog ID,Q746628,studio
P2751,Roller Coaster Database ID,Q1144661,amusement ride
P2751,Roller Coaster Database ID,Q194195,amusement park
P2752,New Zealand Organisms Register ID,Q16521,taxon
P2752,New Zealand Organisms Register ID,Q17134993,validly published name
P2753,Dictionary of Canadian Biography ID,Q5,human
P2755,exploitation mark number,Q11424,film
P2756,EIRIN film rating,Q11424,film
P2758,CNC film rating (France),Q11424,film
P2759,AUSNUT food ID,Q79529,chemical substance
P2760,NUTTAB food ID,Q2095,food
P2761,Research Papers in Economics Series handle,Q41298,magazine
P2762,CTBUH Skyscraper Center building complex ID,Q811979,architectural structure
P2764,Wrestlingdata person ID,Q5,human
P2765,blue-style.com ID,Q811979,architectural structure
P2766,ISO 4063 process number,Q131172,welding
P2768,BNE periodical OID,Q1002697,periodical
P277,programmed in,Q7397,software
P277,programmed in,Q8513,database
P2770,source of income,Q43229,organization
P2770,source of income,Q5,human
P2771,D-U-N-S number,Q327333,government agency
P2771,D-U-N-S number,Q163740,nonprofit organization
P2771,D-U-N-S number,Q4830453,business
P2771,D-U-N-S number,Q783794,company
P2773,FIS cross-country skier ID,Q5,human
P2775,FIS ski jumper ID,Q5,human
P2778,IAT triathlete ID,Q5,human
P2779,IAT weightlifter ID,Q5,human
P278,GOST 7.75–97 code,Q17376908,languoid
P2780,IAT diver ID,Q5,human
P2782,Models.com client ID,Q41298,magazine
P2782,Models.com client ID,Q43229,organization
P2783,Danish listed buildings case ID,Q811430,fixed construction
P2784,modified Mercalli intensity scale,Q7944,earthquake
P2786,aerodrome reference point,Q62447,aerodrome
P2787,longest span,Q12280,bridge
P2788,Czech neighbourhood ID code,Q2183520,obec
P2788,Czech neighbourhood ID code,Q61089180,municipal part of the Czech Republic
P2790,net tonnage,Q1229765,watercraft
P2791,power consumed,Q6888088,mode
P2791,power consumed,Q10273457,equipment
P2791,power consumed,Q13226383,facility
P2791,power consumed,Q210729,electrical element
P2792,ASF KID Cave Tag Number,Q35509,cave
P2793,clearance,Q11446,ship
P2793,clearance,Q12280,bridge
P2793,clearance,Q5031071,canal tunnel
P2794,Index Hepaticarum ID,Q16521,taxon
P2795,directions,Q1190554,occurrence
P2795,directions,Q16686448,artificial object
P2795,directions,Q4830453,business
P2795,directions,Q618123,geographical feature
P2799,BVMC person ID,Q5,human
P2800,Beach Volleyball Database player ID,Q5,human
P2802,fleet or registration number,Q1190554,occurrence
P2802,fleet or registration number,Q42889,vehicle
P2803,Wikidata time precision,Q1790144,unit of time
P2805,Goratings ID,Q5,human
P2809,Australasian Pollen and Spore Atlas Code (archived),Q16521,taxon
P281,postal code,Q838948,work of art
P281,postal code,Q27096213,geographic entity
P281,postal code,Q43229,organization
P281,postal code,Q5446571,fictional geography
P281,postal code,Q811979,architectural structure
P2813,house publication,Q2198855,cultural movement
P2813,house publication,Q43229,organization
P2814,P-number,Q43229,organization
P2816,HowLongToBeat ID,Q116779426,group of video games often treated as a singular game
P2816,HowLongToBeat ID,Q166142,application software
P2816,HowLongToBeat ID,Q7889,video game
P2816,HowLongToBeat ID,Q865493,video game mod
P2817,appears in the heritage monument list,Q618123,geographical feature
P2817,appears in the heritage monument list,Q8205328,artificial physical object
P2819,Yandex Music release ID,Q108346082,release group
P2820,set cardinality,Q36161,set
P2826,Megogo ID,Q5398426,television series
P2826,Megogo ID,Q11424,film
P2826,Megogo ID,Q24856,film series
P2827,flower color,Q756,plant
P2827,flower color,Q16521,taxon
P2827,flower color,Q506,flower
P2828,corporate officer,Q43229,organization
P2830,Online World of Wrestling ID,Q5,human
P2830,Online World of Wrestling ID,Q1066670,tag team
P2830,Online World of Wrestling ID,Q25178247,professional wrestling stable
P2831,totem,Q5,human
P2833,ARKive ID (archived),Q16521,taxon
P2838,professional name,Q5,human
P2839,gait,Q16521,taxon
P2839,gait,Q729,Animalia
P2841,age of onset,Q7189713,physiological condition
P2843,Benezit ID,Q5,human
P2846,disabled accessibility,Q1030034,GLAM
P2846,disabled accessibility,Q13226383,facility
P2846,disabled accessibility,Q1656682,event
P2846,disabled accessibility,Q2221906,geographic location
P2846,disabled accessibility,Q42889,vehicle
P2846,disabled accessibility,Q811979,architectural structure
P2847,Google+ ID,Q340169,communications media
P2847,Google+ ID,Q43229,organization
P2847,Google+ ID,Q5,human
P2848,Wi-Fi access,Q1067164,transport service itinerary
P2848,Wi-Fi access,Q1248784,airport
P2848,Wi-Fi access,Q2221906,geographic location
P2848,Wi-Fi access,Q41176,building
P2848,Wi-Fi access,Q43229,organization
P2850,Apple Music artist ID,Q340169,communications media
P2850,Apple Music artist ID,Q215627,person
P2850,Apple Music artist ID,Q196600,media franchise
P2850,Apple Music artist ID,Q95074,character
P2851,payment types accepted,Q43229,organization
P2851,payment types accepted,Q1656682,event
P2851,payment types accepted,Q2221906,geographic location
P2852,emergency phone number,Q56061,administrative territorial entity
P2853,electrical plug type,Q56061,administrative territorial entity
P2855,VAT rate,Q6256,country
P2856,EU Surface Water Body Code,Q15324,body of water
P2857,WWE superstar ID,Q5,human
P2857,WWE superstar ID,Q1066670,tag team
P2857,WWE superstar ID,Q25178247,professional wrestling stable
P2858,Killer List of Videogames ID,Q2249149,electronic game
P2859,X-SAMPA code,Q202064,phone
P286,head coach,Q4438121,sports organization
P286,head coach,Q1539532,sports season of a sports club
P2860,cites work,Q207184,press release
P2860,cites work,Q17537576,creative work
P2860,cites work,Q47461344,written work
P2863,Nederlandse Molendatabase ID,Q38720,windmill
P2863,Nederlandse Molendatabase ID,Q185187,watermill
P2863,Nederlandse Molendatabase ID,Q252189,horse mill
P2863,Nederlandse Molendatabase ID,Q493694,tide mill
P2864,OpenCritic ID,Q116741534,group of video games
P2864,OpenCritic ID,Q7889,video game
P2865,band number,Q2882257,First Nation band
P2866,Hollandsche Molen ID,Q185187,watermill
P2866,Hollandsche Molen ID,Q38720,windmill
P2867,Molenecho's ID,Q38720,windmill
P2867,Molenecho's ID,Q44494,mill
P2869,record or record progression,Q13406554,sports competition
P287,designed by,Q16686448,artificial object
P2872,visitor center,Q15642541,human-geographic territorial entity
P2873,time in space,Q5,human
P2879,Library of the National Congress of Argentina ID,Q571,book
P2880,NIOSHTIC-2 ID,Q1172284,data set
P2880,NIOSHTIC-2 ID,Q1196258,testimony
P2880,NIOSHTIC-2 ID,Q1266946,thesis
P2880,NIOSHTIC-2 ID,Q1980247,chapter
P2880,NIOSHTIC-2 ID,Q34508,video recording
P2880,NIOSHTIC-2 ID,Q603773,lecture
P2880,NIOSHTIC-2 ID,Q620615,mobile app
P2880,NIOSHTIC-2 ID,Q732577,publication
P2880,NIOSHTIC-2 ID,Q845734,infographics
P2881,promoted,Q27020041,sports season
P2882,relegated,Q27020041,sports season
P2883,HKMDB film ID,Q17537576,creative work
P2884,mains voltage,Q56061,administrative territorial entity
P2886,Shakeosphere person ID,Q5,human
P2887,reserve number (Canada),Q155239,Indian reservation of Canada
P2889,FamilySearch person ID,Q21070598,figure that may or may not be fictional
P2889,FamilySearch person ID,Q5,human
P289,vessel class,Q42889,vehicle
P289,vessel class,Q133585,airship
P2895,maximum sustained winds,Q11663,weather
P2895,maximum sustained winds,Q8094,wind
P2896,publication interval,Q526719,ranking
P2896,publication interval,Q373899,record chart
P2896,publication interval,Q618779,award
P2896,publication interval,Q7725310,series of creative works
P2898,Swedish county letter(s),Q200547,county of Sweden
P2900,fax number,Q56061,administrative territorial entity
P2900,fax number,Q13226383,facility
P2900,fax number,Q43229,organization
P2900,fax number,Q5,human
P2903,Molendatabase verdwenen molens ID,Q44494,mill
P2904,Beer Advocate brewery ID,Q131734,brewery
P2905,RateBeer brewery ID,Q131734,brewery
P2905,RateBeer brewery ID,Q5119518,cider mill
P2907,UTC timezone offset,Q12143,time zone
P2908,SecondHandSongs work ID,Q7725634,literary work
P2909,SecondHandSongs artist ID,Q5,human
P291,place of publication,Q3523102,source of information
P291,place of publication,Q386724,work
P2913,date depicted,Q386724,work
P2917,COAM structure ID,Q811979,architectural structure
P2923,focal height,Q7321258,beacon
P2925,domain of saint or deity,Q35120,entity
P2926,InterPro ID,Q735188,protein structure
P2926,InterPro ID,Q8054,protein
P2926,InterPro ID,Q898273,protein domain
P2926,InterPro ID,Q898362,post-translational protein modification
P2927,water as percent of area,Q15642541,human-geographic territorial entity
P2927,water as percent of area,Q27096235,artificial geographic entity
P2929,lighthouse range,Q7321258,beacon
P2931,Encyclopedia of Triangle Centers ID,Q778806,triangle center
P2935,connector,Q6046311,interface standard
P2935,connector,Q192234,camera lens
P2935,connector,Q581105,consumer electronics
P2935,connector,Q68,computer
P2936,language used,Q1639378,social system
P2936,language used,Q2944660,lexical item
P2936,language used,Q33829,human population
P2936,language used,Q3895768,fictional location
P2936,language used,Q618123,geographical feature
P2936,language used,Q6576792,online community
P2936,language used,Q8192,writing system
P2936,language used,Q1190554,occurrence
P2936,language used,Q386724,work
P2936,language used,Q733553,channel
P2937,parliamentary term,Q5,human
P2937,parliamentary term,Q49371,legislation
P2937,parliamentary term,Q640506,cabinet
P2937,parliamentary term,Q686822,bill
P2937,parliamentary term,Q848197,parliamentary group
P2938,Pleiades category ID,Q2221906,geographic location
P2939,CageMatch tag team ID,Q1066670,tag team
P2943,warheroes.ru ID,Q5,human
P2944,Plarr ID,Q5,human
P2945,British Book Trade Index ID,Q43229,organization
P2945,British Book Trade Index ID,Q5,human
P2948,Estonian cultural monument ID,Q618123,geographical feature
P2948,Estonian cultural monument ID,Q386724,work
P2948,Estonian cultural monument ID,Q39546,physical tool
P2949,WikiTree person ID,Q5,human
P2949,WikiTree person ID,Q15632617,fictional human
P2949,WikiTree person ID,Q21070598,figure that may or may not be fictional
P2952,Boat of Heritage Interest ID,Q1229765,watercraft
P2953,Estonian Research Portal person ID,Q5,human
P2955,point of penalty,Q16510064,sporting event
P2957,throughput,Q131681,reservoir
P2957,throughput,Q152810,landfill
P2957,throughput,Q355304,watercourse
P2957,throughput,Q3679502,piping
P2957,throughput,Q376799,transport infrastructure
P2957,throughput,Q446013,pumping station
P2957,throughput,Q570116,tourist attraction
P2961,BVPH publication ID,Q732577,publication
P2963,Goodreads author ID,Q5,human
P2963,Goodreads author ID,Q61002,pseudonym
P2963,Goodreads author ID,Q895526,governing body
P2964,right to vote,Q189760,voting
P2966,National Library of Wales Authority ID,Q215627,person
P2966,National Library of Wales Authority ID,Q8436,family
P2966,National Library of Wales Authority ID,Q11446,ship
P2966,National Library of Wales Authority ID,Q386724,work
P2966,National Library of Wales Authority ID,Q43229,organization
P2967,Queensland Heritage Register ID,Q2221906,geographic location
P2967,Queensland Heritage Register ID,Q386724,work
P2968,QUDT unit ID,Q47574,unit of measurement
P2969,Goodreads version/edition ID,Q732577,publication
P2970,Kinopolis film ID,Q11424,film
P2971,GCatholic church ID,Q14911880,Catholic seminary
P2971,GCatholic church ID,Q2221906,geographic location
P2971,GCatholic church ID,Q811430,fixed construction
P2974,habitat,Q7239,organism
P2974,habitat,Q16521,taxon
P2974,habitat,Q2239243,mythical creature
P2974,habitat,Q2593744,fictional creature
P2975,has host,Q7239,organism
P2975,has host,Q16521,taxon
P2976,patronym or matronym for this name,Q202444,given name
P2978,wheel arrangement,Q1414135,rolling stock
P2979,maritime identification digits,Q123349660,geolocatable entity
P2980,ARLHS lighthouse ID,Q7321258,beacon
P2981,UIC alphabetical country code,Q6256,country
P2982,UIC numerical country code,Q6256,country
P2983,UNDP country code,Q6256,country
P2984,Snapchat username,Q5,human
P2984,Snapchat username,Q1656682,event
P2984,Snapchat username,Q17537576,creative work
P2984,Snapchat username,Q35127,website
P2984,Snapchat username,Q43229,organization
P2984,Snapchat username,Q49773,social movement
P2986,aircraft registration prefix,Q82794,region
P2988,GOST 7.67 cyrillic,Q6256,country
P2989,has grammatical case,Q17376908,languoid
P2990,International Luge Federation athlete ID,Q5,human
P2991,IBSF athlete ID,Q5,human
P2992,software quality assurance,Q6046311,interface standard
P2992,software quality assurance,Q7397,software
P2993,partition coefficient water/octanol,Q79529,chemical substance
P2998,age of candidacy,Q82794,region
P2998,age of candidacy,Q40231,public election
P2998,age of candidacy,Q4164871,position
P30,continent,Q3694119,stratigraphic unit
P30,continent,Q27096213,geographic entity
P30,continent,Q3895768,fictional location
P3000,marriageable age,Q56061,administrative territorial entity
P3001,retirement age,Q56061,administrative territorial entity
P3002,Untappd brewery ID,Q131734,brewery
P3002,Untappd brewery ID,Q5119518,cider mill
P3003,zanikleobce.cz abandoned objects ID,Q486972,human settlement
P3003,zanikleobce.cz abandoned objects ID,Q811979,architectural structure
P3004,Galiciana work ID,Q386724,work
P3006,Marine Regions Geographic ID,Q618123,geographical feature
P3008,Australian Heritage Database Place ID,Q2221906,geographic location
P3008,Australian Heritage Database Place ID,Q386724,work
P301,category's main topic,Q4167836,Wikimedia category
P3012,Statistics Canada Geographic code,Q1053463,census geographic unit of Canada
P3013,surface tension,Q79529,chemical substance
P3014,laws applied,Q2334719,legal case
P3014,laws applied,Q327000,court decision
P3014,laws applied,Q740464,legal act
P3014,laws applied,Q7748,law
P3014,laws applied,Q820655,statute
P3016,French national research structure ID,Q13226383,facility
P3016,French national research structure ID,Q43229,organization
P3017,Rolling Stone artist ID,Q5,human
P3018,located in protected area,Q27096213,geographic entity
P3019,railway signalling system,Q728937,railway line
P3020,residence time of water,Q15324,body of water
P3022,flag bearer,Q26887428,nation at competition
P3024,ITU letter code,Q6256,country
P3029,UK National Archives ID,Q223557,physical object
P3029,UK National Archives ID,Q2742167,religious community
P303,EE breed number,Q204179,domesticated pigeon
P3032,adjacent structure or building,Q13226383,facility
P3032,adjacent structure or building,Q811979,architectural structure
P3033,package management system,Q7397,software
P3035,ISBN publisher prefix,Q2608849,imprint
P3035,ISBN publisher prefix,Q2085381,publishing house
P3035,ISBN publisher prefix,Q327333,government agency
P3035,ISBN publisher prefix,Q3918,university
P3035,ISBN publisher prefix,Q5,human
P3037,spatial reference system,Q4006,map
P3038,IWM memorial ID,Q575759,war memorial
P3039,wheelbase,Q850270,concept car
P3040,SoundCloud ID,Q1076968,digital media
P3040,SoundCloud ID,Q7302866,audio track
P3040,SoundCloud ID,Q108346082,release group
P3040,SoundCloud ID,Q1656682,event
P3040,SoundCloud ID,Q5,human
P3041,luminous intensity,Q1146001,light source
P3042,CageMatch wrestling stable ID,Q25178247,professional wrestling stable
P3044,College Football HoF ID,Q5,human
P3045,HanCinema person ID,Q5,human
P3048,Racing-Reference driver ID,Q5,human
P3049,Scottish Football Association player ID,Q5,human
P305,IETF language tag,Q17376908,languoid
P305,IETF language tag,Q1055909,orthographic transcription
P305,IETF language tag,Q43091,orthography
P305,IETF language tag,Q725744,keyboard layout
P3050,FAČR player former ID (archived),Q5,human
P3051,Kindred Britain ID,Q5,human
P3052,Bloomberg person ID,Q5,human
P3053,K League player ID,Q5,human
P3054,Ontario MPP ID,Q5,human
P3055,NAQ elected person ID,Q5,human
P3056,TCM Movie Database person ID,Q5,human
P3057,Charity Commission no.,Q163740,nonprofit organization
P3058,Architectuurgids architect ID,Q4387609,architectural firm
P3058,Architectuurgids architect ID,Q5,human
P306,operating system,Q9143,programming language
P306,operating system,Q1183543,appliance
P306,operating system,Q17451,typeface
P306,operating system,Q7397,software
P3060,ButMoth ID,Q16521,taxon
P3063,gestation period,Q16521,taxon
P3065,RERO ID (legacy),Q5,human
P3065,RERO ID (legacy),Q8436,family
P3065,RERO ID (legacy),Q386724,work
P3065,RERO ID (legacy),Q43229,organization
P3065,RERO ID (legacy),Q49773,social movement
P3065,RERO ID (legacy),Q618123,geographical feature
P3065,RERO ID (legacy),Q95074,character
P3067,GS1 country code,Q6256,country
P3067,GS1 country code,Q24953176,special administrative region
P3075,official religion,Q56061,administrative territorial entity
P3076,Open Beauty Facts category ID,Q131207,cosmetics
P3077,Cineplex Germany film ID,Q11424,film
P3077,Cineplex Germany film ID,Q24856,film series
P3080,game artist,Q209163,expansion add-on
P3080,game artist,Q166142,application software
P3080,game artist,Q7889,video game
P3081,damaged,Q1190554,occurrence
P3082,destroyed,Q1190554,occurrence
P3083,SIMBAD ID,Q6999,astronomical object
P3083,SIMBAD ID,Q751989,astronomical phenomenon
P3085,qualifies for event,Q623109,sports league
P3085,qualifies for event,Q476300,competition
P3086,speed limit,Q618123,geographical feature
P3087,fiscal/tax revenue,Q56061,administrative territorial entity
P3089,Flags of the World ID,Q14660,flag
P3091,mount,Q14897293,fictional entity
P3091,mount,Q5,human
P3092,film crew member,Q2431196,audiovisual work
P3096,KML file,Q27096213,geographic entity
P3096,KML file,Q22667,railway
P3096,KML file,Q1067164,transport service itinerary
P3096,KML file,Q1322323,itinerary
P3096,KML file,Q13406463,Wikimedia list article
P3096,KML file,Q21484471,Wikimedia article covering multiple topics
P3096,KML file,Q4167410,Wikimedia disambiguation page
P3097,ISBN identifier group,Q34770,language
P3097,ISBN identifier group,Q6256,country
P3098,ClinicalTrials.gov ID,Q30612,clinical trial
P3102,Plantarium ID,Q16521,taxon
P3103,has tense,Q17376908,languoid
P3104,SNCF Gares & Connexions ID,Q55488,railway station
P3107,LdiF ID,Q11424,film
P3107,LdiF ID,Q15416,television program
P3107,LdiF ID,Q24856,film series
P3107,LdiF ID,Q3464665,television series season
P3107,LdiF ID,Q5398426,television series
P3108,Yelp ID,Q2221906,geographic location
P3108,Yelp ID,Q22698,park
P3108,Yelp ID,Q43229,organization
P3108,Yelp ID,Q811430,fixed construction
P3109,Peakbagger mountain ID,Q1245089,promontory
P3109,Peakbagger mountain ID,Q207326,summit
P3109,Peakbagger mountain ID,Q54050,hill
P3109,Peakbagger mountain ID,Q631305,rock formation
P3109,Peakbagger mountain ID,Q2624046,mountain chain
P3109,Peakbagger mountain ID,Q75520,plateau
P3109,Peakbagger mountain ID,Q8502,mountain
P3110,ISzDb film ID,Q11424,film
P3110,ISzDb film ID,Q1261214,television special
P3110,ISzDb film ID,Q21191270,television series episode
P3112,DistroWatch ID,Q4162386,operating system distribution
P3114,ISzDb person ID,Q5,human
P3115,ISzDb company ID,Q4830453,business
P3115,ISzDb company ID,Q783794,company
P3117,DSSTox substance ID,Q79529,chemical substance
P3119,Code for China Reservoir Name,Q131681,reservoir
P3122,OpenDomesday person ID,Q5,human
P3124,Polish scientist ID,Q5,human
P3126,ALCUIN philosopher ID,Q215627,person
P3127,Latindex ID (archived),Q1002697,periodical
P3128,CiNetMag film ID,Q11424,film
P3129,Cine.gr film ID (archived),Q11424,film
P3129,Cine.gr film ID (archived),Q15416,television program
P3129,Cine.gr film ID (archived),Q24856,film series
P3131,Redalyc journal ID,Q1002697,periodical
P3132,last line,Q386724,work
P3133,NSZL name authority ID,Q43229,organization
P3133,NSZL name authority ID,Q5,human
P3135,elCinema film ID,Q5398426,television series
P3135,elCinema film ID,Q11424,film
P3135,elCinema film ID,Q15416,television program
P3136,elCinema person ID,Q5,human
P3137,parent peak,Q207326,summit
P3137,parent peak,Q54050,hill
P3137,parent peak,Q2624046,mountain chain
P3137,parent peak,Q8502,mountain
P3138,OFDb film ID,Q11424,film
P3138,OFDb film ID,Q15416,television program
P3138,OFDb film ID,Q24856,film series
P3138,OFDb film ID,Q526877,web series
P3139,SourehCinema film ID,Q11424,film
P3140,SourehCinema person ID,Q5,human
P3141,EDb film ID,Q11424,film
P3141,EDb film ID,Q5398426,television series
P3142,EDb person ID,Q5,human
P3143,elFilm film ID,Q5398426,television series
P3143,elFilm film ID,Q10590726,video album
P3143,elFilm film ID,Q11424,film
P3143,elFilm film ID,Q15416,television program
P3143,elFilm film ID,Q1983062,episode
P3143,elFilm film ID,Q24856,film series
P3143,elFilm film ID,Q526877,web series
P3144,elFilm person ID,Q5,human
P3145,Sratim ID,Q5,human
P3145,Sratim ID,Q11424,film
P3145,Sratim ID,Q24856,film series
P3145,Sratim ID,Q5398426,television series
P3146,CiNetMag person ID,Q5,human
P3148,repeals,Q1151067,rule
P3148,repeals,Q740464,legal act
P3150,birthday,Q14897293,fictional entity
P3150,birthday,Q146,cat
P3150,birthday,Q5,human
P3151,iNaturalist taxon ID,Q16521,taxon
P3153,Open Funder Registry funder ID,Q13226383,facility
P3153,Open Funder Registry funder ID,Q43229,organization
P3154,Runeberg author ID,Q5,human
P3156,Australian Classification,Q2431196,audiovisual work
P3156,Australian Classification,Q622550,trailer
P3157,event distance,Q5367,motorsport
P3157,event distance,Q1241356,record
P3157,event distance,Q1656682,event
P3160,Minnesota legislator ID,Q5,human
P3161,has grammatical mood,Q17376908,languoid
P3162,Rock and Roll Hall of Fame ID,Q2088357,musical ensemble
P3162,Rock and Roll Hall of Fame ID,Q5,human
P3163,Scottish Charity number,Q43229,organization
P3165,Horsetelex ID,Q726,horse
P3166,Webpedigrees ID,Q726,horse
P3167,Allbreedpedigree ID,Q726,horse
P3168,Sporthorse data ID,Q726,horse
P3169,Infochevaux ID,Q726,horse
P3170,Cultural Heritage Armenia ID,Q2221906,geographic location
P3170,Cultural Heritage Armenia ID,Q386724,work
P3174,art director,Q132241,festival
P3174,art director,Q386724,work
P3174,art director,Q43229,organization
P3175,Statoids ID,Q56061,administrative territorial entity
P3177,Patrimonio Web JCyL ID,Q2221906,geographic location
P3177,Patrimonio Web JCyL ID,Q386724,work
P3178,Zaragoza monument ID,Q2221906,geographic location
P3178,Zaragoza monument ID,Q386724,work
P3179,territory overlaps,Q82794,region
P3179,territory overlaps,Q3241107,geographical boundary
P3179,territory overlaps,Q3895768,fictional location
P3182,FANTOIR code,Q618123,geographical feature
P3184,Czech National Bibliography ID,Q732577,publication
P3185,VK username,Q11315,shopping center
P3185,VK username,Q178512,public transport
P3185,VK username,Q2431196,audiovisual work
P3185,VK username,Q43229,organization
P3185,VK username,Q44539,temple
P3185,VK username,Q476300,competition
P3185,VK username,Q5,human
P3185,VK username,Q5398426,television series
P3185,VK username,Q570116,tourist attraction
P3185,VK username,Q8719053,music venue
P3185,VK username,Q1555508,radio program
P3185,VK username,Q35127,website
P3185,VK username,Q41298,magazine
P3189,innervated by,Q4936952,anatomical structure
P3190,innervates,Q9620,nerve
P3192,Last.fm ID,Q108346082,release group
P3192,Last.fm ID,Q2088357,musical ensemble
P3192,Last.fm ID,Q340169,communications media
P3192,Last.fm ID,Q215627,person
P3192,Last.fm ID,Q95074,character
P3192,Last.fm ID,Q15416,television program
P3192,Last.fm ID,Q431289,brand
P3192,Last.fm ID,Q7302866,audio track
P3194,INA video ID,Q386724,work
P3196,USGS earthquake ID,Q7944,earthquake
P3197,Federal Heritage Buildings ID (Canada),Q618123,geographical feature
P3198,JewishGen Locality ID,Q177716,pogrom
P3198,JewishGen Locality ID,Q27096213,geographic entity
P3202,UAI code,Q13226383,facility
P3202,UAI code,Q43229,organization
P3203,Ciné-Ressources film ID,Q5398426,television series
P3203,Ciné-Ressources film ID,Q11424,film
P3203,Ciné-Ressources film ID,Q24856,film series
P3204,Ciné-Ressources person ID,Q5,human
P3206,data.gouv.fr organisation ID,Q43229,organization
P3206,data.gouv.fr organisation ID,Q1818761,regional natural park
P3206,data.gouv.fr organisation ID,Q192498,administrative territorial entity of France
P3208,New General Catalogue ID,Q6999,astronomical object
P3209,Heritage Railway Station of Canada ID,Q55488,railway station
P3212,ISAN,Q2431196,audiovisual work
P3213,Indian census area code (2001),Q56061,administrative territorial entity
P3215,SIRET number,Q5,human
P3215,SIRET number,Q13226383,facility
P3215,SIRET number,Q43229,organization
P3216,ClassInd rating,Q2431196,audiovisual work
P3216,ClassInd rating,Q160738,role-playing game
P3217,Dictionary of Swedish National Biography ID,Q5,human
P3217,Dictionary of Swedish National Biography ID,Q8436,family
P3220,KvK company ID,Q43229,organization
P3223,Online List of Lights ID,Q7321258,beacon
P3225,Corporate Number (Japan),Q1850442,administrative territorial entity of Japan
P3225,Corporate Number (Japan),Q13226383,facility
P3225,Corporate Number (Japan),Q43229,organization
P3228,Schläfli symbol,Q2745944,regular polytope
P3234,Code List for Cultural Heritage Organizations,Q43229,organization
P3254,property proposal discussion,Q18616576,Wikidata property
P3256,Cave E-Cadastre ID,Q35509,cave
P3257,Queensland place ID,Q618123,geographical feature
P3258,LiveJournal ID,Q43229,organization
P3258,LiveJournal ID,Q5,human
P3259,intangible cultural heritage status,Q114586269,lyrico-musical work
P3259,intangible cultural heritage status,Q11639,dance
P3259,intangible cultural heritage status,Q132241,festival
P3259,intangible cultural heritage status,Q1445650,holiday
P3259,intangible cultural heritage status,Q200538,party
P3259,intangible cultural heritage status,Q2095,food
P3259,intangible cultural heritage status,Q2434238,heritage
P3259,intangible cultural heritage status,Q264965,subculture
P3259,intangible cultural heritage status,Q33384,dialect
P3259,intangible cultural heritage status,Q34379,musical instrument
P3259,intangible cultural heritage status,Q7725634,literary work
P3263,base,Q815741,geometric shape
P3264,radix,Q122653,numeral system
P3265,Myspace ID,Q5,human
P3265,Myspace ID,Q11424,film
P3265,Myspace ID,Q18127,record label
P3266,Library of Congress Format Description Document ID,Q8366,algorithm
P3266,Library of Congress Format Description Document ID,Q745243,decoder
P3266,Library of Congress Format Description Document ID,Q317623,technical standard
P3266,Library of Congress Format Description Document ID,Q3247505,artificial language
P3267,Flickr user ID,Q5,human
P3267,Flickr user ID,Q1190554,occurrence
P3267,Flickr user ID,Q36774,web page
P3267,Flickr user ID,Q43229,organization
P3269,Fotografen.nl ID,Q5,human
P3272,Federico Zeri Foundation image ID,Q838948,work of art
P3273,Actorenregister ID,Q43229,organization
P3276,Wellfound ID,Q5,human
P3280,BAnQ authority ID,Q5,human
P3280,BAnQ authority ID,Q11032,newspaper
P3280,BAnQ authority ID,Q41176,building
P3280,BAnQ authority ID,Q43229,organization
P3280,BAnQ authority ID,Q486972,human settlement
P3281,French National Assembly Lobbyist ID,Q43229,organization
P3283,Bandcamp profile ID,Q43229,organization
P3283,Bandcamp profile ID,Q5,human
P3284,Yahoo! JAPAN Talent Database ID,Q15632617,fictional human
P3284,Yahoo! JAPAN Talent Database ID,Q5,human
P3286,Squash Info player ID,Q5,human
P3288,World Spider Catalog ID,Q16521,taxon
P3293,BALaT object ID,Q386724,work
P3296,DRÚSOP ID,Q1510380,grove
P3296,DRÚSOP ID,Q811534,remarkable tree
P3300,musical conductor,Q106594041,annual music competition
P3300,musical conductor,Q2088357,musical ensemble
P3300,musical conductor,Q108346082,release group
P3300,musical conductor,Q11424,film
P3300,musical conductor,Q1261214,television special
P3300,musical conductor,Q43099500,performing arts production
P3300,musical conductor,Q5398426,television series
P3300,musical conductor,Q7302866,audio track
P3301,broadcast by,Q1656682,event
P3301,broadcast by,Q2431196,audiovisual work
P3302,OMDb film ID,Q2431196,audiovisual work
P3302,OMDb film ID,Q1983062,episode
P3302,OMDb film ID,Q3464665,television series season
P3302,OMDb film ID,Q5398426,television series
P3304,NGS pumping station ID,Q446013,pumping station
P3305,KINENOTE person ID,Q4830453,business
P3305,KINENOTE person ID,Q5,human
P3306,ICAA rating,Q11424,film
P3309,SummitPost ID,Q618123,geographical feature
P3310,muscle action,Q7365,muscle
P3311,image of design plans,Q39546,physical tool
P3311,image of design plans,Q618123,geographical feature
P3315,ChessTempo.com player ID,Q5,human
P3316,ICCF player ID,Q5,human
P3318,Guía Digital del Patrimonio Cultural de Andalucía ID,Q27096213,geographic entity
P3318,Guía Digital del Patrimonio Cultural de Andalucía ID,Q386724,work
P3320,board member,Q43229,organization
P3323,opponent during disputation,Q5,human
P3324,petit-patrimoine.com ID,Q386724,work
P3324,petit-patrimoine.com ID,Q618123,geographical feature
P3325,student register of the University of Helsinki ID (1853–1899),Q5,human
P3326,World Waterfall Database ID,Q34038,waterfall
P3335,associated hazard,Q2221906,geographic location
P3340,Kvikmyndir film ID,Q11424,film
P3340,Kvikmyndir film ID,Q5398426,television series
P3344,Vote Smart candidate ID,Q5,human
P3353,National Recreation Trails Database ID,Q628179,trail
P3360,Nobel Prize People Nomination ID,Q43229,organization
P3360,Nobel Prize People Nomination ID,Q5,human
P3361,PictoRight ID code,Q5,human
P3362,operating income,Q43229,organization
P3367,GECD film ID,Q11424,film
P3370,Géopatronyme ID,Q4116295,surname
P3371,Observatoire du Patrimoine Religieux ID,Q1370598,structure of worship
P3372,Auckland Art Gallery artist ID,Q5,human
P3373,sibling,Q14897293,fictional entity
P3373,sibling,Q7239,organism
P3374,endianness,Q272683,instruction set architecture
P3376,enterprise number (Belgium),Q15911314,association
P3376,enterprise number (Belgium),Q43229,organization
P3377,Bloomberg company ID,Q43229,organization
P3383,film poster,Q11424,film
P3383,film poster,Q24856,film series
P3383,film poster,Q464980,exhibition
P3383,film poster,Q7777570,theatrical production
P3386,French Sculpture Census work ID,Q838948,work of art
P3388,LittleSis people ID,Q5,human
P3388,LittleSis people ID,Q61002,pseudonym
P3392,Surman ID,Q5,human
P3393,LittleSis organization ID,Q43229,organization
P3393,LittleSis organization ID,Q56061,administrative territorial entity
P3394,Finnish Lake ID,Q23397,lake
P3398,Butterflies and Moths of North America ID,Q16521,taxon
P3398,Butterflies and Moths of North America ID,Q42621,hybrid
P3402,CNC film rating (Romania),Q11424,film
P3402,CNC film rating (Romania),Q1983062,episode
P3403,coextensive with,Q618123,geographical feature
P3404,The Vogue List ID,Q5,human
P3404,The Vogue List ID,Q431289,brand
P3404,The Vogue List ID,Q43229,organization
P3405,Nederlands Soortenregister ID,Q16521,taxon
P3407,Klosterdatenbank ID,Q2742167,religious community
P3407,Klosterdatenbank ID,Q3184737,cathedral chapter
P3407,Klosterdatenbank ID,Q1149783,In commendam
P3407,Klosterdatenbank ID,Q1509716,collegiate church
P3407,Klosterdatenbank ID,Q44613,monastery
P3408,World Aquatics athlete ID,Q5,human
P3410,Clergy of the Church of England database ID,Q5,human
P3411,Saxon Academy of Sciences member ID,Q5,human
P3412,Canadian Environmental Sustainability Indicators ID (Protected areas),Q473972,protected area
P3414,Yle Areena item ID,Q1190554,occurrence
P3414,Yle Areena item ID,Q386724,work
P3418,Google Play Store app ID,Q620615,mobile app
P3418,Google Play Store app ID,Q7889,video game
P3419,Basic Unit of Settlement code (Czech),Q329245,basic unit of settlement in the Czech Republic
P3420,Calflora ID,Q16521,taxon
P3421,Belvedere artist ID,Q5,human
P3423,INSEE arrondissement code,Q194203,arrondissement of France
P3425,Natura 2000 site ID,Q15069452,Natura 2000 site
P3428,INCAA film rating,Q11424,film
P3429,Electronic Enlightenment ID,Q5,human
P3430,SNAC ARK ID,Q5,human
P3430,SNAC ARK ID,Q42889,vehicle
P3430,SNAC ARK ID,Q43229,organization
P3435,VGMdb artist ID,Q215627,person
P3435,VGMdb artist ID,Q43229,organization
P3435,VGMdb artist ID,Q95074,character
P3436,AELG ID,Q5,human
P3437,carries passengers or cargo,Q206021,flight
P3437,carries passengers or cargo,Q22667,railway
P3437,carries passengers or cargo,Q2367733,material ropeway
P3437,carries passengers or cargo,Q42889,vehicle
P3438,vehicle normally used,Q376799,transport infrastructure
P3438,vehicle normally used,Q5,human
P3438,vehicle normally used,Q740752,transport company
P3438,vehicle normally used,Q1067164,transport service itinerary
P3438,vehicle normally used,Q4164871,position
P3438,vehicle normally used,Q95074,character
P344,director of photography,Q10590726,video album
P344,director of photography,Q112627928,livestreamed video
P344,director of photography,Q11424,film
P344,director of photography,Q15416,television program
P344,director of photography,Q24856,film series
P344,director of photography,Q581714,animated series
P344,director of photography,Q604219,photo-book
P3440,time signature,Q11639,dance
P3441,FIFA country code,Q2485448,sports governing body
P3441,FIFA country code,Q6979593,national association football team
P3442,Debian stable package,Q7397,software
P3442,Debian stable package,Q105420,anthology
P3442,Debian stable package,Q17451,typeface
P3442,Debian stable package,Q58481926,typeface family
P3443,Victorian Heritage Database ID,Q2221906,geographic location
P3443,Victorian Heritage Database ID,Q386724,work
P3444,eBird taxon ID,Q16521,taxon
P3445,Cinema of Israel ID,Q5398426,television series
P3445,Cinema of Israel ID,Q11424,film
P3445,Cinema of Israel ID,Q43229,organization
P3445,Cinema of Israel ID,Q5,human
P3448,stepparent,Q14897293,fictional entity
P3448,stepparent,Q5,human
P3449,NSW Heritage database ID,Q2221906,geographic location
P3449,NSW Heritage database ID,Q386724,work
P3449,NSW Heritage database ID,Q8205328,artificial physical object
P3449,NSW Heritage database ID,Q82794,region
P345,IMDb ID,Q110879246,video work
P345,IMDb ID,Q1656682,event
P345,IMDb ID,Q26401003,individual animal
P345,IMDb ID,Q618779,award
P345,IMDb ID,Q7697093,television play
P345,IMDb ID,Q95074,character
P345,IMDb ID,Q104649845,film organization
P345,IMDb ID,Q116741534,group of video games
P345,IMDb ID,Q18127,record label
P345,IMDb ID,Q1983062,episode
P345,IMDb ID,Q3464665,television series season
P3450,sports season of league or competition,Q114609228,recurring sporting event edition
P3454,Arch Linux package,Q58481926,typeface family
P3454,Arch Linux package,Q17451,typeface
P3454,Arch Linux package,Q7397,software
P3455,CircleID writer ID,Q5,human
P3457,case fatality rate,Q18123741,infectious disease
P3457,case fatality rate,Q3241045,disease outbreak
P3458,CNC authorization number,Q13226383,facility
P3459,EURING number,Q16521,taxon
P3463,Fedora package,Q58481926,typeface family
P3463,Fedora package,Q17451,typeface
P3463,Fedora package,Q7397,software
P3467,Inventario Sculture - Polo Museale Fiorentino,Q838948,work of art
P347,Joconde work ID,Q386724,work
P3472,VICNAMES Place ID,Q618123,geographical feature
P3472,VICNAMES Place ID,Q10273457,equipment
P3472,VICNAMES Place ID,Q2385804,educational institution
P3472,VICNAMES Place ID,Q811979,architectural structure
P3473,Ubuntu package,Q58481926,typeface family
P3473,Ubuntu package,Q17451,typeface
P3473,Ubuntu package,Q7397,software
P3477,Nihon Tarento Meikan ID,Q5,human
P3478,Songkick artist ID,Q5,human
P3478,Songkick artist ID,Q431289,brand
P3478,Songkick artist ID,Q43229,organization
P3478,Songkick artist ID,Q95074,character
P348,software version identifier,Q9143,programming language
P348,software version identifier,Q235557,file format
P348,software version identifier,Q241317,computing platform
P348,software version identifier,Q317623,technical standard
P348,software version identifier,Q35127,website
P348,software version identifier,Q386724,work
P348,software version identifier,Q725744,keyboard layout
P348,software version identifier,Q7397,software
P3482,Europeana Fashion creator ID,Q5,human
P3482,Europeana Fashion creator ID,Q167270,trademark
P3482,Europeana Fashion creator ID,Q43229,organization
P3483,VGMdb album ID,Q108346082,release group
P3487,maximal incubation period in humans,Q12136,disease
P3488,minimal incubation period in humans,Q12136,disease
P3489,pregnancy category,Q12140,medication
P3490,muscle origin,Q7365,muscle
P3491,muscle insertion,Q7365,muscle
P3492,basic reproduction number,Q18123741,infectious disease
P3494,points classification,Q13406554,sports competition
P3495,FilmPolski.pl ID,Q5,human
P3495,FilmPolski.pl ID,Q11424,film
P3495,FilmPolski.pl ID,Q215380,musical group
P3495,FilmPolski.pl ID,Q4830453,business
P3495,FilmPolski.pl ID,Q7725310,series of creative works
P3495,FilmPolski.pl ID,Q7725634,literary work
P3496,teams classification by points,Q13406554,sports competition
P3497,teams classification by time,Q13406554,sports competition
P3498,ZNIEFF ID,Q2221906,geographic location
P3499,Gentoo package,Q58481926,typeface family
P3499,Gentoo package,Q17451,typeface
P3499,Gentoo package,Q7397,software
P35,head of state,Q1145276,fictional country
P35,head of state,Q3024240,historical country
P35,head of state,Q3591867,proposed country
P35,head of state,Q7275,state
P350,RKDimages ID,Q571,book
P350,RKDimages ID,Q838948,work of art
P3500,Ringgold ID,Q15642541,human-geographic territorial entity
P3500,Ringgold ID,Q13226383,facility
P3500,Ringgold ID,Q43229,organization
P3502,Ameblo username,Q5,human
P3502,Ameblo username,Q17537576,creative work
P3502,Ameblo username,Q43229,organization
P3504,Florentine Inventario Palatina art ID,Q838948,work of art
P3505,BoardGameGeek designer ID,Q5,human
P3506,Luding designer ID,Q5,human
P3507,Bivouac.com mountain ID,Q207326,summit
P3507,Bivouac.com mountain ID,Q2624046,mountain chain
P3507,Bivouac.com mountain ID,Q8502,mountain
P351,Entrez Gene ID,Q7187,gene
P3511,VGMdb organization ID,Q43229,organization
P3513,peakware mountain ID,Q207326,summit
P3513,peakware mountain ID,Q54050,hill
P3513,peakware mountain ID,Q8502,mountain
P3515,NPCA ID,Q473972,protected area
P3516,National Park Foundation ID,Q473972,protected area
P3517,Geographical Names Board of NSW ID,Q2385804,educational institution
P3517,Geographical Names Board of NSW ID,Q618123,geographical feature
P3519,Pfam ID,Q898273,protein domain
P352,UniProt protein ID,Q172847,peptide
P3523,Rfam ID,Q11053,ribonucleic acid
P3524,Simple Modular Architecture Research Tool ID,Q898273,protein domain
P3526,wisden.com ID,Q5,human
P3528,Luding game ID,Q11410,game
P353,HGNC gene symbol,Q7187,gene
P3530,par,Q1048525,golf course
P3531,AZBilliards ID,Q5,human
P3533,DraftExpress ID,Q5,human
P3534,Australian Government Organisations Register ID,Q43229,organization
P3538,Fussballdaten.de person ID,Q5,human
P354,HGNC ID,Q7187,gene
P3544,Te Papa agent ID,Q43229,organization
P3544,Te Papa agent ID,Q1408229,finished good
P3544,Te Papa agent ID,Q5,human
P3548,Australian Business Number,Q43229,organization
P3548,Australian Business Number,Q5,human
P3549,Australian Company Number,Q43229,organization
P355,child organization or unit,Q14623646,fictional organization
P355,child organization or unit,Q43229,organization
P3550,Australian Register of Therapeutic Goods ID,Q12034612,medicinal product
P3550,Australian Register of Therapeutic Goods ID,Q6554101,medical device
P3551,Australian Registered Body Number,Q43229,organization
P3552,Australian Registered Scheme Number,Q4201895,investment fund
P3555,World Guide to Covered Bridges ID,Q1825472,covered bridge
P3562,Admiralty number,Q7321258,beacon
P3563,NGA lighthouse ID,Q7321258,beacon
P3570,European Case Law ID,Q2334719,legal case
P3570,European Case Law ID,Q327000,court decision
P3572,ESPNcricinfo playing ground ID,Q1202618,sports field
P3576,TLG author ID,Q215627,person
P3579,Weibo user ID,Q729,Animalia
P3579,Weibo user ID,Q1190554,occurrence
P3579,Weibo user ID,Q386724,work
P3579,Weibo user ID,Q4164871,position
P3579,Weibo user ID,Q431289,brand
P3579,Weibo user ID,Q43229,organization
P3579,Weibo user ID,Q95074,character
P358,discography,Q15711870,animated character
P358,discography,Q18127,record label
P358,discography,Q196600,media franchise
P358,discography,Q215627,person
P358,discography,Q5398426,television series
P3587,Common Vulnerabilities and Exposures ID,Q179550,software bug
P3587,Common Vulnerabilities and Exposures ID,Q7397,software
P3588,WNBA.com player ID,Q5,human
P3589,GCD series ID,Q1004,comics
P359,Rijksmonument ID,Q618123,geographical feature
P359,Rijksmonument ID,Q1444,organ
P359,Rijksmonument ID,Q386724,work
P3592,saros cycle of eclipse,Q141022,eclipse
P3593,AFI Catalog of Feature Films ID,Q11424,film
P3597,F-Droid package,Q5500964,freely redistributable software
P3599,archival creator authority record at the Archives nationales,Q43229,organization
P3599,archival creator authority record at the Archives nationales,Q5,human
P36,capital,Q82794,region
P36,capital,Q1145276,fictional country
P360,is a list of,Q12139612,list
P3600,protected heritage site in Brussels ID,Q27096213,geographic entity
P3601,MarineTraffic Lighthouse ID,Q7321258,beacon
P3602,candidacy in election,Q5,human
P3602,candidacy in election,Q7278,political party
P3603,Minneapolis Institute of Art constituent ID,Q5,human
P3606,BOLD Systems taxon ID,Q16521,taxon
P3607,Booking.com hotel ID,Q5056668,lodging
P3608,EU VAT number,Q43229,organization
P3609,Recreation.gov gateway ID,Q473972,protected area
P3610,fare zone,Q3240003,bus route
P3613,Naturvårdsregistret ID,Q23790,natural monument
P3613,Naturvårdsregistret ID,Q473972,protected area
P3614,DigDag ID,Q668130,provosty
P3614,DigDag ID,Q12340483,constituency in Denmark
P3614,DigDag ID,Q2177636,municipality of Denmark
P3614,DigDag ID,Q313354,hundred
P3614,DigDag ID,Q62326,region of Denmark
P3614,DigDag ID,Q876730,county of Denmark
P3615,Vision of Britain unit ID,Q15642541,human-geographic territorial entity
P3621,Darts Database player ID,Q5,human
P3630,Babelio author ID,Q5,human
P3630,Babelio author ID,Q16017119,collective pseudonym
P3630,Babelio author ID,Q43229,organization
P3631,Babelio work ID,Q47461344,written work
P3633,British Museum place ID,Q27096213,geographic entity
P3634,The Met object ID,Q488383,object
P3635,Peakbagger area ID,Q2221906,geographic location
P3635,Peakbagger area ID,Q82794,region
P364,original language of film or TV show,Q2431196,audiovisual work
P364,original language of film or TV show,Q732577,publication
P3641,Uniform Type Identifier,Q235557,file format
P3641,Uniform Type Identifier,Q996023,directory structure
P3642,ARCHON code,Q43229,organization
P3646,Naismith Memorial Basketball Hall of Fame ID,Q26894053,basketball team season
P3646,Naismith Memorial Basketball Hall of Fame ID,Q43229,organization
P3646,Naismith Memorial Basketball Hall of Fame ID,Q5,human
P3647,NBA.com player ID,Q5,human
P3650,JMK film rating,Q11424,film
P3656,Cross-tables.com Scrabble player ID,Q5,human
P367,astronomic symbol image,Q6888,astronomical transit
P367,astronomic symbol image,Q6999,astronomical object
P3670,Tennis Archives player ID,Q5,human
P3673,film-documentaire.fr film ID,Q11424,film
P3673,film-documentaire.fr film ID,Q24856,film series
P3676,National Bridge Inventory Number,Q12280,bridge
P3677,Wereld van Oranje player ID (archived),Q5,human
P3682,Australian Olympic Committee athlete ID,Q5,human
P3693,ShortTrackOnLine.info skater ID,Q5,human
P3695,SpeedSkatingStats speed skater ID,Q5,human
P3696,Sports Reference college basketball player ID,Q5,human
P37,official language,Q56061,administrative territorial entity
P37,official language,Q1145276,fictional country
P37,official language,Q14623646,fictional organization
P37,official language,Q1663557,initiative
P37,official language,Q43229,organization
P3702,Catalogue of Illuminated Manuscripts ID,Q87167,manuscript
P3703,JMDb person or company ID,Q43229,organization
P3703,JMDb person or company ID,Q5,human
P3704,KMDb film ID,Q11424,film
P3705,RITVA program ID,Q2431196,audiovisual work
P3707,Gridabase glacier ID,Q35666,glacier
P371,presenter,Q15265344,broadcaster
P371,presenter,Q1190554,occurrence
P371,presenter,Q386724,work
P3711,Vanderkrogt.net Statues ID,Q5003624,memorial
P3711,Vanderkrogt.net Statues ID,Q2293362,group of sculptures
P3711,Vanderkrogt.net Statues ID,Q860861,sculpture
P3712,has goal,Q11410,game
P3712,has goal,Q1151067,rule
P3712,has goal,Q1190554,occurrence
P3712,has goal,Q12737077,occupation
P3712,has goal,Q1348645,instructional materials
P3712,has goal,Q14623646,fictional organization
P3712,has goal,Q151885,concept
P3712,has goal,Q1799072,method
P3712,has goal,Q321839,agreement
P3712,has goal,Q58778,system
P3712,has goal,Q7397,software
P3713,category for value not in Wikidata,Q18616576,Wikidata property
P3714,Recreation.gov point of interest ID,Q2221906,geographic location
P3715,NISH Hall of Fame ID (archived),Q4438121,sports organization
P3715,NISH Hall of Fame ID (archived),Q5,human
P3716,social classification,Q14897293,fictional entity
P3716,social classification,Q5,human
P3716,social classification,Q8436,family
P3718,NCMEC person ID,Q5,human
P3723,USCG lighthouse ID,Q7321258,beacon
P3727,Serbia municipality ID,Q783930,municipalities and cities of Serbia
P3728,New Zealand Heritage List number,Q2221906,geographic location
P3728,New Zealand Heritage List number,Q386724,work
P3732,PhilPapers record,Q49848,document
P3733,MOOMA artist ID,Q5,human
P3739,inflorescence,Q16521,taxon
P374,Insee municipality code,Q583865,territorial collectivity of France
P375,space launch vehicle,Q2133344,space mission
P375,space launch vehicle,Q5916,spaceflight
P375,space launch vehicle,Q3099911,scientific instrument
P375,space launch vehicle,Q40218,spacecraft
P3750,KMDb documentary film ID,Q11424,film
P3751,Shoftim BeIsrael judge ID,Q5,human
P3753,best-case time complexity,Q8366,algorithm
P3754,average time complexity,Q8366,algorithm
P3756,best-case space complexity,Q8366,algorithm
P3757,average space complexity,Q8366,algorithm
P3758,DOCOMOMO Ibérico ID,Q2221906,geographic location
P3758,DOCOMOMO Ibérico ID,Q386724,work
P3758,DOCOMOMO Ibérico ID,Q811979,architectural structure
P3759,SAHRA heritage site ID,Q618123,geographical feature
P3759,SAHRA heritage site ID,Q8205328,artificial physical object
P376,located on astronomical body,Q27096213,geographic entity
P376,located on astronomical body,Q3895768,fictional location
P376,located on astronomical body,Q751989,astronomical phenomenon
P376,located on astronomical body,Q40218,spacecraft
P376,located on astronomical body,Q6999,astronomical object
P3760,Iditarod musher ID,Q5,human
P3761,IPv4 routing prefix,Q5,human
P3761,IPv4 routing prefix,Q1360517,internet backbone
P3761,IPv4 routing prefix,Q43229,organization
P3762,openMLOL author ID,Q5,human
P3762,openMLOL author ID,Q21070598,figure that may or may not be fictional
P3762,openMLOL author ID,Q43229,organization
P3763,MIMO instrument ID,Q34379,musical instrument
P3764,pole position,Q22938576,race
P3768,Medieval Libraries of Great Britain ID,Q571,book
P3768,Medieval Libraries of Great Britain ID,Q87167,manuscript
P3769,It's Rugby player ID,Q5,human
P3770,crdb peak ID,Q2624046,mountain chain
P3770,crdb peak ID,Q8502,mountain
P3781,has active ingredient,Q1069267,chemical product
P3781,has active ingredient,Q28885102,pharmaceutical product
P3782,Artnet artist ID,Q5,human
P3782,Artnet artist ID,Q728646,partnership
P3783,Christie's object ID,Q223557,physical object
P3783,Christie's object ID,Q838948,work of art
P3785,danskefilm film ID,Q11424,film
P3785,danskefilm film ID,Q15416,television program
P3786,Danskefilm person ID,Q5,human
P3786,Danskefilm person ID,Q215380,musical group
P3786,Danskefilm person ID,Q4830453,business
P3787,danskefilm silent film ID,Q11424,film
P3789,Telegram username,Q2001305,television channel
P3789,Telegram username,Q1190554,occurrence
P3789,Telegram username,Q386724,work
P3789,Telegram username,Q4164871,position
P3789,Telegram username,Q43229,organization
P3789,Telegram username,Q5,human
P3790,FanCons.com guest ID,Q5,human
P3790,FanCons.com guest ID,Q15773317,television character
P3790,FanCons.com guest ID,Q28020127,fictional humanoid
P3791,Art Renewal Center artist ID,Q5,human
P3793,IPv6 routing prefix,Q5,human
P3793,IPv6 routing prefix,Q1360517,internet backbone
P3793,IPv6 routing prefix,Q43229,organization
P3795,Flora of Israel Online plant ID,Q16521,taxon
P3796,Bureau of Meteorology station ID,Q190107,weather station
P3797,autonomous system number,Q5,human
P3797,autonomous system number,Q1360517,internet backbone
P3797,autonomous system number,Q43229,organization
P38,currency,Q15642541,human-geographic territorial entity
P38,currency,Q1145276,fictional country
P38,currency,Q3360632,currency pair
P38,currency,Q66344,central bank
P38,currency,Q693464,cash
P380,Mérimée ID,Q618123,geographical feature
P380,Mérimée ID,Q386724,work
P380,Mérimée ID,Q811430,fixed construction
P3803,original film format,Q15328,camera
P3803,original film format,Q11424,film
P3803,original film format,Q24856,film series
P3804,TV Guide show ID (former scheme),Q11424,film
P3804,TV Guide show ID (former scheme),Q5,human
P3805,tax-exempt heritage asset ID,Q838948,work of art
P3808,The Numbers movie ID,Q11424,film
P381,PCP reference number,Q43229,organization
P381,PCP reference number,Q618123,geographical feature
P381,PCP reference number,Q1229765,watercraft
P381,PCP reference number,Q2668072,collection
P381,PCP reference number,Q838948,work of art
P3810,Parks.it ID,Q473972,protected area
P3813,Bivouac.com pass ID,Q133056,mountain pass
P3814,BoF person ID,Q14073567,sibling duo
P3814,BoF person ID,Q5,human
P3815,volcano observatory,Q29025902,volcanic landform
P3816,film script,Q11424,film
P3818,KMRB film rating,Q11424,film
P3819,FI WarSampo army unit ID,Q176799,military unit
P382,CBS municipality code,Q3648563,public body of the Netherlands
P3820,Flanders Arts Institute venue ID (former scheme),Q132241,festival
P3820,Flanders Arts Institute venue ID (former scheme),Q17350442,venue
P3820,Flanders Arts Institute venue ID (former scheme),Q811430,fixed construction
P3821,Bangla Movie Database ID,Q5,human
P3821,Bangla Movie Database ID,Q11424,film
P3821,Bangla Movie Database ID,Q526877,web series
P3821,Bangla Movie Database ID,Q5398426,television series
P3822,rules for classification,Q13406554,sports competition
P3823,Ethnologue language status,Q17376908,languoid
P3825,United States Statutes at Large citation,Q48976586,presidential directive
P3825,United States Statutes at Large citation,Q1475062,joint resolution
P3825,United States Statutes at Large citation,Q476068,Act of Congress in the United States
P3828,wears,Q215627,person
P3828,wears,Q4164871,position
P3828,wears,Q43229,organization
P3828,wears,Q95074,character
P3829,Publons author ID,Q5,human
P3830,CueTracker player ID,Q5,human
P3834,RTC film rating,Q11424,film
P3835,Mendeley person ID,Q5,human
P3836,Pinterest username,Q5,human
P3836,Pinterest username,Q1656682,event
P3836,Pinterest username,Q386724,work
P3836,Pinterest username,Q431289,brand
P3836,Pinterest username,Q43229,organization
P3837,United States Public Law,Q1475062,joint resolution
P3837,United States Public Law,Q476068,Act of Congress in the United States
P3839,Tab4u artist ID,Q215380,musical group
P3839,Tab4u artist ID,Q5,human
P3840,slope rating,Q1048525,golf course
P3840,slope rating,Q1137210,country club
P3842,located in the present-day administrative territorial entity,Q56061,administrative territorial entity
P3844,Deutsche Synchronkartei film ID,Q11424,film
P3846,DBC author ID,Q5,human
P3846,DBC author ID,Q43229,organization
P3846,DBC author ID,Q61002,pseudonym
P3851,Cinenacional.com movie ID,Q11424,film
P3854,Soundtrack Collector title ID,Q5398426,television series
P3854,Soundtrack Collector title ID,Q11424,film
P3854,Soundtrack Collector title ID,Q526877,web series
P3854,Soundtrack Collector title ID,Q7889,video game
P3855,LombardiaBeniCulturali artwork ID,Q838948,work of art
P3858,route diagram template,Q1067164,transport service itinerary
P3858,route diagram template,Q28043022,proposed rail infrastructure
P3858,route diagram template,Q29981662,busway
P3858,route diagram template,Q55488,railway station
P3858,route diagram template,Q728937,railway line
P3861,App Store app ID,Q620615,mobile app
P3861,App Store app ID,Q7889,video game
P3862,MyDramaList name ID,Q5,human
P3863,Italian Navy Lighthouses and Beacons ID,Q7321258,beacon
P3866,LAWA waterbody ID,Q15324,body of water
P3868,MyDramaList title ID,Q11424,film
P3868,MyDramaList title ID,Q15416,television program
P3868,MyDramaList title ID,Q3464665,television series season
P3868,MyDramaList title ID,Q526877,web series
P3868,MyDramaList title ID,Q5398426,television series
P3871,tributary orientation,Q355304,watercourse
P3874,Justia Patents inventor ID,Q43229,organization
P3874,Justia Patents inventor ID,Q5,human
P3875,Justia Patents company ID,Q43229,organization
P3876,category for alumni of educational institution,Q13226383,facility
P3876,category for alumni of educational institution,Q2385804,educational institution
P3877,HappyCow restaurant ID,Q11707,restaurant
P3878,Soundex,Q3257686,locality
P3878,Soundex,Q82799,name
P3879,Cologne phonetics,Q82799,name
P3880,Caverphone,Q82799,name
P3887,KVAB member ID,Q5,human
P3888,Boijmans artist ID,Q43229,organization
P3888,Boijmans artist ID,Q5,human
P3891,observing time available,Q62832,observatory
P3892,PictoRight ID-Droit de suite,Q43229,organization
P3892,PictoRight ID-Droit de suite,Q5,human
P3894,OSTI article ID,Q3099732,technical report
P3895,INAO product ID,Q2095,food
P3898,Hotels.com hotel ID,Q27686,hotel
P39,position held,Q14897293,fictional entity
P39,position held,Q729,Animalia
P39,position held,Q43229,organization
P3901,ADAGP artist ID,Q43229,organization
P3901,ADAGP artist ID,Q5,human
P3902,had as last meal,Q215627,person
P3903,column(s),Q47461344,written work
P3903,column(s),Q732577,publication
P3904,VIVC grape variety ID,Q958314,grape variety
P3906,Ishim ID,Q5,human
P3906,Ishim ID,Q11424,film
P3906,Ishim ID,Q15416,television program
P3906,Ishim ID,Q1555508,radio program
P3906,Ishim ID,Q24856,film series
P3906,Ishim ID,Q5398426,television series
P3908,Reprezentacija player ID,Q5,human
P3909,last words,Q215627,person
P3909,last words,Q95074,character
P3910,Bollywood Hungama person numeric ID (archived),Q5,human
P3912,newspaper format,Q11032,newspaper
P3913,MobyGames person ID,Q15632617,fictional human
P3913,MobyGames person ID,Q5,human
P3914,GuideStar Israel organization ID,Q43229,organization
P3915,Australian Athletics Historical Results athlete ID,Q5,human
P3919,contributed to creative work,Q5,human
P3920,Canadian Coastguard Lighthouse ID,Q7321258,beacon
P3921,Wikidata SPARQL query equivalent,Q47574,unit of measurement
P3921,Wikidata SPARQL query equivalent,Q13406463,Wikimedia list article
P3921,Wikidata SPARQL query equivalent,Q4167836,Wikimedia category
P3922,light sector,Q7321258,beacon
P3929,V&A item ID,Q571,book
P3929,V&A item ID,Q838948,work of art
P393,edition number,Q1187691,roadside station in Japan
P393,edition number,Q1364556,music award
P393,edition number,Q1656682,event
P393,edition number,Q20826013,software version
P393,edition number,Q732577,publication
P3932,Digital Valencian Library author ID,Q17537576,creative work
P3932,Digital Valencian Library author ID,Q5,human
P3933,Cinema.de ID,Q5,human
P3933,Cinema.de ID,Q11424,film
P3933,Cinema.de ID,Q24856,film series
P3933,Cinema.de ID,Q5398426,television series
P3936,NFF person ID,Q5,human
P3943,Tumblr username,Q729,Animalia
P3943,Tumblr username,Q15632617,fictional human
P3943,Tumblr username,Q386724,work
P3943,Tumblr username,Q43229,organization
P3943,Tumblr username,Q618123,geographical feature
P3949,Juwra.com ID,Q18608583,recurring sporting event
P3949,Juwra.com ID,Q20153194,international rally championship season
P3949,Juwra.com ID,Q327245,team
P3949,Juwra.com ID,Q5,human
P395,licence plate code,Q43229,organization
P395,licence plate code,Q4835091,territory
P3952,Stereo Ve Mono artist ID,Q5,human
P396,SBN author ID,Q5,human
P396,SBN author ID,Q43229,organization
P396,SBN author ID,Q61002,pseudonym
P396,SBN author ID,Q95074,character
P3960,Base biographique AUTOR ID,Q5,human
P3960,Base biographique AUTOR ID,Q14073567,sibling duo
P3960,Base biographique AUTOR ID,Q4830453,business
P3961,Unifrance film ID,Q5398426,television series
P3961,Unifrance film ID,Q11424,film
P3961,Unifrance film ID,Q24856,film series
P3962,Global Trade Item Number,Q10590726,video album
P3962,Global Trade Item Number,Q131436,board game
P3962,Global Trade Item Number,Q1485500,tangible good
P3962,Global Trade Item Number,Q732577,publication
P3963,Clochers de France ID,Q1370598,structure of worship
P3965,Bridgeman artist ID,Q1400264,artist collective
P3965,Bridgeman artist ID,Q5,human
P3966,programming paradigm,Q188860,software library
P3966,programming paradigm,Q9143,programming language
P3967,final event,Q1656682,event
P3968,CETS number,Q131569,treaty
P397,parent astronomical body,Q4130,orbit
P397,parent astronomical body,Q105000,meteor shower
P397,parent astronomical body,Q40218,spacecraft
P397,parent astronomical body,Q5916,spaceflight
P397,parent astronomical body,Q6999,astronomical object
P3970,channel number,Q15265344,broadcaster
P3970,channel number,Q2001305,television channel
P3971,PASE Domesday person ID,Q5,human
P3973,PIM authority ID,Q5,human
P3974,nature preserve in North Rhine-Westphalia ID,Q759421,Naturschutzgebiet
P3975,general secretary,Q43229,organization
P3976,BVMC work ID,Q386724,work
P3977,Songkick venue ID,Q121359,infrastructure
P3977,Songkick venue ID,Q484170,commune of France
P3977,Songkick venue ID,Q11446,ship
P3977,Songkick venue ID,Q1190554,occurrence
P3977,Songkick venue ID,Q3918,university
P3977,Songkick venue ID,Q811430,fixed construction
P3979,Unifrance company ID,Q43229,organization
P398,child astronomical body,Q6999,astronomical object
P3983,sports league level,Q623109,sports league
P3987,SHARE Catalogue author ID,Q5,human
P3987,SHARE Catalogue author ID,Q21070598,figure that may or may not be fictional
P3987,SHARE Catalogue author ID,Q43229,organization
P3988,National Library Board Singapore ID (former scheme),Q5,human
P3988,National Library Board Singapore ID (former scheme),Q1656682,event
P3988,National Library Board Singapore ID (former scheme),Q2221906,geographic location
P3988,National Library Board Singapore ID (former scheme),Q43229,organization
P3989,members have occupation,Q14623646,fictional organization
P399,companion of,Q6999,astronomical object
P3991,Austrian Textbook ID,Q386724,work
P3992,SSB urban settlement number,Q15092344,urban area in Norway
P3993,Vitaskrá ID,Q7321258,beacon
P3994,racon signal,Q39715,lighthouse
P3995,Filmweb.pl ID,Q5398426,television series
P3995,Filmweb.pl ID,Q11424,film
P3995,Filmweb.pl ID,Q24856,film series
P3995,Filmweb.pl ID,Q7889,video game
P3996,Bait La Zemer Ha-Ivri song ID,Q482994,album
P3997,Bait La Zemer Ha-Ivri artist ID,Q43229,organization
P3997,Bait La Zemer Ha-Ivri artist ID,Q5,human
P3999,date of official closure,Q811430,fixed construction
P3999,date of official closure,Q1190554,occurrence
P3999,date of official closure,Q121359,infrastructure
P3999,date of official closure,Q58778,system
P40,child,Q14897293,fictional entity
P40,child,Q207174,personification
P40,child,Q219160,couple
P40,child,Q2239243,mythical creature
P40,child,Q7239,organism
P400,platform,Q11253473,smart device
P400,platform,Q1137109,video game publisher
P400,platform,Q116741534,group of video games
P400,platform,Q128093,ebook
P400,platform,Q165194,application programming interface
P400,platform,Q173167,electronic literature
P400,platform,Q193395,recording medium
P400,platform,Q210167,video game developer
P400,platform,Q216158,expansion card
P400,platform,Q21013267,achievement
P400,platform,Q317623,technical standard
P400,platform,Q416,disk magazine
P400,platform,Q47146,user interface
P400,platform,Q629206,computer language
P400,platform,Q7397,software
P400,platform,Q7927908,video game accessory
P400,platform,Q8513,database
P4000,has fruit type,Q16521,taxon
P4001,Latvian Protected Nature Territory URL,Q473972,protected area
P4006,overrules,Q2334719,legal case
P4006,overrules,Q327000,court decision
P4007,DBS ID,Q43229,organization
P4007,DBS ID,Q7075,library
P4008,Early Aviators people ID,Q5,human
P4012,Semantic Scholar author ID,Q43229,organization
P4012,Semantic Scholar author ID,Q5,human
P4013,Giphy username,Q5,human
P4013,Giphy username,Q386724,work
P4013,Giphy username,Q431289,brand
P4013,Giphy username,Q43229,organization
P4014,Australian Statistical Geography 2011 ID,Q82794,region
P4015,Vimeo ID,Q5,human
P4015,Vimeo ID,Q2431196,audiovisual work
P4015,Vimeo ID,Q43229,organization
P4016,SlideShare username,Q43229,organization
P4016,SlideShare username,Q5,human
P4017,Ustream username,Q43229,organization
P4017,Ustream username,Q5,human
P4025,Pinakothek artist ID,Q1400264,artist collective
P4025,Pinakothek artist ID,Q5,human
P4028,Google Scholar paper ID,Q1238720,volume
P4028,Google Scholar paper ID,Q47461344,written work
P403,mouth of the watercourse,Q16338046,fictional river
P403,mouth of the watercourse,Q15324,body of water
P403,mouth of the watercourse,Q35666,glacier
P403,mouth of the watercourse,Q39816,valley
P4030,PLU code,Q2095,food
P4030,PLU code,Q1364,fruit
P4030,PLU code,Q16521,taxon
P4031,Hungarian NGO ID,Q163740,nonprofit organization
P4031,Hungarian NGO ID,Q178790,labor union
P4033,Mastodon address,Q1668024,service on Internet
P4033,Mastodon address,Q5,human
P4033,Mastodon address,Q15632617,fictional human
P4033,Mastodon address,Q386724,work
P4033,Mastodon address,Q4164871,position
P4033,Mastodon address,Q43229,organization
P4034,Shironet artist ID,Q2088357,musical ensemble
P4034,Shironet artist ID,Q5,human
P4037,South Australian Heritage Register Database ID,Q2221906,geographic location
P4037,South Australian Heritage Register Database ID,Q386724,work
P4038,Danish List of Lights and Fog signals ID,Q7321258,beacon
P404,game mode,Q1046315,level
P404,game mode,Q116741534,group of video games
P404,game mode,Q3244175,tabletop game
P404,game mode,Q5519929,game creation system
P404,game mode,Q7889,video game
P4040,Rock.com.ar artist ID,Q215380,musical group
P4040,Rock.com.ar artist ID,Q5,human
P4041,Rock.com.ar album ID,Q108346082,release group
P4046,SIMC place ID,Q27096213,geographic entity
P405,taxon author,Q16521,taxon
P4054,Team Canada athlete ID,Q5,human
P4055,Norwegian List of Lights ID,Q7321258,beacon
P406,soundtrack release,Q386724,work
P4067,COSR athlete ID (archived),Q5,human
P4071,Zemereshet artist ID,Q5,human
P4075,Czech Monument Catalogue Number,Q618123,geographical feature
P4075,Czech Monument Catalogue Number,Q61760621,group of monuments
P4075,Czech Monument Catalogue Number,Q811979,architectural structure
P4075,Czech Monument Catalogue Number,Q838948,work of art
P4076,WorldSBK.com racer ID,Q5,human
P4077,Pizmonet ID,Q5,human
P4077,Pizmonet ID,Q482994,album
P4077,Pizmonet ID,Q114586269,lyrico-musical work
P4079,Theatres Trust Database ID,Q24354,theatre building
P408,software engine,Q5892272,web hosting service
P408,software engine,Q1254596,software as a service
P408,software engine,Q166142,application software
P408,software engine,Q271680,software framework
P408,software engine,Q7058673,video game series
P408,software engine,Q7889,video game
P408,software engine,Q865493,video game mod
P4081,BHL creator ID,Q43229,organization
P4081,BHL creator ID,Q5,human
P4082,captured with,Q107435521,record
P4082,captured with,Q2431196,audiovisual work
P4083,Park Alpha Code,Q30304302,National Park System unit
P4084,MyAnimeList people ID,Q5,human
P4084,MyAnimeList people ID,Q95074,character
P4085,MyAnimeList character ID,Q30061312,fictional liminal entity
P4085,MyAnimeList character ID,Q15711870,animated character
P4085,MyAnimeList character ID,Q2593744,fictional creature
P4085,MyAnimeList character ID,Q30061294,supernatural being in a work of fiction
P4085,MyAnimeList character ID,Q3658341,literary character
P4086,MyAnimeList anime ID,Q11425,animation
P4086,MyAnimeList anime ID,Q11424,film
P4087,MyAnimeList manga ID,Q8274,manga
P4087,MyAnimeList manga ID,Q1667921,novel series
P4087,MyAnimeList manga ID,Q562214,manhwa
P4087,MyAnimeList manga ID,Q754669,manhua
P4087,MyAnimeList manga ID,Q7725634,literary work
P4088,Irish National Inventory of Architectural Heritage ID,Q811430,fixed construction
P4089,Global Terrorism Database ID,Q180684,conflict
P4089,Global Terrorism Database ID,Q1139665,political murder
P4089,Global Terrorism Database ID,Q1371150,hostage taking
P4089,Global Terrorism Database ID,Q21480300,mass shooting
P4089,Global Terrorism Database ID,Q2223653,terrorist attack
P4089,Global Terrorism Database ID,Q327541,arson
P4089,Global Terrorism Database ID,Q459409,hate crime
P4089,Global Terrorism Database ID,Q464643,stabbing
P4089,Global Terrorism Database ID,Q53706,robbery
P4089,Global Terrorism Database ID,Q81672,attempted murder
P4089,Global Terrorism Database ID,Q891854,bomb attack
P409,Libraries Australia ID,Q8436,family
P409,Libraries Australia ID,Q1656682,event
P409,Libraries Australia ID,Q1663557,initiative
P409,Libraries Australia ID,Q2221906,geographic location
P409,Libraries Australia ID,Q386724,work
P409,Libraries Australia ID,Q41176,building
P409,Libraries Australia ID,Q42889,vehicle
P409,Libraries Australia ID,Q43229,organization
P409,Libraries Australia ID,Q5,human
P409,Libraries Australia ID,Q7748,law
P4090,Biodiversity Repository ID,Q43229,organization
P4091,Irish Grid Reference,Q618123,geographical feature
P4093,Australian Statistical Geography 2016 ID,Q82794,region
P4094,Australian Standard Geographic Classification 2006 ID,Q82794,region
P4095,Principal Galaxies Catalogue ID,Q318,galaxy
P4099,metrically compatible typeface,Q17451,typeface
P41,flag image,Q1639378,social system
P41,flag image,Q1656682,event
P41,flag image,Q2545446,grapheme
P41,flag image,Q34770,language
P41,flag image,Q3895768,fictional location
P41,flag image,Q4164871,position
P41,flag image,Q4688879,romantic orientation
P41,flag image,Q48264,gender identity
P41,flag image,Q49773,social movement
P41,flag image,Q5,human
P41,flag image,Q618123,geographical feature
P41,flag image,Q7257,ideology
P410,"military, police or special rank",Q14897293,fictional entity
P410,"military, police or special rank",Q26401003,individual animal
P410,"military, police or special rank",Q4164871,position
P4100,parliamentary group,Q5,human
P4100,parliamentary group,Q7278,political party
P4101,thesis submitted to,Q1266946,thesis
P4102,Atlas of Hillforts ID,Q744099,hillfort
P4104,Carnegie Hall agent ID,Q43229,organization
P4104,Carnegie Hall agent ID,Q5,human
P411,canonization status,Q21070598,figure that may or may not be fictional
P411,canonization status,Q5,human
P4110,Crunchyroll ID (deprecated),Q11424,film
P4110,Crunchyroll ID (deprecated),Q15416,television program
P4112,danskfilmogtv person ID,Q5,human
P4117,Historic England research records ID,Q811979,architectural structure
P4117,Historic England research records ID,Q839954,archaeological site
P4119,NLS Geographic Names Register Place ID,Q27096213,geographic entity
P412,voice type,Q5,human
P412,voice type,Q95074,character
P4120,Ontario Heritage Act Register ID,Q618123,geographical feature
P4120,Ontario Heritage Act Register ID,Q8205328,artificial physical object
P4124,Who's Who in France biography ID,Q5,human
P4126,ESEC person ID,Q5,human
P4129,Cinema Treasures ID,Q19860854,destroyed building or structure
P4129,Cinema Treasures ID,Q33506,museum
P4129,Cinema Treasures ID,Q41176,building
P4129,Cinema Treasures ID,Q41253,movie theater
P413,position played on team / speciality,Q5,human
P413,position played on team / speciality,Q95074,character
P4131,annual energy output,Q159719,power station
P4132,linguistic typology,Q17376908,languoid
P4136,WIGOS station ID,Q190107,weather station
P4138,Treasury of Lives ID,Q5,human
P414,stock exchange,Q223371,stock market index
P414,stock exchange,Q13479982,cryptocurrency
P414,stock exchange,Q43229,organization
P414,stock exchange,Q845477,exchange-traded fund
P4140,energy storage capacity,Q14970,tanker
P4140,energy storage capacity,Q1076882,battery electric vehicle
P4140,energy storage capacity,Q159719,power station
P4140,energy storage capacity,Q267298,battery
P4140,energy storage capacity,Q581105,consumer electronics
P4141,Gatehouse Gazetteer place ID,Q811979,architectural structure
P4143,Finnish List of Lights ID,Q7321258,beacon
P4144,Athenaeum artwork ID,Q17489659,group of works
P4144,Athenaeum artwork ID,Q838948,work of art
P4147,conjugate acid,Q36496,ion
P4149,conjugate base,Q36496,ion
P415,radio format,Q1061197,radio network
P415,radio format,Q14350,radio station
P4150,weather history,Q190107,weather station
P4150,weather history,Q2221906,geographic location
P4151,game mechanics,Q11410,game
P4152,file format identification pattern,Q235557,file format
P4153,offset,Q235557,file format
P4155,separator,Q18616576,Wikidata property
P4156,Czech Registration ID (IČO),Q43229,organization
P4156,Czech Registration ID (IČO),Q5,human
P4158,autores.ar ID,Q5,human
P4159,WeRelate person ID,Q5,human
P4159,WeRelate person ID,Q15632617,fictional human
P4159,WeRelate person ID,Q21070568,human whose existence is disputed
P4159,WeRelate person ID,Q4271324,mythical character
P4160,Michelin Restaurants ID,Q11707,restaurant
P4161,Michelin Voyages ID,Q2221906,geographic location
P4161,Michelin Voyages ID,Q811430,fixed construction
P4166,Georgian National Register of Monuments ID,Q618123,geographical feature
P4166,Georgian National Register of Monuments ID,Q8205328,artificial physical object
P4169,YCBA agent  ID,Q5,human
P417,patron saint,Q1826286,religious movement
P417,patron saint,Q214339,role
P417,patron saint,Q2221906,geographic location
P417,patron saint,Q41176,building
P417,patron saint,Q43229,organization
P417,patron saint,Q486972,human settlement
P4172,America's Byways road ID,Q800517,National Scenic Byway
P4173,Instagram location ID,Q1030034,GLAM
P4173,Instagram location ID,Q1190554,occurrence
P4173,Instagram location ID,Q1229765,watercraft
P4173,Instagram location ID,Q123705,neighborhood
P4173,Instagram location ID,Q1497364,building complex
P4173,Instagram location ID,Q17350442,venue
P4173,Instagram location ID,Q2221906,geographic location
P4173,Instagram location ID,Q22698,park
P4173,Instagram location ID,Q327333,government agency
P4173,Instagram location ID,Q3914,school
P4173,Instagram location ID,Q3918,university
P4173,Instagram location ID,Q4830453,business
P4173,Instagram location ID,Q494829,bus station
P4173,Instagram location ID,Q811430,fixed construction
P4173,Instagram location ID,Q83620,thoroughfare
P4174,Wikimedia username,Q43229,organization
P4174,Wikimedia username,Q5,human
P4175,Patreon ID,Q5,human
P4175,Patreon ID,Q17537576,creative work
P4175,Patreon ID,Q35127,website
P4175,Patreon ID,Q43229,organization
P4177,Finnish National Gallery artist ID,Q5,human
P4186,Australian Women's Register ID,Q5,human
P4186,Australian Women's Register ID,Q1002697,periodical
P4186,Australian Women's Register ID,Q43229,organization
P4186,Australian Women's Register ID,Q618779,award
P4190,Rivers.gov protected area ID,Q846385,National Wild and Scenic River
P4191,Alljudo judoka ID,Q5,human
P4193,Familypedia person ID,Q5,human
P4194,CNPS ID,Q16521,taxon
P4195,category for employees of the organization,Q43229,organization
P4196,cytogenetic location,Q7187,gene
P4197,IBM graphic character set global ID,Q184757,character set
P4198,Google Play Music artist ID (former scheme),Q5,human
P4198,Google Play Music artist ID (former scheme),Q15632617,fictional human
P4198,Google Play Music artist ID (former scheme),Q2088357,musical ensemble
P4199,Google Play Music album ID (former scheme),Q108346082,release group
P4200,Christie's creator ID,Q5,human
P4206,FOIH person ID,Q8436,family
P4206,FOIH person ID,Q43229,organization
P4206,FOIH person ID,Q5,human
P4207,Italian National Earthquake Center ID,Q7944,earthquake
P4208,Billboard artist ID,Q5,human
P4208,Billboard artist ID,Q2088357,musical ensemble
P4208,Billboard artist ID,Q95074,character
P421,located in time zone,Q849275,civil time
P421,located in time zone,Q1190554,occurrence
P421,located in time zone,Q27096213,geographic entity
P4213,Unicode code point,Q29654788,Unicode character
P4214,longest observed lifespan,Q16521,taxon
P4217,UK Electoral Commission ID,Q7278,political party
P4220,order of battle,Q17149090,armed organization
P4220,order of battle,Q370330,convoy
P4220,order of battle,Q180684,conflict
P4220,order of battle,Q645883,military operation
P4221,National Criminal Justice ID,Q386724,work
P4222,United Nations Treaty Series Volume Number,Q38647918,United Nations Treaty Series volume
P4224,category contains,Q4167836,Wikimedia category
P4226,Cyworld ID,Q43229,organization
P4226,Cyworld ID,Q5,human
P4227,Indonesian Small Islands Directory ID,Q23442,island
P4228,Encyclopedia of Australian Science ID,Q43229,organization
P4228,Encyclopedia of Australian Science ID,Q5,human
P4229,ICD-10-CM,Q12136,disease
P423,shooting handedness,Q15632617,fictional human
P423,shooting handedness,Q215627,person
P4231,United Nations Treaty Series registration number,Q131569,treaty
P4232,Figshare author ID,Q5,human
P4233,PatientsLikeMe condition ID,Q7189713,physiological condition
P4235,PatientsLikeMe treatment ID,Q796194,medical procedure
P4235,PatientsLikeMe treatment ID,Q12140,medication
P4235,PatientsLikeMe treatment ID,Q6554101,medical device
P4236,PatientsLikeMe symptom ID,Q169872,symptom
P4238,webcam page URL,Q43229,organization
P424,Wikimedia language code,Q2092812,language identifier
P424,Wikimedia language code,Q43091,orthography
P424,Wikimedia language code,Q14827288,Wikimedia project
P424,Wikimedia language code,Q17376908,languoid
P424,Wikimedia language code,Q8192,writing system
P4247,Tagesschau election ID,Q1076105,general election
P425,field of this occupation,Q12737077,occupation
P4250,defined daily dose,Q28885102,pharmaceutical product
P4251,TSE number,Q7278,political party
P4252,All-Russian Mathematical Portal ID,Q5,human
P4257,National Museums of Japan e-museum ID,Q838948,work of art
P426,aircraft registration,Q11436,aircraft
P426,aircraft registration,Q1190554,occurrence
P4262,Footoféminin.fr player ID,Q5,human
P4264,LinkedIn company or organization ID,Q1907114,metropolitan area
P4264,LinkedIn company or organization ID,Q10494269,real property
P4264,LinkedIn company or organization ID,Q1076486,sports venue
P4264,LinkedIn company or organization ID,Q35127,website
P4264,LinkedIn company or organization ID,Q431289,brand
P4264,LinkedIn company or organization ID,Q43229,organization
P4264,LinkedIn company or organization ID,Q7406919,service
P4265,Reddit username,Q5,human
P4265,Reddit username,Q43229,organization
P4265,Reddit username,Q95074,character
P4266,Bavarian geotope ID,Q372363,geotope
P427,taxonomic type,Q16521,taxon
P4273,New York City Landmarks Preservation Commission ID,Q618123,geographical feature
P4274,Tunisian geographic code,Q7631079,administrative territorial entity of Tunisia
P4276,Cinémathèque québécoise work ID,Q386724,work
P4277,Daum movie ID,Q11424,film
P4277,Daum movie ID,Q24856,film series
P4279,Czech hydrological order number,Q355304,watercourse
P428,botanist author abbreviation,Q5,human
P4282,LUMIERE film ID,Q11424,film
P4282,LUMIERE film ID,Q15416,television program
P4284,Nominis given name ID,Q202444,given name
P4286,Nominis saint ID,Q5,human
P4286,Nominis saint ID,Q13002315,legendary figure
P4286,Nominis saint ID,Q1509831,"titles of Mary, mother of Jesus"
P4288,UK National Fruit Collection ID,Q4886,cultivar
P429,dantai code,Q137773,ward of Japan
P4295,readership,Q1002697,periodical
P4296,stellar rotational velocity,Q523,star
P4301,PfaF ID,Q16521,taxon
P4304,FOIH materials ID,Q214609,material
P4305,FOIH styles and cultures ID,Q11042,culture
P4306,FOIH periods ID,Q26907166,temporal entity
P4307,FOIH heritage types ID,Q271669,landform
P4307,FOIH heritage types ID,Q811979,architectural structure
P4308,FOIH value types ID,Q878143,value
P4309,FOIH event types ID,Q1190554,occurrence
P4309,FOIH event types ID,Q1799072,method
P4310,FOIH decree types ID,Q2571972,decree
P4311,FOIH taxon ID,Q16521,taxon
P4313,Museum of Brittany collections ID,Q223557,physical object
P4313,Museum of Brittany collections ID,Q386724,work
P4314,SpeedskatingResults.com speed skater ID,Q5,human
P4315,SwimSwam swimmer ID,Q5,human
P4316,kinship equivalent in SPARQL at Wikidata,Q171318,kinship
P4317,GARD rare disease ID,Q151885,concept
P432,callsign of airline,Q46970,airline
P4326,BFI person or organization ID,Q43229,organization
P4326,BFI person or organization ID,Q5,human
P4328,Brueckenweb ID,Q12280,bridge
P4329,category populated by,Q4167836,Wikimedia category
P433,issue,Q386724,work
P4331,Department of Education and Skills roll number,Q2385804,educational institution
P4334,Heritage Conservation District of Ontario ID,Q18247357,group of structures or buildings
P4334,Heritage Conservation District of Ontario ID,Q618123,geographical feature
P4336,Lloyd's Register Ship ID,Q1229765,watercraft
P434,MusicBrainz artist ID,Q215627,person
P434,MusicBrainz artist ID,Q95074,character
P434,MusicBrainz artist ID,Q2088357,musical ensemble
P434,MusicBrainz artist ID,Q431289,brand
P4344,QEdu ID,Q2385804,educational institution
P4345,director of archaeological fieldwork,Q19860854,destroyed building or structure
P4345,director of archaeological fieldwork,Q1141225,kofun
P4345,director of archaeological fieldwork,Q839954,archaeological site
P4345,director of archaeological fieldwork,Q959782,archaeological excavation
P4347,Florida Sports Hall of Fame athlete ID,Q5,human
P4348,Lotsawa House Tibetan author ID,Q5,human
P435,MusicBrainz work ID,Q1777205,Jewish prayer
P435,MusicBrainz work ID,Q201022,folk dance
P435,MusicBrainz work ID,Q134556,single
P435,MusicBrainz work ID,Q17489659,group of works
P435,MusicBrainz work ID,Q21191270,television series episode
P435,MusicBrainz work ID,Q2635894,radio drama
P435,MusicBrainz work ID,Q421744,act
P435,MusicBrainz work ID,Q47461344,written work
P435,MusicBrainz work ID,Q58483088,choreographic work
P435,MusicBrainz work ID,Q603773,lecture
P435,MusicBrainz work ID,Q861911,oration
P435,MusicBrainz work ID,Q929848,movement
P4351,Cravo Albin artist ID,Q215380,musical group
P4351,Cravo Albin artist ID,Q34379,musical instrument
P4351,Cravo Albin artist ID,Q5,human
P4352,BillionGraves cemetery ID,Q39614,cemetery
P4352,BillionGraves cemetery ID,Q6023295,funerary structure
P4353,nominated by,Q4164871,position
P4353,nominated by,Q5,human
P4354,search formatter URL,Q1030034,GLAM
P4354,search formatter URL,Q1668024,service on Internet
P4354,search formatter URL,Q2352616,catalogue
P4354,search formatter URL,Q7397,software
P4355,PROSITE documentation ID,Q898273,protein domain
P4357,Musikverket person ID,Q5,human
P4358,Dutch lost building register ID,Q811979,architectural structure
P436,MusicBrainz release group ID,Q108346082,release group
P4361,ExecutedToday ID,Q5,human
P4369,Cairn author ID,Q5,human
P437,distribution format,Q386724,work
P4372,iPatrimônio ID,Q618123,geographical feature
P4372,iPatrimônio ID,Q8205328,artificial physical object
P4373,National Trust Collections ID,Q838948,work of art
P4376,Oklahoma Sports Hall of Fame ID (dead link),Q12973014,sports team
P4376,Oklahoma Sports Hall of Fame ID (dead link),Q5,human
P4379,youth wing,Q43229,organization
P4380,Sandrart.net artwork ID,Q17489659,group of works
P4380,Sandrart.net artwork ID,Q8205328,artificial physical object
P4381,Soccerdonna player ID,Q5,human
P4384,DAMIT asteroid ID,Q3863,asteroid
P4387,update method,Q7397,software
P4389,Science Museum people ID,Q43229,organization
P4389,Science Museum people ID,Q5,human
P439,German municipality key,Q19730508,former municipality
P439,German municipality key,Q42744322,urban municipality in Germany
P4397,IPC.infostradasports.com sportsperson ID (archived),Q5,human
P4398,Canada's Sports Hall of Fame athlete ID,Q14073567,sibling duo
P4398,Canada's Sports Hall of Fame athlete ID,Q5,human
P4398,Canada's Sports Hall of Fame athlete ID,Q726,horse
P4398,Canada's Sports Hall of Fame athlete ID,Q847017,sports club
P4399,Itaú Cultural ID,Q838948,work of art
P440,German district key,Q56061,administrative territorial entity
P4401,Museus Brazil ID,Q473972,protected area
P4401,Museus Brazil ID,Q3152824,cultural institution
P4401,Museus Brazil ID,Q4989906,monument
P4404,MusicBrainz recording ID,Q193977,music video
P4404,MusicBrainz recording ID,Q7302866,audio track
P4405,NLBPA ID,Q5,human
P4411,Quora username,Q43229,organization
P4411,Quora username,Q5,human
P4412,Ontario Sports Hall of Fame ID (archived),Q5,human
P4414,New Brunswick Sports Hall of Fame athlete ID,Q12973014,sports team
P4414,New Brunswick Sports Hall of Fame athlete ID,Q5,human
P4418,New Zealand Sports Hall of Fame ID,Q5,human
P4419,Videolectures ID,Q5,human
P442,China division code for Statistics,Q50231,administrative territorial entity of the People's Republic of China
P4423,Portuguese lighthouse ID,Q7321258,beacon
P4424,mandates,Q1151067,rule
P4424,mandates,Q452237,motion
P4426,Y-DNA Haplogroup,Q5,human
P4432,Artists of the World ID,Q5,human
P4433,Indian Foundation for Butterflies ID,Q16521,taxon
P4437,FPB rating,Q3464665,television series season
P4437,FPB rating,Q11424,film
P4437,FPB rating,Q7889,video game
P4438,"BFI Films, TV and people ID",Q5,human
P4438,"BFI Films, TV and people ID",Q95074,character
P4438,"BFI Films, TV and people ID",Q11424,film
P4438,"BFI Films, TV and people ID",Q15416,television program
P4438,"BFI Films, TV and people ID",Q1762059,film production company
P4438,"BFI Films, TV and people ID",Q2088357,musical ensemble
P4438,"BFI Films, TV and people ID",Q24856,film series
P4438,"BFI Films, TV and people ID",Q375336,film studio
P4438,"BFI Films, TV and people ID",Q431289,brand
P4439,MNCARS artist ID,Q5,human
P444,review score,Q17350442,venue
P444,review score,Q1656682,event
P444,review score,Q2424752,product
P444,review score,Q386724,work
P444,review score,Q43229,organization
P444,review score,Q618779,award
P4441,hydraulic head,Q12323,dam
P4441,hydraulic head,Q15911738,hydroelectric power station
P4449,Shirat Nashim person ID,Q215380,musical group
P4449,Shirat Nashim person ID,Q5,human
P4450,HAL author ID,Q5,human
P4452,Thibaudeau classification,Q17451,typeface
P4453,Argentine Senate member ID,Q5,human
P4456,Internet Off-Broadway Database ID (former scheme),Q43229,organization
P4456,Internet Off-Broadway Database ID (former scheme),Q5,human
P4460,Kaitai Struct format gallery ID,Q235557,file format
P4462,Canadian Baseball Hall of Fame inductee ID,Q5,human
P4462,Canadian Baseball Hall of Fame inductee ID,Q13027888,baseball team
P4462,Canadian Baseball Hall of Fame inductee ID,Q623109,sports league
P4464,Rugby League Project player ID,Q5,human
P4465,Ecole des chartes thesis abstract ID,Q1266946,thesis
P447,review score by,Q386724,work
P4471,Rush Parliamentary Archive ID,Q5,human
P4472,Czech Jockey Club horse ID,Q726,horse
P4477,Humble Store ID,Q209163,expansion add-on
P4477,Humble Store ID,Q166142,application software
P4477,Humble Store ID,Q7889,video game
P4478,Survey of Scottish Witchcraft - Accused witch ID,Q5,human
P4479,INDUCKS character ID,Q95074,character
P4481,INDUCKS creator ID,Q1107679,animation studio
P4481,INDUCKS creator ID,Q5,human
P4482,INDUCKS publisher ID,Q2085381,publishing house
P4483,INDUCKS story ID,Q386724,work
P4486,Google Play developer ID,Q43229,organization
P4486,Google Play developer ID,Q5,human
P449,original broadcaster,Q1656682,event
P449,original broadcaster,Q386724,work
P4496,NACE code rev.2,Q8187769,economic activity
P450,astronaut mission,Q729,Animalia
P450,astronaut mission,Q95074,character
P4500,family relationship degree,Q171318,kinship
P4507,California Sports Hall of Fame athlete ID,Q5,human
P451,unmarried partner,Q14897293,fictional entity
P451,unmarried partner,Q2239243,mythical creature
P451,unmarried partner,Q729,Animalia
P4510,describes a project that uses,Q49848,document
P4512,Scottish Cemetery Kolkata person ID,Q5,human
P4513,Africultures movie ID,Q11424,film
P4515,Prisma ID,Q1407225,television award
P4515,Prisma ID,Q5,human
P4515,Prisma ID,Q107655869,group of awards
P4515,Prisma ID,Q11424,film
P4515,Prisma ID,Q43229,organization
P4515,Prisma ID,Q5398426,television series
P4517,ctext work ID,Q47461344,written work
P4518,Melon album ID,Q108346082,release group
P4519,payload mass,Q42889,vehicle
P452,industry,Q12737077,occupation
P452,industry,Q43229,organization
P452,industry,Q57305,trade fair
P452,industry,Q732577,publication
P452,industry,Q8187769,economic activity
P452,industry,Q1047113,field of study
P452,industry,Q13226383,facility
P452,industry,Q1412386,fictional brand
P452,industry,Q14623646,fictional organization
P452,industry,Q431289,brand
P4520,SUNCAT ID,Q1002697,periodical
P4521,Radio Radicale person ID,Q5,human
P4524,Survey of Scottish Witchcraft - Person ID,Q5,human
P4525,MuIS object ID,Q386724,work
P4526,ABA bird ID,Q16521,taxon
P4528,NVE Drainage Basin (REGINE) ID,Q166620,drainage basin
P4529,Douban film ID,Q11425,animation
P4529,Douban film ID,Q1464125,web series episode
P4529,Douban film ID,Q2431196,audiovisual work
P4529,Douban film ID,Q3464665,television series season
P4530,Bangladesh administrative division code (pre-2017),Q56061,administrative territorial entity
P4533,Czech street ID,Q12511,stairs
P4533,Czech street ID,Q174782,square
P4533,Czech street ID,Q22698,park
P4533,Czech street ID,Q23442,island
P4533,Czech street ID,Q5084,hamlet
P4533,Czech street ID,Q57743,village green
P4533,Czech street ID,Q628179,trail
P4533,Czech street ID,Q811430,fixed construction
P4533,Czech street ID,Q83620,thoroughfare
P4534,EUTA person ID,Q5,human
P4535,EUTA theatre ID,Q635103,architectural design competition
P4535,EUTA theatre ID,Q811979,architectural structure
P454,Structurae structure ID,Q839954,archaeological site
P454,Structurae structure ID,Q121359,infrastructure
P454,Structurae structure ID,Q811430,fixed construction
P4540,IBTrACS cyclone ID,Q79602,cyclone
P4543,has listed ingredient,Q219239,recipe
P4543,has listed ingredient,Q2424752,product
P4549,ARLIMA ID,Q14897293,fictional entity
P4549,ARLIMA ID,Q179461,religious text
P4549,ARLIMA ID,Q3326717,literary movement
P4549,ARLIMA ID,Q5,human
P4549,ARLIMA ID,Q109551565,sub-set of literature
P4549,ARLIMA ID,Q1697305,narrative motif
P4549,ARLIMA ID,Q2239243,mythical creature
P4549,ARLIMA ID,Q240911,mystery play
P4549,ARLIMA ID,Q26256810,topic
P4549,ARLIMA ID,Q34770,language
P4549,ARLIMA ID,Q42109240,stoff
P4549,ARLIMA ID,Q44342,legend
P4549,ARLIMA ID,Q47461344,written work
P455,Emporis building ID,Q179700,statue
P455,Emporis building ID,Q811979,architectural structure
P4551,Everyone Remembered ID,Q5,human
P4552,mountain range,Q27096213,geographic entity
P4554,ICRC PoW ID,Q5,human
P4558,SNCZI-IPE dam ID,Q12323,dam
P4559,IJF judoka ID,Q5,human
P4560,National Collegiate Basketball Hall of Fame ID,Q26894053,basketball team season
P4560,National Collegiate Basketball Hall of Fame ID,Q5,human
P4563,Art Museum of Estonia artist ID,Q5,human
P4564,Art Museum of Estonia artwork ID,Q838948,work of art
P4566,awarded for period,Q4504495,award ceremony
P4567,BTO five-letter code,Q16521,taxon
P4568,SNCZI-IPE reservoir ID,Q131681,reservoir
P4569,BPH journal ID,Q1700470,monograph series
P4569,BPH journal ID,Q5633421,scientific journal
P4569,BPH journal ID,Q737498,academic journal
P4572,SS KL Auschwitz Garrison ID,Q5,human
P4575,HTML entity,Q3241972,character
P4576,Tidal artist ID,Q5,human
P4576,Tidal artist ID,Q95074,character
P4576,Tidal artist ID,Q196600,media franchise
P4576,Tidal artist ID,Q2088357,musical ensemble
P4576,Tidal artist ID,Q431289,brand
P4577,Tidal album ID,Q108346082,release group
P4578,Tidal track ID,Q7302866,audio track
P458,IMO ship number,Q1229765,watercraft
P458,IMO ship number,Q4508,navy
P458,IMO ship number,Q4830453,business
P4580,Berlinische Galerie artist ID,Q5,human
P4581,Städel Museum artist ID,Q5,human
P4582,Kulturelles Erbe Köln object ID,Q386724,work
P4584,first appearance,Q729,Animalia
P4584,first appearance,Q14897293,fictional entity
P4584,first appearance,Q1190554,occurrence
P4584,first appearance,Q16686448,artificial object
P4584,first appearance,Q24334685,mythical entity
P4586,type foundry,Q17451,typeface
P4586,type foundry,Q58481926,typeface family
P4591,National Inventory of Canadian Military Memorials ID,Q618123,geographical feature
P4591,National Inventory of Canadian Military Memorials ID,Q8205328,artificial physical object
P4594,arXiv author ID,Q5,human
P4596,NIOSH Numbered Publication ID,Q732577,publication
P4600,polymer of,Q81163,polymer
P4602,date of burial or cremation,Q95074,character
P4602,date of burial or cremation,Q3409626,human head
P4602,date of burial or cremation,Q729,Animalia
P4604,World Rugby Hall of Fame inductee ID,Q14645593,rugby union team
P4604,World Rugby Hall of Fame inductee ID,Q5,human
P4608,scenographer,Q29023906,temporary exhibition
P4608,scenographer,Q11424,film
P4608,scenographer,Q15416,television program
P4608,scenographer,Q43099500,performing arts production
P4610,ARTIC artwork ID,Q488383,object
P4611,LACMA ID,Q488383,object
P4616,UniProt journal ID,Q1002697,periodical
P4616,UniProt journal ID,Q277759,book series
P4618,AUSNUT 2011–13 Food Group ID,Q2095,food
P4622,trophy awarded,Q1656682,event
P4622,trophy awarded,Q618779,award
P4625,"Museum of Fine Arts, Boston object ID",Q488383,object
P4627,EK number,Q838948,work of art
P4629,Online Books Page author ID,Q5,human
P4629,Online Books Page author ID,Q113627911,sobriquet
P4629,Online Books Page author ID,Q43229,organization
P463,member of,Q14897293,fictional entity
P463,member of,Q215627,person
P463,member of,Q183366,territory
P463,member of,Q214339,role
P463,member of,Q3147836,political identity
P463,member of,Q43229,organization
P463,member of,Q4835091,territory
P463,member of,Q49848,document
P4630,DORIS ID,Q16521,taxon
P4632,Bechdel Test Movie List ID,Q2431196,audiovisual work
P4633,name of the character role,Q204854,première
P4633,name of the character role,Q7777570,theatrical production
P4634,premiere type,Q43099500,performing arts production
P4636,Sherpa Juliet ID,Q2000006,open access policy
P4639,Estonian Football Association team ID,Q476028,association football club
P4639,Estonian Football Association team ID,Q103229495,men's association football team
P4639,Estonian Football Association team ID,Q28140340,women's association football team
P4641,Welsh Chapels ID,Q811430,fixed construction
P4643,Philadelphia Museum of Art work ID,Q838948,work of art
P4644,ESCO skill ID,Q205961,skill
P4644,ESCO skill ID,Q17376908,languoid
P4644,ESCO skill ID,Q17625380,hierarchical classification
P4645,RCR number,Q166118,archives
P4645,RCR number,Q7075,library
P4646,representation of,Q35140,performance
P4646,representation of,Q742421,theatre company
P4647,location of first performance,Q386724,work
P465,sRGB color hex triplet,Q1067164,transport service itinerary
P465,sRGB color hex triplet,Q1075,color
P465,sRGB color hex triplet,Q14660,flag
P465,sRGB color hex triplet,Q43229,organization
P465,sRGB color hex triplet,Q728937,railway line
P4652,ESCO Occupation ID,Q4164871,position
P4652,ESCO Occupation ID,Q702269,professional
P4654,partition type identifier,Q174989,file system
P4655,Flathub ID,Q7397,software
P4657,The Numbers person ID,Q215380,musical group
P4657,The Numbers person ID,Q5,human
P4658,Coflein ID,Q839954,archaeological site
P4658,Coflein ID,Q27096235,artificial geographic entity
P4658,Coflein ID,Q811430,fixed construction
P4659,Musée d'Orsay artwork ID,Q838948,work of art
P466,occupant,Q3895768,fictional location
P466,occupant,Q13226383,facility
P466,occupant,Q18247357,group of structures or buildings
P466,occupant,Q39546,physical tool
P466,occupant,Q58778,system
P466,occupant,Q82794,region
P4661,reservoir created,Q12323,dam
P4661,reservoir created,Q15911738,hydroelectric power station
P4662,SAN archive conservator ID,Q43229,organization
P4665,CineMagia title ID,Q11424,film
P4665,CineMagia title ID,Q15416,television program
P4666,CineMagia person ID,Q26401003,individual animal
P4669,tabular software version,Q7397,software
P467,legislated by,Q1151067,rule
P467,legislated by,Q2751586,resolution
P467,legislated by,Q3150005,legal instrument
P467,legislated by,Q686822,bill
P467,legislated by,Q699907,capitulary
P467,legislated by,Q740464,legal act
P4670,Sjukvårdsrådgivningen Category ID,Q12136,disease
P4671,Hall of Light ID,Q7397,software
P4672,Early Modern Letters Online location ID,Q25404640,spatial object
P4672,Early Modern Letters Online location ID,Q4130,orbit
P4672,Early Modern Letters Online location ID,Q13196193,part
P4672,Early Modern Letters Online location ID,Q188193,organ system
P4672,Early Modern Letters Online location ID,Q4936952,anatomical structure
P4672,Early Modern Letters Online location ID,Q988108,club
P4673,"Museum of Fine Arts, Houston object ID",Q838948,work of art
P4674,Indianapolis Museum of Art artwork ID,Q838948,work of art
P4675,appears in the form of,Q14897293,fictional entity
P4675,appears in the form of,Q24334685,mythical entity
P4676,MAVISE TV channel ID,Q1254874,television network
P4678,MAVISE competent authority ID,Q178706,institution
P4678,MAVISE competent authority ID,Q327333,government agency
P4679,MAVISE company ID,Q783794,company
P468,dan/kyu rank,Q215627,person
P4680,constraint scope,Q18616576,Wikidata property
P4681,Eldoblaje dub actor ID,Q5,human
P4682,Eldoblaje original actor ID,Q5,human
P4683,National Gallery of Art artwork ID,Q838948,work of art
P4684,National Gallery of Victoria artwork ID,Q838948,work of art
P4685,Nintendo of America Game Store ID (former scheme),Q116779426,group of video games often treated as a singular game
P4685,Nintendo of America Game Store ID (former scheme),Q11410,game
P4685,Nintendo of America Game Store ID (former scheme),Q166142,application software
P4686,Carnegie Museum of Art artwork ID,Q838948,work of art
P4687,Dictionnaire des peintres belges ID,Q5,human
P4688,geomorphological unit,Q618123,geographical feature
P4689,EELIS object register code,Q618123,geographical feature
P469,lake on watercourse,Q355304,watercourse
P469,lake on watercourse,Q16338046,fictional river
P4691,OpenSecrets organization ID,Q43229,organization
P4692,American Art Collaborative object ID,Q838948,work of art
P4694,Arquivo Arq ID,Q41176,building
P4694,Arquivo Arq ID,Q5,human
P47,shares border with,Q27096213,geographic entity
P47,shares border with,Q8928,constellation
P47,shares border with,Q3895768,fictional location
P470,Eight Banner register,Q5,human
P4700,Cairn publication ID,Q20655472,editorial collection
P4700,Cairn publication ID,Q41298,magazine
P4700,Cairn publication ID,Q591041,scientific publication
P4701,Google Arts & Culture asset ID,Q8205328,artificial physical object
P4701,Google Arts & Culture asset ID,Q838948,work of art
P4702,Google Arts & Culture partner ID,Q43229,organization
P4702,Google Arts & Culture partner ID,Q4835091,territory
P4702,Google Arts & Culture partner ID,Q5,human
P4702,Google Arts & Culture partner ID,Q667276,art exhibition
P4702,Google Arts & Culture partner ID,Q811430,fixed construction
P4704,Smithsonian American Art Museum artwork ID,Q838948,work of art
P4705,ZXDB ID,Q416,disk magazine
P4705,ZXDB ID,Q40056,computer program
P4705,ZXDB ID,Q7889,video game
P4706,Ent'revues ID,Q5633421,scientific journal
P4708,VOGRIPA ID,Q1161185,volcanic island
P4708,VOGRIPA ID,Q46831,mountain range
P4708,VOGRIPA ID,Q8502,mountain
P4709,Barnes Foundation ID,Q838948,work of art
P4710,Guardiana ID,Q7889,video game
P4712,Minneapolis Institute of Art artwork ID,Q838948,work of art
P4713,Walters Art Museum artwork ID,Q838948,work of art
P4721,MuBE Virtual ID (archived),Q4989906,monument
P4721,MuBE Virtual ID (archived),Q860861,sculpture
P4722,Érudit journal ID,Q685935,trade magazine
P4723,GSMArena phone ID,Q17517,mobile phone
P4723,GSMArena phone ID,Q155972,tablet computer
P4723,GSMArena phone ID,Q5362345,smartwatch
P4725,C-SPAN organization ID,Q43229,organization
P4725,C-SPAN organization ID,Q56061,administrative territorial entity
P4726,Sign@l journal ID,Q685935,trade magazine
P4727,Deutsche Synchronkartei dubbing voice actor ID,Q5,human
P4728,uBio ID,Q16521,taxon
P473,local dialing code,Q486972,human settlement
P473,local dialing code,Q56061,administrative territorial entity
P4730,Mir@bel journal ID,Q685935,trade magazine
P4736,IBM graphic character global ID,Q3241972,character
P4737,Solomon R. Guggenheim Foundation artwork ID,Q838948,work of art
P4738,Yale Center for British Art artwork ID,Q838948,work of art
P4739,Musée des Augustins artwork ID,Q838948,work of art
P474,telephone country code,Q15239622,disputed territory
P474,telephone country code,Q2577883,occupied territory
P474,telephone country code,Q6256,country
P4740,Brooklyn Museum artwork ID,Q838948,work of art
P4741,OpenEdition journal ID,Q1002697,periodical
P4743,animal breed,Q39201,pet
P4743,animal breed,Q95074,character
P4745,is proceedings from,Q732577,publication
P4747,Line Music artist ID,Q5,human
P4747,Line Music artist ID,Q15632617,fictional human
P4747,Line Music artist ID,Q18127,record label
P4747,Line Music artist ID,Q2088357,musical ensemble
P4748,Line Music album ID,Q108346082,release group
P4750,National Historic Ships ID,Q1229765,watercraft
P4753,Ecocrop ID,Q16521,taxon
P4755,UK railway station code,Q55488,railway station
P4756,V Live channel ID,Q43229,organization
P4756,V Live channel ID,Q5,human
P476,CELEX number,Q2334719,legal case
P476,CELEX number,Q131569,treaty
P476,CELEX number,Q3629172,Legal Act of the European Union
P4760,LTI Korea Library writer ID,Q5,human
P4761,Images d'Art artwork ID,Q838948,work of art
P4763,crates.io ID,Q7397,software
P4764,Base Arcade artwork ID,Q838948,work of art
P4765,Commons compatible image available at URL,Q838948,work of art
P4766,Australian honours ID,Q5,human
P4768,cinematografo.it name or company ID,Q43229,organization
P4768,cinematografo.it name or company ID,Q5,human
P4769,GameFAQs game ID,Q209163,expansion add-on
P4769,GameFAQs game ID,Q166142,application software
P4769,GameFAQs game ID,Q312466,utility software
P4769,GameFAQs game ID,Q7889,video game
P477,Canadian Register of Historic Places ID,Q618123,geographical feature
P477,Canadian Register of Historic Places ID,Q8205328,artificial physical object
P4773,MobyGames company ID (former scheme),Q431289,brand
P4773,MobyGames company ID (former scheme),Q43229,organization
P4774,biological phase,Q4936952,anatomical structure
P4774,biological phase,Q2996394,biological process
P4774,biological phase,Q639907,medical finding
P4776,MAC Address Block Large ID,Q43229,organization
P4779,MYmovies actor ID (former scheme),Q5,human
P4780,MYmovies audiovisual work ID,Q11424,film
P4780,MYmovies audiovisual work ID,Q3464665,television series season
P4780,MYmovies audiovisual work ID,Q5398426,television series
P4781,MYmovies director ID (former scheme),Q5,human
P4783,Movieplayer film ID,Q11424,film
P4783,Movieplayer film ID,Q1259759,miniseries
P4784,Movieplayer TV-series ID,Q526877,web series
P4784,Movieplayer TV-series ID,Q3464665,television series season
P4784,Movieplayer TV-series ID,Q5398426,television series
P4786,cinematografo.it film ID,Q11424,film
P4786,cinematografo.it film ID,Q5398426,television series
P4788,storage device,Q1183543,appliance
P479,input device,Q7058673,video game series
P479,input device,Q1668024,service on Internet
P479,input device,Q2858615,electronic device
P479,input device,Q42889,vehicle
P479,input device,Q7397,software
P4791,commanded by,Q17149090,armed organization
P4791,commanded by,Q18691599,military installation
P4791,commanded by,Q2401485,expedition
P4791,commanded by,Q42889,vehicle
P4791,commanded by,Q645883,military operation
P4792,dam,Q355304,watercourse
P4793,identifiers.org prefix,Q18616576,Wikidata property
P4798,BTO Birds of Britain ID,Q16521,taxon
P480,FilmAffinity film ID,Q15709880,serial
P480,FilmAffinity film ID,Q11424,film
P480,FilmAffinity film ID,Q24856,film series
P4800,EUAP ID,Q473972,protected area
P4804,Compagnon de la Libération ID,Q5,human
P4805,make-up artist,Q386724,work
P4806,Gaming-History ID,Q312466,utility software
P4806,Gaming-History ID,Q653928,pinball machine game
P4806,Gaming-History ID,Q68,computer
P4806,Gaming-History ID,Q7889,video game
P4807,Fauna Europaea New ID,Q16521,taxon
P4809,sets environment variable,Q7397,software
P481,Palissy ID,Q16887380,group
P481,Palissy ID,Q8205328,artificial physical object
P4810,reads environment variable,Q7397,software
P4811,BWSA ID,Q5,human
P4813,PARES ID,Q1622925,court appointment
P4813,PARES ID,Q178561,battle
P4813,PARES ID,Q178706,institution
P4813,PARES ID,Q1639378,social system
P4813,PARES ID,Q2738074,political movement
P4813,PARES ID,Q486972,human settlement
P4813,PARES ID,Q7257,ideology
P4813,PARES ID,Q223557,physical object
P4814,Inventories of American Painting and Sculpture control number,Q3305213,painting
P4814,Inventories of American Painting and Sculpture control number,Q860861,sculpture
P4816,Lemon 64 ID,Q312466,utility software
P4816,Lemon 64 ID,Q7889,video game
P4821,Cour des comptes magistrate ID,Q5,human
P4824,org-id.guide ID,Q2352616,catalogue
P4827,Swimrankings.net meet ID,Q1656682,event
P4829,Swiss Enterprise Identification Number,Q43229,organization
P483,recorded at studio or venue,Q108346082,release group
P483,recorded at studio or venue,Q106833,audiobook
P483,recorded at studio or venue,Q7302866,audio track
P4830,SvFF national player ID (archived),Q5,human
P4831,Bandysidan player ID,Q5,human
P4833,Sailboatdata ID,Q1075310,sailboat
P4833,Sailboatdata ID,Q5,human
P4834,Deutsche Synchronkartei series ID,Q15416,television program
P4835,TheTVDB series ID,Q97352645,series of animated works
P4835,TheTVDB series ID,Q107655869,group of awards
P4835,TheTVDB series ID,Q15416,television program
P4835,TheTVDB series ID,Q5398426,television series
P4837,has command line option,Q7397,software
P4838,CATO ID,Q486972,human settlement
P4838,CATO ID,Q56061,administrative territorial entity
P4840,Directory of Czech publishers ID,Q2085381,publishing house
P4841,total fertility rate,Q15642541,human-geographic territorial entity
P4842,ASHRAE refrigerant number,Q169336,mixture
P4843,development of anatomical structure,Q4936952,anatomical structure
P4844,research intervention,Q1003030,test
P4844,research intervention,Q8054,protein
P4846,Lemon Amiga ID,Q7889,video game
P4847,CPC-Power ID,Q535741,tutorial
P4847,CPC-Power ID,Q7397,software
P4848,Libraries.org ID,Q1030034,GLAM
P4848,Libraries.org ID,Q7075,library
P4849,International Numbering System number,Q189567,food additive
P4850,permitted food additive,Q2095,food
P4853,JMPR database ID,Q131656,pesticide
P4856,conscription number,Q811979,architectural structure
P4857,AtariAge ID,Q7889,video game
P4858,Atari Legend ID,Q7889,video game
P4859,Atarimania ID,Q7889,video game
P4860,BMI work ID,Q207628,composed musical work
P4861,Charity Navigator ID (obsolete),Q163740,nonprofit organization
P4862,Amazon author ID,Q5,human
P4862,Amazon author ID,Q61002,pseudonym
P4863,recognition sequence,Q219715,restriction enzyme
P4864,cutting site of restriction enzyme,Q219715,restriction enzyme
P4866,REBASE Enzyme Number,Q219715,restriction enzyme
P4869,Operabase ID,Q5,human
P4871,GEPRIS organization ID,Q43229,organization
P4873,isoschizomer,Q219715,restriction enzyme
P4875,neoschizomer,Q219715,restriction enzyme
P4876,number of records,Q15633582,MediaWiki wiki
P4876,number of records,Q1172284,data set
P4876,number of records,Q1469824,controlled vocabulary
P4876,number of records,Q23622,dictionary
P4876,number of records,Q5292,encyclopedia
P4876,number of records,Q80793969,ranked list
P488,chairperson,Q56061,administrative territorial entity
P488,chairperson,Q14623646,fictional organization
P488,chairperson,Q1656682,event
P488,chairperson,Q171,wiki
P488,chairperson,Q43229,organization
P4881,Maison d'écrivain ID,Q33506,museum
P4882,segmental innervation,Q712378,organ
P4884,court,Q2334719,legal case
P4884,court,Q8016240,trial
P4889,MuIS person or group ID,Q33506,museum
P4889,MuIS person or group ID,Q5,human
P489,currency sign,Q11639620,monetary subunit
P489,currency sign,Q8142,currency
P4891,Patrons de France ID,Q5,human
P4894,ACE Repertory work ID,Q207628,composed musical work
P4897,AICTE institute application ID,Q43229,organization
P4898,Chronicling America newspaper ID,Q11032,newspaper
P4899,Brooklyn Museum Exhibition ID,Q464980,exhibition
P490,provisional designation,Q6999,astronomical object
P4902,CONABIO ID,Q16521,taxon
P4905,KMSKA artwork PID,Q386724,work
P4907,Guide Nicaise ID,Q43229,organization
P4908,season,Q1464125,web series episode
P4908,season,Q1261214,television special
P4908,season,Q21191270,television series episode
P4908,season,Q29555881,segment of a television episode
P4908,season,Q506240,television film
P491,orbit diagram,Q2133344,space mission
P491,orbit diagram,Q40218,spacecraft
P491,orbit diagram,Q6999,astronomical object
P4910,AlloCiné company ID,Q4830453,business
P4911,Annuaire des fondations ID,Q43229,organization
P4913,dialect of,Q3329375,language variety
P4913,dialect of,Q1208380,dialect group
P4913,dialect of,Q215844,dialect continuum
P4914,produces cohesive end,Q219715,restriction enzyme
P4915,isocaudomer,Q219715,restriction enzyme
P4916,Ready64 ID,Q312466,utility software
P4916,Ready64 ID,Q7889,video game
P4917,Gamebase64 ID,Q312466,utility software
P4917,Gamebase64 ID,Q7889,video game
P4919,Plus/4 World ID,Q7889,video game
P492,OMIM ID,Q7187,gene
P492,OMIM ID,Q7189713,physiological condition
P4921,Snooker.org tournament ID,Q17299750,snooker tournament
P4924,CueTracker tournament ID,Q17299750,snooker tournament
P4926,PRotein Ontology ID,Q8054,protein
P4927,Invaluable.com person ID,Q43229,organization
P4927,Invaluable.com person ID,Q5,human
P4928,Ricorso author ID,Q5,human
P4929,AINM ID,Q5,human
P493,ICD-9 ID,Q7189713,physiological condition
P4931,Todotango.com person ID,Q5,human
P4932,Todotango.com work ID,Q114586269,lyrico-musical work
P4933,Big Cartoon Database ID (archived),Q11424,film
P4933,Big Cartoon Database ID (archived),Q15416,television program
P4934,calculated from,Q246672,mathematical object
P4935,Small Monuments of Plzeň Catalogue ID,Q5,human
P4935,Small Monuments of Plzeň Catalogue ID,Q8205328,artificial physical object
P494,ICD-10 ID,Q7189713,physiological condition
P4942,Societe.com director ID,Q5,human
P4945,download URL,Q386724,work
P4945,download URL,Q49848,document
P4947,TMDB movie ID,Q1047299,original net animation
P4947,TMDB movie ID,Q11424,film
P4947,TMDB movie ID,Q15416,television program
P4947,TMDB movie ID,Q24856,film series
P495,country of origin,Q187931,phrase
P495,country of origin,Q223557,physical object
P495,country of origin,Q2531956,ethnic minority group
P495,country of origin,Q264965,subculture
P495,country of origin,Q321839,agreement
P495,country of origin,Q3241972,character
P495,country of origin,Q349,sport
P495,country of origin,Q384748,dance move
P495,country of origin,Q66661745,group of artificial physical objects
P495,country of origin,Q7257,ideology
P495,country of origin,Q8187769,economic activity
P495,country of origin,Q1039303,food preparation technique
P495,country of origin,Q1445650,holiday
P495,country of origin,Q14897293,fictional entity
P495,country of origin,Q16510064,sporting event
P495,country of origin,Q16686448,artificial object
P495,country of origin,Q17376908,languoid
P495,country of origin,Q1813494,teaching method
P495,country of origin,Q1826286,religious movement
P495,country of origin,Q1969448,term
P495,country of origin,Q20203727,mythical object
P495,country of origin,Q2198855,cultural movement
P495,country of origin,Q2239243,mythical creature
P495,country of origin,Q2401485,expedition
P495,country of origin,Q2424752,product
P495,country of origin,Q59544,intangible cultural heritage
P495,country of origin,Q82821,tradition
P4951,INCI name,Q79529,chemical substance
P4952,safety classification and labelling,Q169336,mixture
P4956,BDH edition ID,Q87167,manuscript
P4959,paris.fr lieux ID,Q618123,geographical feature
P496,ORCID iD,Q5,human
P4960,Generation MSX software ID,Q7889,video game
P4961,Sega8bit.com ID,Q7889,video game
P4962,Abandonia ID,Q7889,video game
P4965,Behind The Voice Actors video game ID,Q116741534,group of video games
P4965,Behind The Voice Actors video game ID,Q7889,video game
P4968,relevant qualification,Q12737077,occupation
P4969,derivative work,Q95074,character
P4969,derivative work,Q16686448,artificial object
P4969,derivative work,Q18706315,hypothetical entity
P497,CBDB ID,Q215627,person
P4971,UK Provider Reference Number,Q43229,organization
P4976,Scottish Rugby Union women's player ID,Q5,human
P4977,IDA place ID,Q2221906,geographic location
P498,ISO 4217 code,Q8142,currency
P4981,Kinoliste ID,Q41253,movie theater
P4983,TMDB TV series ID,Q1047299,original net animation
P4983,TMDB TV series ID,Q107655869,group of awards
P4983,TMDB TV series ID,Q113687694,original video animation series
P4983,TMDB TV series ID,Q15416,television program
P4983,TMDB TV series ID,Q24856,film series
P4983,TMDB TV series ID,Q526877,web series
P4983,TMDB TV series ID,Q5398426,television series
P4985,TMDB person ID,Q26401003,individual animal
P4985,TMDB person ID,Q95074,character
P4985,TMDB person ID,Q21070568,human whose existence is disputed
P4985,TMDB person ID,Q55155641,VTuber
P4986,Routard.com place ID,Q618123,geographical feature
P4988,test method,Q309314,quantity
P4989,RKDlibrary ID,Q47461344,written work
P4991,Biographical Dictionary of Georgia ID,Q5,human
P4992,DBA ID,Q5,human
P4992,DBA ID,Q8436,family
P4994,ruchess ID,Q5,human
P50,author,Q49848,document
P50,author,Q386724,work
P50,author,Q628523,message
P50,author,Q74574,fictional book
P500,exclave of,Q933394,exclave
P5003,Amphibians of India ID,Q16521,taxon
P5004,in opposition to,Q130260549,demonstration or protest
P5004,in opposition to,Q5,human
P5004,in opposition to,Q1151067,rule
P5004,in opposition to,Q124734,rebellion
P5004,in opposition to,Q14623646,fictional organization
P5004,in opposition to,Q3059502,critique
P5004,in opposition to,Q422695,awareness day
P5004,in opposition to,Q43229,organization
P5004,in opposition to,Q49773,social movement
P5004,in opposition to,Q6056746,campaign
P5004,in opposition to,Q697279,petition
P5006,DNV Vessel register ID,Q1229765,watercraft
P501,enclave within,Q171441,enclave
P5010,Territographie ID,Q1370598,structure of worship
P5011,Prazdne Domy building ID,Q811979,architectural structure
P5015,Digital Typhoon typhoon ID,Q79602,cyclone
P5016,Digital Typhoon cyclone ID,Q79602,cyclone
P502,HURDAT ID,Q79602,cyclone
P5021,assessment,Q5,human
P5021,assessment,Q386724,work
P5023,activity policy in this place,Q1067164,transport service itinerary
P5023,activity policy in this place,Q13226383,facility
P5023,activity policy in this place,Q473972,protected area
P5024,choral conductor,Q35140,performance
P5024,choral conductor,Q43099500,performing arts production
P5024,choral conductor,Q482994,album
P5024,choral conductor,Q7302866,audio track
P5026,lighting designer,Q11424,film
P5026,lighting designer,Q35140,performance
P5026,lighting designer,Q43099500,performing arts production
P5026,lighting designer,Q5398426,television series
P5027,number of representations,Q7315424,concert residency
P5027,number of representations,Q43099500,performing arts production
P5028,sound designer,Q2431196,audiovisual work
P5028,sound designer,Q2635894,radio drama
P5028,sound designer,Q43099500,performing arts production
P5028,sound designer,Q43100730,series of performances
P503,ISO standard,Q15087423,ISO standard
P5030,talk show guest,Q3464665,television series season
P5030,talk show guest,Q1555508,radio program
P5030,talk show guest,Q21191270,television series episode
P5031,Animated Knots ID,Q527395,knot
P5032,Filmweb.pl film ID,Q5398426,television series
P5032,Filmweb.pl film ID,Q11424,film
P5032,Filmweb.pl film ID,Q24856,film series
P5032,Filmweb.pl film ID,Q526877,web series
P5035,Lambiek Comiclopedia artist ID,Q5,human
P5035,Lambiek Comiclopedia artist ID,Q10648343,duo
P5035,Lambiek Comiclopedia artist ID,Q1400264,artist collective
P5035,Lambiek Comiclopedia artist ID,Q16017119,collective pseudonym
P5036,AmphibiaWeb Species ID,Q16521,taxon
P504,shipping port,Q1229765,watercraft
P504,shipping port,Q176799,military unit
P5043,number of abstentions,Q189760,voting
P5043,number of abstentions,Q51591359,voting result
P5044,number of spoilt votes,Q189760,voting
P5044,number of spoilt votes,Q51591359,voting result
P5045,number of blank votes,Q189760,voting
P5045,number of blank votes,Q51591359,voting result
P5046,International Classification for Standards,Q317623,technical standard
P5048,Church of Sweden ID,Q131186,choir
P5048,Church of Sweden ID,Q16970,church building
P5048,Church of Sweden ID,Q4164871,position
P5048,Church of Sweden ID,Q5,human
P5048,Church of Sweden ID,Q615980,parish of the Church of Sweden
P505,general manager,Q12973014,sports team
P505,general manager,Q1539532,sports season of a sports club
P5050,UMAC ID,Q866133,university museum
P5052,supervisory board member,Q43229,organization
P5053,fastest lap,Q22938576,race
P5055,IRMNG ID,Q16521,taxon
P5059,modified version of,Q386724,work
P506,ISO 15924 alpha-4 code,Q2001982,notation
P5061,unit symbol,Q15132612,unit prefix
P5061,unit symbol,Q47574,unit of measurement
P5062,DOAB publisher ID,Q2085381,publishing house
P5066,operating temperature,Q1183543,appliance
P5066,operating temperature,Q214609,material
P5067,non-operating temperature,Q1183543,appliance
P5068,Flanders Arts Institute person ID (former scheme),Q14073567,sibling duo
P5068,Flanders Arts Institute person ID (former scheme),Q5,human
P5069,service life,Q2424752,product
P5070,French standard size for oil paintings,Q3305213,painting
P5072,presented in,Q2431196,audiovisual work
P5079,NVE Lake Database ID,Q23397,lake
P5082,Store medisinske leksikon ID,Q47574,unit of measurement
P5082,Store medisinske leksikon ID,Q11862829,academic discipline
P5082,Store medisinske leksikon ID,Q28845870,biological component
P5082,Store medisinske leksikon ID,Q64732777,biological phenomenon
P5082,Store medisinske leksikon ID,Q6554101,medical device
P5082,Store medisinske leksikon ID,Q7189713,physiological condition
P5082,Store medisinske leksikon ID,Q79529,chemical substance
P5082,Store medisinske leksikon ID,Q796194,medical procedure
P5083,Adult Film Database film ID,Q11424,film
P5086,FIPS 5-2 alpha code (US states),Q35657,U.S. state
P5086,FIPS 5-2 alpha code (US states),Q783733,unincorporated territory of the United States
P509,cause of death,Q14897293,fictional entity
P509,cause of death,Q7239,organism
P5092,ISC event ID,Q7944,earthquake
P5093,road number (Estonia),Q34442,road
P5095,fault,Q7944,earthquake
P5096,member of the crew of,Q5,human
P5096,member of the crew of,Q95074,character
P5097,Logainm ID,Q618123,geographical feature
P5098,IAFD film ID,Q11424,film
P5101,Swedish Literature Bank Author ID,Q215627,person
P5101,Swedish Literature Bank Author ID,Q4830453,business
P5101,Swedish Literature Bank Author ID,Q497893,literary society
P5104,New Zealand Gazetteer place ID,Q618123,geographical feature
P5107,Behind The Voice Actors character ID,Q95074,character
P5109,has grammatical gender,Q17376908,languoid
P511,honorific prefix,Q215627,person
P511,honorific prefix,Q4164871,position
P511,honorific prefix,Q95074,character
P5110,has grammatical person,Q17376908,languoid
P5114,Italian School ID,Q2385804,educational institution
P5114,Italian School ID,Q56177191,comprehensive institute
P5116,LGDB game ID,Q7889,video game
P5117,LGDB emulator ID,Q202871,emulator
P5118,LGDB tool ID,Q7397,software
P5119,LGDB game engine ID,Q193564,game engine
P512,academic degree,Q5,human
P512,academic degree,Q95074,character
P5121,All About Jazz musician ID,Q5,human
P5122,Ontario public library ID,Q28564,public library
P5124,WikiCFP event ID,Q27968055,recurring event edition
P5124,WikiCFP event ID,Q52260246,scientific event
P5126,assistant director,Q5398426,television series
P5126,assistant director,Q11424,film
P5126,assistant director,Q15416,television program
P5126,assistant director,Q43099500,performing arts production
P5127,WikiCFP conference series ID,Q47258130,academic conference series
P5128,ICAA film catalogue ID,Q2431196,audiovisual work
P5131,possible medical findings,Q7189713,physiological condition
P5132,suggests the existence of,Q639907,medical finding
P5133,has evaluation,Q835153,physical examination
P5134,evaluation of,Q639907,medical finding
P5138,season of club or team,Q1539532,sports season of a sports club
P5138,season of club or team,Q46135307,nation at sport competition
P5141,coastline,Q82794,region
P5142,Chinese Political Elites Database ID,Q5,human
P5143,amateur radio callsign,Q455647,amateur radio satellite
P5143,amateur radio callsign,Q455654,amateur radio station
P5143,amateur radio callsign,Q5,human
P5144,Bugs! album ID,Q108346082,release group
P5147,Dictionary of Swedish Translators ID,Q5,human
P5147,Dictionary of Swedish Translators ID,Q378427,literary award
P5147,Dictionary of Swedish Translators ID,Q61002,pseudonym
P5150,IGAC rating,Q11424,film
P5150,IGAC rating,Q7777570,theatrical production
P5152,KAVI rating,Q11424,film
P5152,KAVI rating,Q21191270,television series episode
P5156,Norwegian war sailor register ship-ID,Q11446,ship
P516,powered by,Q4406616,concrete object
P516,powered by,Q7048977,abstract entity
P5162,OnsOranje tournament ID,Q27020041,sports season
P5165,Norsk pop- og rockleksikon ID,Q5,human
P517,interaction,Q1621273,particle
P5170,Norwegian fjord catalog ID,Q45776,fjord
P5171,Rockipedia release ID,Q108346082,release group
P5172,Rockipedia artist ID,Q5,human
P5173,Rockipedia area ID,Q56061,administrative territorial entity
P5174,Rockipedia label ID,Q18127,record label
P5174,Rockipedia label ID,Q4830453,business
P5181,Relationship Science organization ID,Q43229,organization
P5182,JMA Seismic Intensity Database ID,Q7944,earthquake
P5183,Eurohockey.com club ID,Q12973014,sports team
P5183,Eurohockey.com club ID,Q847017,sports club
P5186,conjugation class,Q24905,verb
P5196,output device,Q7397,software
P5197,Melon track ID,Q7302866,audio track
P5199,British Library system number,Q1266946,thesis
P5199,British Library system number,Q1002697,periodical
P5199,British Library system number,Q53731850,individual copy of a book
P5199,British Library system number,Q63872468,individual copy of a map
P5200,eBird hotspot ID,Q618123,geographical feature
P5201,IMDA rating,Q11424,film
P5201,IMDA rating,Q7889,video game
P5202,adapted by,Q386724,work
P5203,topographic map,Q618123,geographical feature
P5204,commercialization date,Q2424752,product
P5205,stroke count,Q29654788,Unicode character
P5206,has conjugation class,Q17376908,languoid
P5207,BAG public space ID,Q355304,watercourse
P5208,BAG building ID,Q1107656,garden
P5208,BAG building ID,Q1444,organ
P5208,BAG building ID,Q22652,urban green space
P5208,BAG building ID,Q28597527,garden ornament
P5208,BAG building ID,Q811430,fixed construction
P5208,BAG building ID,Q839954,archaeological site
P5208,BAG building ID,Q860861,sculpture
P521,scheduled service destination,Q62447,aerodrome
P5210,National Gallery of Armenia work ID,Q838948,work of art
P5213,Armenian Parliamentary ID,Q5,human
P5218,Armenian Cinema ID,Q11424,film
P5218,Armenian Cinema ID,Q5,human
P522,type of orbit,Q40218,spacecraft
P5221,Tree of Life Web Project ID,Q16521,taxon
P5223,Information Center for Israeli Art artwork ID,Q838948,work of art
P5227,Carnegie Hall event ID,Q1656682,event
P5229,Carnegie Hall work ID,Q115473170,group of musical works
P5229,Carnegie Hall work ID,Q17537576,creative work
P5233,Filmow ID,Q11424,film
P5233,Filmow ID,Q3464665,television series season
P5233,Filmow ID,Q5,human
P5233,Filmow ID,Q5398426,television series
P5240,RollDaBeats artist ID,Q5,human
P5241,Songfacts song ID,Q134556,single
P5241,Songfacts song ID,Q7302866,audio track
P5242,ARWU university ID,Q38723,higher education institution
P5245,myschool ID,Q3914,school
P5248,medical evacuation to,Q1190554,occurrence
P5249,sports competition competed at,Q1539532,sports season of a sports club
P5249,sports competition competed at,Q26887428,nation at competition
P5251,Corago opera ID,Q25379,play
P5251,Corago opera ID,Q15079786,ballet
P5251,Corago opera ID,Q17851193,opera cycle
P5253,FilmTv.it movie ID,Q1259759,miniseries
P5253,FilmTv.it movie ID,Q11424,film
P5253,FilmTv.it movie ID,Q24856,film series
P5255,FilmTv.it TV series ID,Q5398426,television series
P5257,BirdLife taxon ID,Q16521,taxon
P5260,App Store developer ID,Q43229,organization
P5260,App Store developer ID,Q5,human
P5261,Les Enfoirés participant ID,Q2088357,musical ensemble
P5261,Les Enfoirés participant ID,Q5,human
P5262,Les Enfoirés song ID (archived),Q114586269,lyrico-musical work
P5263,Czech NDOP taxon ID,Q16521,taxon
P5265,Dordrechts Museum artwork ID,Q838948,work of art
P5267,YouPorn performer ID (archived),Q5,human
P5268,MNAV work ID,Q838948,work of art
P5269,Web umenia work ID,Q838948,work of art
P5270,Mondo ID,Q12136,disease
P5273,Nelson-Atkins Museum of Art person ID,Q5,human
P5273,Nelson-Atkins Museum of Art person ID,Q4830453,business
P5273,Nelson-Atkins Museum of Art person ID,Q83405,factory
P5278,surname for other gender,Q4116295,surname
P5284,Douban movie celebrity ID,Q26401003,individual animal
P5284,Douban movie celebrity ID,Q13473501,collective
P5284,Douban movie celebrity ID,Q215380,musical group
P5285,Firmenbuchnummer,Q43229,organization
P5286,Portable Game Notation,Q103632,chess opening
P5286,Portable Game Notation,Q2683596,chess game
P5287,Songfacts artist ID,Q5,human
P5287,Songfacts artist ID,Q2088357,musical ensemble
P5287,Songfacts artist ID,Q95074,character
P5288,StadiumDB ID,Q1076486,sports venue
P5289,World Stadium Database ID,Q1076486,sports venue
P529,runway,Q62447,aerodrome
P5290,Redump.org ID,Q7889,video game
P5291,Taratata artist ID,Q2088357,musical ensemble
P5291,Taratata artist ID,Q5,human
P5293,Akout ID,Q215380,musical group
P5293,Akout ID,Q5,human
P5294,Church of Norway building ID,Q16970,church building
P5295,Lafonoteca artist ID,Q5,human
P5295,Lafonoteca artist ID,Q2088357,musical ensemble
P5295,Lafonoteca artist ID,Q61002,pseudonym
P5295,Lafonoteca artist ID,Q7247847,production team
P5295,Lafonoteca artist ID,Q95074,character
P5296,Party Number (Taiwan),Q7278,political party
P5297,Companies House officer ID,Q5,human
P5298,Webb-site person ID,Q5,human
P5299,AntWeb ID,Q16521,taxon
P53,family,Q14897293,fictional entity
P53,family,Q5,human
P53,family,Q4116295,surname
P530,diplomatic relation,Q484652,international organization
P530,diplomatic relation,Q3024240,historical country
P530,diplomatic relation,Q7275,state
P5300,Webb-site organization ID,Q43229,organization
P5300,Webb-site organization ID,Q618779,award
P5301,France Culture person ID (DEPRECATED),Q5,human
P5301,France Culture person ID (DEPRECATED),Q95074,character
P5304,type locality (biology),Q16521,taxon
P5306,LONSEA ID,Q5,human
P5307,display technology,Q1183543,appliance
P531,diplomatic mission sent,Q5,human
P531,diplomatic mission sent,Q15221623,bilateral relation
P5310,Protected Buildings Register in Finland ID,Q811979,architectural structure
P5311,Kino-teatr.ua film ID,Q11424,film
P5311,Kino-teatr.ua film ID,Q15416,television program
P5313,Protected Buildings Register in Finland Building ID,Q811979,architectural structure
P5314,property scope,Q18616576,Wikidata property
P5316,Swedish Signaturer.se ID,Q4830453,business
P5316,Swedish Signaturer.se ID,Q5,human
P5318,César Award film ID,Q11424,film
P532,port of registry,Q1229765,watercraft
P5321,Museo del Prado artist ID,Q5,human
P5325,Swedish Academy member ID,Q5,human
P5327,fernsehserien.de ID,Q43229,organization
P5327,fernsehserien.de ID,Q5,human
P5327,fernsehserien.de ID,Q11424,film
P5327,fernsehserien.de ID,Q15416,television program
P5327,fernsehserien.de ID,Q7725310,series of creative works
P5328,revival or touring version of,Q43099500,performing arts production
P5329,ARMB member ID,Q5,human
P533,target,Q16887380,group
P533,target,Q1456832,violation of law
P533,target,Q191797,aggression
P533,target,Q194465,annexation
P533,target,Q645883,military operation
P533,target,Q693026,smear campaign
P5331,OCLC work ID (obsolete),Q386724,work
P5332,OpenDOAR ID,Q7096323,open-access repository
P5338,SilentEra.com film ID,Q11424,film
P534,streak color,Q7946,mineral
P5345,PC Engine Software Bible ID,Q7889,video game
P5348,angular diameter,Q6999,astronomical object
P535,Find a Grave memorial ID,Q15632617,fictional human
P535,Find a Grave memorial ID,Q7239,organism
P535,Find a Grave memorial ID,Q4989906,monument
P5350,Alexander polynomial,Q1760728,link
P5351,Conway polynomial,Q1188853,knot
P5352,Jones polynomial,Q1760728,link
P5354,Amphibian Species of the World ID,Q16521,taxon
P5355,abgeordnetenwatch.de politician ID,Q5,human
P5356,Laut.de artist ID,Q2088357,musical ensemble
P5356,Laut.de artist ID,Q5,human
P5360,MobyGames group ID (former scheme),Q559618,fictional universe
P5360,MobyGames group ID (former scheme),Q107647829,video game mechanic
P5360,MobyGames group ID (former scheme),Q146768,middleware
P5360,MobyGames group ID (former scheme),Q196600,media franchise
P5361,BNB person ID (OBSOLETE),Q43229,organization
P5361,BNB person ID (OBSOLETE),Q5,human
P5368,National Gallery of Canada artist ID,Q5,human
P5369,Encyclopædia Universalis author ID,Q5,human
P537,twinning,Q7946,mineral
P5370,Entomologists of the World ID,Q5,human
P5371,GAMECIP media format ID,Q193395,recording medium
P5372,Dictionnaire critique des historiens de l'art ID,Q14073567,sibling duo
P5372,Dictionnaire critique des historiens de l'art ID,Q5,human
P5373,École normale alumnus ID,Q5,human
P5379,GAMECIP platform ID,Q241317,computing platform
P5382,Behind The Voice Actors franchise ID,Q5,human
P5382,Behind The Voice Actors franchise ID,Q559618,fictional universe
P5382,Behind The Voice Actors franchise ID,Q196600,media franchise
P5382,Behind The Voice Actors franchise ID,Q431289,brand
P5382,Behind The Voice Actors franchise ID,Q4830453,business
P5383,archINFORM project ID,Q18247357,group of structures or buildings
P5383,archINFORM project ID,Q2065736,cultural property
P5383,archINFORM project ID,Q811979,architectural structure
P5383,archINFORM project ID,Q15243209,historic district
P5383,archINFORM project ID,Q22698,park
P5383,archINFORM project ID,Q839954,archaeological site
P5384,Behind The Voice Actors film ID,Q11424,film
P5385,IGN game ID,Q7889,video game
P5386,JMA Seismic Intensity Scale,Q7944,earthquake
P5387,Behind The Voice Actors TV show ID,Q5398426,television series
P5387,Behind The Voice Actors TV show ID,Q15416,television program
P5387,Behind The Voice Actors TV show ID,Q581714,animated series
P5389,permanent resident of,Q15632617,fictional human
P5389,permanent resident of,Q5,human
P539,Museofile ID,Q33506,museum
P5397,Tierstimmenarchiv ID,Q16521,taxon
P5397,Tierstimmenarchiv ID,Q729,Animalia
P54,member of sports team,Q215627,person
P54,member of sports team,Q18670161,mascot
P54,member of sports team,Q95074,character
P5404,Rate Your Music artist ID,Q5,human
P5404,Rate Your Music artist ID,Q2088357,musical ensemble
P5404,Rate Your Music artist ID,Q95074,character
P5407,MHK object ID,Q838948,work of art
P541,office contested,Q189760,voting
P541,office contested,Q51591359,voting result
P541,office contested,Q6138528,political coalition
P5414,The Paris Review interviewee ID,Q5,human
P5419,NYRB contributor ID,Q5,human
P542,officially opened by,Q2221906,geographic location
P542,officially opened by,Q121359,infrastructure
P542,officially opened by,Q1656682,event
P542,officially opened by,Q20437094,installation artwork
P542,officially opened by,Q58778,system
P542,officially opened by,Q811430,fixed construction
P542,officially opened by,Q860861,sculpture
P5421,Trading Card Database name ID,Q5,human
P5421,Trading Card Database name ID,Q115095765,location
P5421,Trading Card Database name ID,Q16521,taxon
P5421,Trading Card Database name ID,Q95074,character
P5422,has pattern,Q15706911,fictional object
P5422,has pattern,Q223557,physical object
P5423,floor number,Q43229,organization
P543,oath made by,Q1656682,event
P5431,setlist.fm artist ID,Q2088357,musical ensemble
P5431,setlist.fm artist ID,Q5,human
P5435,pixiv user ID,Q28020127,fictional humanoid
P5435,pixiv user ID,Q386724,work
P5435,pixiv user ID,Q5,human
P5439,research measurement,Q101965,experiment
P5441,Encyclopaedia Herder person ID,Q5,human
P5442,Library of Congress of Chile person ID,Q5,human
P5447,lower limit,Q217594,class
P5448,upper limit,Q217594,class
P5449,Inventory of French sanctuaries ID,Q12910132,religious object
P545,torch lit by,Q1656682,event
P5450,Biographisches Archiv der Psychiatrie  ID,Q5,human
P5452,MyHeritage Surname ID,Q4116295,surname
P5453,Logicielsmoto ID,Q7889,video game
P5454,USNPL ID,Q732577,publication
P5459,RHE doctor ID,Q5,human
P546,docking port,Q40218,spacecraft
P546,docking port,Q5916,spaceflight
P5460,grants,Q48352,head of state
P5460,grants,Q4164871,position
P5460,grants,Q43229,organization
P5461,model year code,Q3186692,calendar year
P5462,RHE professor ID,Q5,human
P5464,A Church Near You church ID,Q16970,church building
P5467,GlyphWiki ID,Q29654788,Unicode character
P5467,GlyphWiki ID,Q837611,variant sinogram
P547,commemorates,Q10884,tree
P547,commemorates,Q157031,foundation
P547,commemorates,Q2065736,cultural property
P547,commemorates,Q2221906,geographic location
P547,commemorates,Q3895768,fictional location
P547,commemorates,Q5,human
P547,commemorates,Q618779,award
P547,commemorates,Q855973,commemorative coin
P547,commemorates,Q14795564,point in time with respect to recurrent timeframe
P547,commemorates,Q1656682,event
P547,commemorates,Q173387,grave
P547,commemorates,Q17537576,creative work
P547,commemorates,Q37930,postage stamp
P547,commemorates,Q41176,building
P547,commemorates,Q4989906,monument
P547,commemorates,Q80071,symbol
P547,commemorates,Q933348,commemorative publication
P5471,2022 Harmonized System Code,Q488383,object
P5473,The Reptile Database ID,Q16521,taxon
P5475,CJKV variant character,Q849778,Chinese character radical
P5478,RPO poet ID,Q5,human
P5479,ultimate tensile strength,Q214609,material
P5480,tensile modulus of elasticity,Q214609,material
P5483,hardness,Q214609,material
P5485,SBN books ID,Q732577,publication
P5489,artist-info artist ID,Q43229,organization
P5489,artist-info artist ID,Q5,human
P5490,artist-info location ID,Q15090615,arts venue
P5490,artist-info location ID,Q33506,museum
P5491,BD Gest' author ID,Q61002,pseudonym
P5491,BD Gest' author ID,Q5,human
P5491,BD Gest' author ID,Q746628,studio
P5492,EDIT16 catalogue author ID,Q5,human
P5492,EDIT16 catalogue author ID,Q6256,country
P5492,EDIT16 catalogue author ID,Q747074,comune of Italy
P5492,EDIT16 catalogue author ID,Q95074,character
P5493,EDIT16 catalogue printer ID,Q8436,family
P5493,EDIT16 catalogue printer ID,Q43229,organization
P5493,EDIT16 catalogue printer ID,Q5,human
P5494,GameSpot game ID,Q116779426,group of video games often treated as a singular game
P5494,GameSpot game ID,Q7889,video game
P5499,Boijmans work ID,Q838948,work of art
P550,chivalric order,Q215627,person
P5500,IPHAN ID,Q618123,geographical feature
P5500,IPHAN ID,Q8205328,artificial physical object
P5501,Brenda Tissue Ontology ID,Q5058355,cellular component
P5504,RISM ID,Q5,human
P5504,RISM ID,Q43229,organization
P5504,RISM ID,Q732577,publication
P5504,RISM ID,Q87167,manuscript
P5505,WorldCat Registry ID,Q7075,library
P5505,WorldCat Registry ID,Q1762621,vendor
P5505,WorldCat Registry ID,Q2085381,publishing house
P5505,WorldCat Registry ID,Q3152824,cultural institution
P5507,artist-info exhibition ID,Q464980,exhibition
P5508,archINFORM person/group ID,Q5,human
P5508,archINFORM person/group ID,Q15632617,fictional human
P5508,archINFORM person/group ID,Q43229,organization
P551,residence,Q7239,organism
P551,residence,Q14897293,fictional entity
P551,residence,Q33829,human population
P551,residence,Q4671277,academic institution
P5510,DEFA film database ID (deprecated),Q11424,film
P5513,Enciclopèdia de l'Esport Català ID,Q35120,entity
P5514,accredited by,Q13226383,facility
P5514,accredited by,Q2424752,product
P5514,accredited by,Q43229,organization
P5515,Znicenekostely ID,Q811979,architectural structure
P552,handedness,Q215627,person
P552,handedness,Q95074,character
P5520,toughness,Q214609,material
P5522,Unicode block,Q29654788,Unicode character
P5524,horizontal depth,Q488383,object
P5525,CONDEPHAAT ID,Q811430,fixed construction
P5526,valency,Q24905,verb
P5528,Belgian Heritage in Brazil ID,Q5,human
P5528,Belgian Heritage in Brazil ID,Q386724,work
P5528,Belgian Heritage in Brazil ID,Q43229,organization
P5530,Altmetric DOI,Q5633421,scientific journal
P5531,Central Index Key,Q43229,organization
P5535,Prison History ID,Q40357,prison
P5536,Swedish place name register SOFI,Q1523821,socken
P5549,INEPAC ID,Q618123,geographical feature
P5549,INEPAC ID,Q8205328,artificial physical object
P555,doubles record,Q5,human
P5554,Courrier international source ID,Q340169,communications media
P5559,MUSE journal ID,Q1002697,periodical
P556,crystal system,Q79529,chemical substance
P5567,National Research Institute for Cultural Properties artist ID,Q5,human
P5568,PyPI project,Q7397,software
P5568,PyPI project,Q8513,database
P5569,Tebeosfera character ID,Q1114461,comics character
P557,DiseasesDB,Q7189713,physiological condition
P5570,NooSFere author ID,Q5,human
P5570,NooSFere author ID,Q61002,pseudonym
P5571,NooSFere book ID,Q1318295,narrative
P5571,NooSFere book ID,Q17518870,group of literary works
P5571,NooSFere book ID,Q47461344,written work
P5572,expressed in,Q7187,gene
P5572,expressed in,Q8054,protein
P5573,archINFORM location ID,Q2221906,geographic location
P5573,archINFORM location ID,Q82794,region
P5578,Indian census area code (2011),Q56061,administrative territorial entity
P5579,flight-report.com airline ID,Q46970,airline
P5580,Norwegian National Road DataBase ID,Q83620,thoroughfare
P5580,Norwegian National Road DataBase ID,Q18984099,ferry route
P5580,Norwegian National Road DataBase ID,Q100355757,ferry slip
P5580,Norwegian National Road DataBase ID,Q786014,rest area
P5581,NATO Stock Number,Q4406616,concrete object
P5582,number of arrests,Q1190554,occurrence
P5584,QS World University ID,Q38723,higher education institution
P5585,SMS Power ID,Q7889,video game
P5586,Times Higher Education World University ID,Q38723,higher education institution
P5587,Libris-URI,Q1408229,finished good
P5587,Libris-URI,Q1656682,event
P5587,Libris-URI,Q215627,person
P5587,Libris-URI,Q61002,pseudonym
P5587,Libris-URI,Q95074,character
P5587,Libris-URI,Q386724,work
P5587,Libris-URI,Q43229,organization
P5588,invasive to,Q16521,taxon
P5589,microstructure,Q214609,material
P559,terminus,Q124834336,proposed railway line
P559,terminus,Q1067164,transport service itinerary
P559,terminus,Q1322323,itinerary
P559,terminus,Q178512,public transport
P559,terminus,Q2221906,geographic location
P559,terminus,Q83620,thoroughfare
P5591,normalized Unicode character,Q29654788,Unicode character
P5597,Artcyclopedia artist ID,Q5,human
P5598,Places of Worship Inventory ID,Q1370598,structure of worship
P5599,Inventory of Quebec's Places of Worship ID,Q1370598,structure of worship
P560,direction,Q25404640,spatial object
P5600,U-Multirank university ID,Q38723,higher education institution
P5601,TCI destination ID,Q618123,geographical feature
P5603,Trove newspaper ID,Q1002697,periodical
P5605,DOLF ID,Q5,human
P5611,BeWeb church ID,Q24398318,religious building
P5613,Bibliothèque de la Pléiade ID,Q5,human
P562,central bank/issuer,Q8142,currency
P5620,FFF character ID,Q1114461,comics character
P5621,Marvel character ID,Q1114461,comics character
P5626,Global Invasive Species Database ID,Q16521,taxon
P5629,Brasseur ID,Q5,human
P5630,prisoner count,Q379693,deportation
P5630,prisoner count,Q40357,prison
P5631,Canal Académies ID,Q5,human
P5632,Persons of Indian Studies ID,Q5,human
P5633,Amphi-Theatrum ID,Q477396,circus
P5633,Amphi-Theatrum ID,Q7362268,Roman amphitheatre
P5634,Theatrum ID,Q1143046,odeon
P5634,Theatrum ID,Q19757,Roman theatre
P564,singles record,Q5,human
P5641,PRELIB person ID,Q5,human
P5642,risk factor,Q12136,disease
P5645,Académie française award winner ID,Q5,human
P5646,AniDB anime ID,Q11425,animation
P5646,AniDB anime ID,Q717122,Glove puppetry
P5647,Baidu ScholarID,Q5,human
P5648,AniDB character ID,Q14897293,fictional entity
P5648,AniDB character ID,Q215627,person
P5649,AniDB person ID,Q43229,organization
P5649,AniDB person ID,Q5,human
P5650,Exoplanet Data Explorer exoplanet ID,Q44559,exoplanet
P5651,Expedia hotel ID,Q5056668,lodging
P5652,Carthalia ID,Q13226383,facility
P5652,Carthalia ID,Q41176,building
P5653,Extrasolar Planets Encyclopaedia exoplanet ID,Q3132741,substellar object
P5655,Apple Music music video ID,Q10590726,video album
P5655,Apple Music music video ID,Q193977,music video
P5656,MuIS collection ID,Q2668072,collection
P5657,National Humanities Medal winner ID,Q43229,organization
P5657,National Humanities Medal winner ID,Q5,human
P5658,railway traffic side,Q249556,railway company
P5658,railway traffic side,Q4835091,territory
P5658,railway traffic side,Q728937,railway line
P5658,railway traffic side,Q924286,transport network
P5659,VGMdb product ID,Q11424,film
P5659,VGMdb product ID,Q196600,media franchise
P5659,VGMdb product ID,Q2635894,radio drama
P5659,VGMdb product ID,Q5398426,television series
P5659,VGMdb product ID,Q7889,video game
P5667,NASA Exoplanet Archive ID,Q44559,exoplanet
P5667,NASA Exoplanet Archive ID,Q523,star
P5669,compressive strength,Q214609,material
P5687,New Zealand Business Number,Q43229,organization
P569,date of birth,Q14897293,fictional entity
P569,date of birth,Q18347143,Hominin fossil
P569,date of birth,Q729,Animalia
P5690,Saskatchewan Sports Hall of Fame ID,Q1539532,sports season of a sports club
P5690,Saskatchewan Sports Hall of Fame ID,Q12973014,sports team
P5690,Saskatchewan Sports Hall of Fame ID,Q5,human
P5693,Fandango film ID,Q11424,film
P5696,Indian Railways station code,Q19563580,rail yard
P5696,Indian Railways station code,Q55488,railway station
P5698,Invasive Species Compendium Datasheet ID,Q16521,taxon
P5698,Invasive Species Compendium Datasheet ID,Q4835091,territory
P5699,Transport Canada LID,Q62447,aerodrome
P57,director,Q25372,drama
P57,director,Q116779426,group of video games often treated as a singular game
P57,director,Q25379,play
P57,director,Q106833,audiobook
P57,director,Q14623351,radio series
P57,director,Q2431196,audiovisual work
P57,director,Q35140,performance
P57,director,Q43099500,performing arts production
P570,date of death,Q14897293,fictional entity
P570,date of death,Q7239,organism
P5703,airline accounting code,Q46970,airline
P5706,shear strength,Q214609,material
P5707,samples from work,Q2431196,audiovisual work
P5711,Revues Littéraires ID,Q1368848,literary magazine
P5712,IMEC ID,Q43229,organization
P5712,IMEC ID,Q5,human
P5715,Academia.edu profile URL,Q5,human
P5718,PAM ID,Q5,human
P5718,PAM ID,Q742421,theatre company
P5719,National Medal of Arts winner ID,Q43229,organization
P5719,National Medal of Arts winner ID,Q5,human
P5726,Pietre della Memoria ID,Q386724,work
P5727,Partis d'Arcadie ID,Q7278,political party
P5732,Bangumi subject ID,Q3244175,tabletop game
P5732,Bangumi subject ID,Q2431196,audiovisual work
P5732,Bangumi subject ID,Q47461344,written work
P5734,Historic Hotels of America ID,Q27686,hotel
P5735,Historic Hotels Worldwide ID,Q27686,hotel
P5736,Minor Planet Center body ID,Q6999,astronomical object
P5738,Open Exoplanet Catalogue exoplanet ID,Q44559,exoplanet
P574,year of publication of scientific name for taxon,Q16521,taxon
P5740,So Foot Player ID,Q5,human
P5744,KERIS school ID,Q2385804,educational institution
P5746,Directorate General of Civil Aeronautics (Mexico) code,Q62447,aerodrome
P5749,Amazon Standard Identification Number,Q108346082,release group
P5749,Amazon Standard Identification Number,Q620615,mobile app
P5749,Amazon Standard Identification Number,Q11424,film
P5749,Amazon Standard Identification Number,Q277759,book series
P5749,Amazon Standard Identification Number,Q3966,computer hardware
P5749,Amazon Standard Identification Number,Q732577,publication
P5749,Amazon Standard Identification Number,Q7725634,literary work
P5753,ideographic description sequence,Q10888818,sinogram component
P5757,DAV hut ID,Q182676,mountain hut
P5758,PZS hut ID,Q182676,mountain hut
P5759,ÖAV hut ID,Q182676,mountain hut
P576,"dissolved, abolished or demolished date",Q58778,system
P576,"dissolved, abolished or demolished date",Q15642541,human-geographic territorial entity
P576,"dissolved, abolished or demolished date",Q1067164,transport service itinerary
P576,"dissolved, abolished or demolished date",Q14897293,fictional entity
P576,"dissolved, abolished or demolished date",Q15275719,recurring event
P576,"dissolved, abolished or demolished date",Q15893266,former entity
P576,"dissolved, abolished or demolished date",Q16686448,artificial object
P576,"dissolved, abolished or demolished date",Q2135465,legal term or legal concept
P576,"dissolved, abolished or demolished date",Q35127,website
P576,"dissolved, abolished or demolished date",Q4164871,position
P576,"dissolved, abolished or demolished date",Q4406616,concrete object
P576,"dissolved, abolished or demolished date",Q476300,competition
P5760,Petit Futé site ID,Q3917196,institution
P5760,Petit Futé site ID,Q618123,geographical feature
P5761,SAC ID,Q618123,geographical feature
P5762,NDB airport beacon ID,Q1248784,airport
P5763,Directorio de Museos y Colecciones de España ID,Q33506,museum
P5764,IMA museum ID,Q33506,museum
P5765,The Park Database ID,Q570116,tourist attraction
P5769,editor-in-chief,Q14350,radio station
P5769,editor-in-chief,Q15416,television program
P5769,editor-in-chief,Q192283,news agency
P5769,editor-in-chief,Q2085381,publishing house
P5769,editor-in-chief,Q35127,website
P5769,editor-in-chief,Q47461344,written work
P5769,editor-in-chief,Q8513,database
P577,publication date,Q1046315,level
P577,publication date,Q1151067,rule
P577,publication date,Q17737,theory
P577,publication date,Q179550,software bug
P577,publication date,Q2424752,product
P577,publication date,Q386724,work
P577,publication date,Q49848,document
P577,publication date,Q95074,character
P5770,Animator.ru person ID,Q5,human
P5774,Historic Hotels of Europe ID,Q27686,hotel
P5775,image of interior,Q5916,spaceflight
P5775,image of interior,Q1030034,GLAM
P5775,image of interior,Q18247357,group of structures or buildings
P5775,image of interior,Q2858615,electronic device
P5775,image of interior,Q42889,vehicle
P5775,image of interior,Q4421,forest
P5775,image of interior,Q47311934,fleet
P5775,image of interior,Q507619,retail chain
P5775,image of interior,Q811979,architectural structure
P5775,image of interior,Q863404,subterranea
P5777,CoinMarketCap cryptocurrency ID,Q13479982,cryptocurrency
P5778,Cooperative Patent Classification code,Q253623,patent
P5780,CPCRulez ID,Q416,disk magazine
P5780,CPCRulez ID,Q166142,application software
P5780,CPCRulez ID,Q312466,utility software
P5780,CPCRulez ID,Q7889,video game
P5783,Cranach Digital Archive artwork ID,Q11060274,print
P5783,Cranach Digital Archive artwork ID,Q3305213,painting
P5785,EU Participant Identification Code,Q2001305,television channel
P5785,EU Participant Identification Code,Q13226383,facility
P5785,EU Participant Identification Code,Q329683,industrial zone
P5785,EU Participant Identification Code,Q43229,organization
P5785,EU Participant Identification Code,Q5,human
P5785,EU Participant Identification Code,Q515,city
P5785,EU Participant Identification Code,Q56061,administrative territorial entity
P5786,Moviepilot.de film ID,Q11424,film
P5787,Ski Jumping Hill Archive ID,Q1109069,ski jumping hill
P5787,Ski Jumping Hill Archive ID,Q128654790,ski jumping complex
P5788,The Gymternet gymnast ID,Q5,human
P5791,Cineuropa film ID,Q11424,film
P5791,Cineuropa film ID,Q5398426,television series
P5792,NooSFere series ID,Q14897293,fictional entity
P5792,NooSFere series ID,Q17518870,group of literary works
P5792,NooSFere series ID,Q7725310,series of creative works
P5794,Internet Game Database game ID,Q2249149,electronic game
P5794,Internet Game Database game ID,Q7058673,video game series
P5794,Internet Game Database game ID,Q865493,video game mod
P5795,Internet Game Database platform ID,Q241317,computing platform
P5796,Internet Game Database person ID (archived),Q5,human
P5798,Thomson Reuters Business Classification,Q268592,industry
P5798,Thomson Reuters Business Classification,Q2424752,product
P5798,Thomson Reuters Business Classification,Q783794,company
P5799,AustLII ID,Q846882,sources of law
P5799,AustLII ID,Q2334719,legal case
P5799,AustLII ID,Q820655,statute
P58,screenwriter,Q386724,work
P5800,narrative role,Q14897293,fictional entity
P5802,stage crew member,Q43099500,performing arts production
P5803,VOR/DME airport beacon ID,Q1248784,airport
P5804,has program committee member,Q52260246,scientific event
P5805,OSI Model layer location,Q15836568,computer network protocol
P5807,Alternativa Teatral person ID,Q5,human
P5810,cryptocurrency code,Q13479982,cryptocurrency
P5813,MusicBrainz release ID,Q106833,audiobook
P5814,IANA service name,Q15836568,computer network protocol
P5816,state of conservation,Q16686448,artificial object
P5817,state of use,Q17537576,creative work
P5817,state of use,Q49848,document
P5817,state of use,Q618123,geographical feature
P5817,state of use,Q64728694,proposed entity
P5817,state of use,Q6671777,structure
P5817,state of use,Q7406919,service
P5817,state of use,Q8205328,artificial physical object
P5818,BGCI garden ID,Q167346,botanical garden
P5820,Film Indonesia ID,Q11424,film
P5822,admission rate,Q2020153,academic conference
P5822,admission rate,Q2385804,educational institution
P5823,Belvedere object ID,Q838948,work of art
P5824,retracted by,Q591041,scientific publication
P5826,majority opinion by,Q2334719,legal case
P5826,majority opinion by,Q327000,court decision
P5827,National Trust for Historic Preservation ID,Q618123,geographical feature
P5829,Television Academy Foundation show ID,Q15416,television program
P5832,political coalition,Q7210356,political organization
P5834,Leading Hotels of the World hotel ID,Q27686,hotel
P5835,World Travel Awards ID,Q570116,tourist attraction
P5835,World Travel Awards ID,Q13226383,facility
P5835,World Travel Awards ID,Q43229,organization
P5836,Relais & Châteaux ID,Q11707,restaurant
P5836,Relais & Châteaux ID,Q27686,hotel
P5838,Nintendo GameID (GameCube/Wii),Q7889,video game
P5840,NPR podcast ID,Q1555508,radio program
P5841,Status in the Red List of Threatened Species in the Czech Republic,Q16521,taxon
P5845,AnimeClick anime ID,Q1107,anime
P5845,AnimeClick anime ID,Q11424,film
P5845,AnimeClick anime ID,Q581714,animated series
P5847,AnimeClick character ID,Q30061312,fictional liminal entity
P5847,AnimeClick character ID,Q1307329,extraterrestrials in fiction
P5847,AnimeClick character ID,Q2593744,fictional creature
P5847,AnimeClick character ID,Q30061294,supernatural being in a work of fiction
P5848,AnimeClick author ID,Q43229,organization
P5848,AnimeClick author ID,Q5,human
P5849,AnimeClick manga ID,Q104213567,light novel series
P5849,AnimeClick manga ID,Q21198342,manga series
P5851,ex-USSR internal airport code,Q62447,aerodrome
P5859,Adelphi author ID,Q215627,person
P586,IPNI author ID,Q5,human
P5862,Lepidoptera of Belgium ID,Q16521,taxon
P5863,CharacTour character ID,Q95074,character
P5864,Enciclovida ID,Q16521,taxon
P5865,IGN film ID,Q11424,film
P5866,LakeNet ID,Q15324,body of water
P5867,Mathematical Reviews journal ID,Q5633421,scientific journal
P5868,MobyGames platform ID,Q241317,computing platform
P587,MMSI,Q689880,oil platform
P587,MMSI,Q1229765,watercraft
P587,MMSI,Q7321258,beacon
P5871,Norwegian war refugees register ID,Q5,human
P5874,re3data repository ID,Q8513,database
P5875,ResearchGate publication ID,Q1266946,thesis
P5875,ResearchGate publication ID,Q13433827,encyclopedia article
P5875,ResearchGate publication ID,Q1980247,chapter
P5875,ResearchGate publication ID,Q3099732,technical report
P5875,ResearchGate publication ID,Q571,book
P5875,ResearchGate publication ID,Q59387148,research report
P5879,Qualité Tourisme ID,Q618123,geographical feature
P5880,video designer,Q43099500,performing arts production
P5881,projection designer,Q35140,performance
P5881,projection designer,Q43099500,performing arts production
P5882,Muziekweb performer ID,Q2088357,musical ensemble
P5882,Muziekweb performer ID,Q5,human
P5883,Tourisme & Handicap ID,Q618123,geographical feature
P5885,Microsoft Store product ID,Q1020767,product bundle
P5885,Microsoft Store product ID,Q11424,film
P5885,Microsoft Store product ID,Q15416,television program
P5885,Microsoft Store product ID,Q7397,software
P5887,Arkivportalen agent ID,Q215627,person
P5887,Arkivportalen agent ID,Q43229,organization
P5888,Arkivportalen archive ID,Q215627,person
P5888,Arkivportalen archive ID,Q43229,organization
P5890,Preferred Hotels & Resorts hotel ID,Q27686,hotel
P5891,Bpk-ID,Q838948,work of art
P5894,tuition fee,Q2385804,educational institution
P5895,foreign transaction fee,Q1436963,payment card
P5896,trading fee,Q2002539,bureau de change
P5896,trading fee,Q837171,financial services
P5897,account charge / subscription fee,Q322948,subscription
P5898,borrowing rate,Q322948,subscription
P5899,interest rate,Q837171,financial services
P59,constellation,Q6999,astronomical object
P59,constellation,Q751989,astronomical phenomenon
P590,GNIS Feature ID,Q27096213,geographic entity
P590,GNIS Feature ID,Q2385804,educational institution
P5900,JMA Magnitude,Q7944,earthquake
P5901,official number of town quarter,Q19905455,borough
P5901,official number of town quarter,Q123705,neighborhood
P5901,official number of town quarter,Q2983893,quarter
P5901,official number of town quarter,Q532,village
P5904,ASCE Historical Civil Engineering Landmark ID,Q618123,geographical feature
P5905,Comic Vine ID,Q28869447,comics award
P5905,Comic Vine ID,Q5,human
P5905,Comic Vine ID,Q11424,film
P5905,Comic Vine ID,Q14406742,comic book series
P5905,Comic Vine ID,Q14897293,fictional entity
P5905,Comic Vine ID,Q151885,concept
P5905,Comic Vine ID,Q15416,television program
P5905,Comic Vine ID,Q1760610,comic book
P5905,Comic Vine ID,Q18706315,hypothetical entity
P5905,Comic Vine ID,Q618123,geographical feature
P5905,Comic Vine ID,Q747381,light novel
P5905,Comic Vine ID,Q8274,manga
P5906,DxOMark ID,Q15328,camera
P5906,DxOMark ID,Q17517,mobile phone
P591,EC enzyme number,Q14860489,molecular function
P591,EC enzyme number,Q178593,macromolecule
P5913,has paradigm class,Q34770,language
P5915,Shazam track ID,Q193977,music video
P5915,Shazam track ID,Q7302866,audio track
P5917,Shazam artist ID,Q215627,person
P5917,Shazam artist ID,Q95074,character
P5917,Shazam artist ID,Q2088357,musical ensemble
P5917,Shazam artist ID,Q431289,brand
P5921,The Modern Art Index Project ID,Q1007870,art gallery
P5921,The Modern Art Index Project ID,Q5,human
P5922,ANZSRC 2008 FoR ID,Q1047113,field of study
P5925,Moviepilot.de series ID,Q15416,television program
P5927,Ultimate Guitar artist ID,Q5,human
P5927,Ultimate Guitar artist ID,Q2088357,musical ensemble
P5927,Ultimate Guitar artist ID,Q431289,brand
P5927,Ultimate Guitar artist ID,Q95074,character
P5929,limiting oxygen index,Q214609,material
P593,HomoloGene ID,Q7187,gene
P5930,Open Food Facts ingredient ID,Q13184,berry
P5930,Open Food Facts ingredient ID,Q25403900,food ingredient
P5930,Open Food Facts ingredient ID,Q79529,chemical substance
P5931,Polish Nationwide Railway Database railway line ID,Q728937,railway line
P5932,IGN TV series ID,Q5398426,television series
P5936,old-computers.com ID,Q241317,computing platform
P594,Ensembl gene ID,Q7187,gene
P5940,plot expanded in,Q386724,work
P5944,North America PlayStation Store ID,Q166142,application software
P5944,North America PlayStation Store ID,Q7889,video game
P5946,SUCA code,Q83620,thoroughfare
P5949,Unicode range,Q8192,writing system
P5950,São Paulo: os estrangeiros e a construção da cidade ID,Q838948,work of art
P5951,ComiXology creator ID,Q5,human
P5952,Annuaire de la magistrature ID,Q5,human
P5956,War Memorials Online ID,Q575759,war memorial
P5957,ID of Inventory of the Archaeological and Paleontological Heritage of Catalonia,Q618123,geographical feature
P5961,depicted part,Q478798,image
P5962,sail emblem,Q1075310,sailboat
P5963,Elsevier journal ID,Q737498,academic journal
P5964,Norwegian Nationaltheatret actor ID,Q5,human
P5966,SAGE journal ID,Q737498,academic journal
P5968,CPPAP ID,Q1002697,periodical
P597,Women's Tennis Association player ID,Q5,human
P5970,Medierådet rating,Q11424,film
P5970,Medierådet rating,Q15416,television program
P5970,Medierådet rating,Q24856,film series
P5971,Europe PlayStation Store ID,Q11410,game
P598,commander of (DEPRECATED),Q215627,person
P5982,annual number of weddings,Q4835091,territory
P5982,annual number of weddings,Q486972,human settlement
P5983,Springer journal ID,Q737498,academic journal
P5984,APNI ID,Q16521,taxon
P5986,Getty Iconography Authority ID,Q17537576,creative work
P5986,Getty Iconography Authority ID,Q1190554,occurrence
P5986,Getty Iconography Authority ID,Q18706315,hypothetical entity
P5986,Getty Iconography Authority ID,Q80071,symbol
P5987,Indiancine.ma film ID,Q11424,film
P5988,Deezer show ID,Q1555508,radio program
P5990,Movies Anywhere ID,Q11424,film
P5990,Movies Anywhere ID,Q15416,television program
P5992,attenuation coefficient,Q214609,material
P5993,compressive modulus of elasticity,Q214609,material
P5994,recycling code,Q214609,material
P5995,kit supplier,Q1539532,sports season of a sports club
P5995,kit supplier,Q43229,organization
P5996,category for films in this language,Q17376908,languoid
P5998,distributary,Q15324,body of water
P5999,Japan PlayStation Store ID,Q7889,video game
P6,head of government,Q524572,term of office
P6,head of government,Q56061,administrative territorial entity
P6,head of government,Q1145276,fictional country
P6,head of government,Q327333,government agency
P6,head of government,Q640506,cabinet
P6,head of government,Q7188,government
P600,Wine AppDB ID,Q7397,software
P6002,WikiArt ID,Q5,human
P6002,WikiArt ID,Q838948,work of art
P6003,Center for Biological Diversity ID,Q16521,taxon
P6004,Brasiliana Iconográfica ID,Q838948,work of art
P6007,Salons ID,Q838948,work of art
P6008,Agoda hotel ID,Q5056668,lodging
P6011,Internet Pinball Database ID,Q653928,pinball machine game
P6012,California Office of Historic Preservation ID,Q618123,geographical feature
P6014,flexural strain at break,Q214609,material
P6018,SeaLifeBase ID,Q16521,taxon
P6019,Species at Risk public registry ID,Q16521,taxon
P6020,d'Art d'Art ! ID,Q838948,work of art
P6021,Hymenoptera Online taxon ID,Q16521,taxon
P6022,"expression, gesture or body pose",Q838948,work of art
P6023,ResearchGate contributions ID,Q5,human
P6025,Oiseaux.net ID,Q16521,taxon
P6030,ECOS ID,Q16521,taxon
P6032,IGF entrant ID,Q7889,video game
P6033,CMS ID,Q16521,taxon
P6034,Plant Finder ID (Missouri Botanical Garden),Q16521,taxon
P6035,C.V. Starr Virtual Herbarium ID,Q16521,taxon
P6036,Wild Herps ID,Q16521,taxon
P6039,Australian Faunal Directory ID,Q16521,taxon
P604,MedlinePlus ID,Q177719,medical diagnosis
P604,MedlinePlus ID,Q12140,medication
P604,MedlinePlus ID,Q13226383,facility
P604,MedlinePlus ID,Q2057971,health problem
P604,MedlinePlus ID,Q474191,diet
P604,MedlinePlus ID,Q796194,medical procedure
P6040,BirdLife Australia ID,Q16521,taxon
P6041,John J. Audubon's Birds of America ID,Q16521,taxon
P6042,Echinoid Directory ID,Q16521,taxon
P6043,Espèces Envahissantes Outre-mer ID,Q16521,taxon
P6044,FEIS ID,Q16521,taxon
P6045,Global Raptor Information Network ID,Q16521,taxon
P6046,MNHN taxon ID,Q16521,taxon
P6047,Neotropical Birds ID,Q16521,taxon
P6048,New Zealand Birds Online ID,Q16521,taxon
P6049,NOAA Fisheries Species Directory ID,Q16521,taxon
P605,NUTS code,Q15642541,human-geographic territorial entity
P6050,Orthoptera Species File ID (old version),Q16521,taxon
P6051,Sea Slug Forum ID,Q16521,taxon
P6052,Cockroach Species File ID (old version),Q16521,taxon
P6053,Coreoidea Species File ID,Q16521,taxon
P6054,GT IBMA ID,Q16521,taxon
P6055,Mantodea Species File ID,Q16521,taxon
P6056,Red List of South African Plants ID,Q16521,taxon
P6057,Systematic Catalog of Culicidae ID,Q16521,taxon
P606,first flight,Q46970,airline
P606,first flight,Q7194062,flying machine
P6061,Plant Parasites of Europe ID,Q16521,taxon
P6067,ARD Mediathek ID,Q838948,work of art
P6068,DCMOTO ID,Q7889,video game
P6069,INEP IGC continuous score,Q2385804,educational institution
P607,participated in conflict,Q176799,military unit
P607,participated in conflict,Q193518,sabotage
P607,participated in conflict,Q207645,military tactics
P607,participated in conflict,Q14897293,fictional entity
P607,participated in conflict,Q334516,declaration of war
P607,participated in conflict,Q370330,convoy
P607,participated in conflict,Q66740226,military term
P607,participated in conflict,Q178561,battle
P607,participated in conflict,Q2736535,military communications
P607,participated in conflict,Q39546,physical tool
P607,participated in conflict,Q4989906,monument
P607,participated in conflict,Q57821,fortification
P607,participated in conflict,Q718893,theater of war
P607,participated in conflict,Q729,Animalia
P6070,BirdLife International IBA ID,Q618123,geographical feature
P6076,biobased content weight percentage,Q214609,material
P6078,GameFAQs platform ID,Q241317,computing platform
P6079,Discogs track ID,Q7302866,audio track
P608,exhibition history,Q28732711,physical substance
P608,exhibition history,Q223557,physical object
P608,exhibition history,Q386724,work
P6080,Discogs composition ID,Q207628,composed musical work
P6082,NYC Building Identification Number (BIN),Q811979,architectural structure
P6083,Cineuropa person ID,Q5,human
P6086,dramaturge,Q43099500,performing arts production
P6086,dramaturge,Q11424,film
P6086,dramaturge,Q15416,television program
P6087,coach of sports team,Q5,human
P6088,beer bitterness,Q44,beer
P6089,beer color,Q44,beer
P609,terminus location,Q18984099,ferry route
P609,terminus location,Q12284,canal
P609,terminus location,Q3679502,piping
P609,terminus location,Q83620,thoroughfare
P6090,Caselaw Access Project case ID,Q2334719,legal case
P6092,Map of Life ID,Q16521,taxon
P6093,AfroMoths ID,Q16521,taxon
P6094,FloraWeb ID,Q16521,taxon
P6095,INEP IGC discrete grade,Q38723,higher education institution
P6096,FLOW ID,Q16521,taxon
P6097,AllPowerlifting.com person ID,Q5,human
P6098,Info Flora ID,Q16521,taxon
P6099,clinical trial phase,Q30612,clinical trial
P610,highest point,Q27096213,geographic entity
P610,highest point,Q6999,astronomical object
P610,highest point,Q3895768,fictional location
P6101,Mushroom Observer ID,Q16521,taxon
P6102,Schleswig-Holstein cultural heritage object ID,Q618123,geographical feature
P6103,Michigan Flora ID,Q16521,taxon
P6104,maintained by WikiProject,Q35120,entity
P6105,Observation.org taxon ID,Q16521,taxon
P6106,uses capitalization for,Q17376908,languoid
P611,religious order,Q5,human
P611,religious order,Q15632617,fictional human
P611,religious order,Q43229,organization
P611,religious order,Q618123,geographical feature
P6111,MusicNotes product ID,Q7302866,audio track
P6113,Playbill venue ID,Q18674739,event venue
P6114,Portal to the Flora of Italy ID,Q16521,taxon
P6115,Central African Plants ID,Q16521,taxon
P6117,Envanter.gov.tr Monument ID,Q811979,architectural structure
P6118,season ends,Q18608583,recurring sporting event
P6118,season ends,Q623109,sports league
P6119,Letterboxd actor ID,Q5,human
P612,mother house,Q44613,monastery
P6120,Argentinean NCAA Airport code,Q62447,aerodrome
P6122,MusicNotes song ID,Q207628,composed musical work
P6125,number of volunteers,Q171,wiki
P6125,number of volunteers,Q13406554,sports competition
P6125,number of volunteers,Q43229,organization
P6126,Santiebeati ID,Q60075825,Christian holy day
P6126,Santiebeati ID,Q1509831,"titles of Mary, mother of Jesus"
P6126,Santiebeati ID,Q21070598,figure that may or may not be fictional
P6126,Santiebeati ID,Q5,human
P6127,Letterboxd film ID,Q844580,direct-to-video
P6127,Letterboxd film ID,Q1107,anime
P6127,Letterboxd film ID,Q11424,film
P6127,Letterboxd film ID,Q1259759,miniseries
P6127,Letterboxd film ID,Q15416,television program
P6127,Letterboxd film ID,Q21664088,two-part episode
P6128,Threatened Species Link ID,Q16521,taxon
P613,OS grid reference,Q27096213,geographic entity
P613,OS grid reference,Q2385804,educational institution
P613,OS grid reference,Q179700,statue
P613,OS grid reference,Q811979,architectural structure
P6130,Littera ID,Q5,human
P6131,Scorebar / Soccerway team ID,Q15944511,association football team
P6131,Scorebar / Soccerway team ID,Q476028,association football club
P6132,Playbill person ID,Q43229,organization
P6132,Playbill person ID,Q26401003,individual animal
P6133,Siamzone film ID,Q11424,film
P6134,Thaifilm ID,Q11424,film
P6136,Freedom Forum newspaper front page ID,Q1002697,periodical
P6137,Alabama Plant Atlas ID,Q16521,taxon
P6138,Software Hash ID,Q7397,software
P6139,Virtual Guide to the Flora of Mongolia ID,Q16521,taxon
P6141,À nos grands hommes ID,Q4989906,monument
P6141,À nos grands hommes ID,Q860861,sculpture
P6142,Verspreidingsatlas.nl ID,Q16521,taxon
P6143,BioOne journal ID,Q737498,academic journal
P6144,ortsnamen.ch ID,Q618123,geographical feature
P6145,Academy Awards Database film ID,Q11424,film
P6148,GLAMOS glacier ID,Q35666,glacier
P6150,Academy Awards Database nominee ID,Q43229,organization
P6150,Academy Awards Database nominee ID,Q5,human
P6151,ANICA ID,Q11424,film
P6152,National Portrait Gallery (United States) object ID,Q838948,work of art
P6155,Sotheby's Museum Network ID,Q33506,museum
P6156,MNAV artist ID,Q5,human
P6159,Atlas of Florida Plants ID,Q16521,taxon
P6160,BoardGameGeek game publisher ID,Q2085381,publishing house
P6161,Invasive Plant Atlas of the United States ID,Q16521,taxon
P6162,Luding game publisher ID,Q43229,organization
P6163,NAS ID,Q16521,taxon
P6164,Depósito Legal ID,Q386724,work
P6165,Corpus typographique français ID,Q17451,typeface
P6166,quotes work,Q386724,work
P6167,British Executions ID,Q5,human
P6169,Welsh Book Trade Info ID,Q43229,organization
P6169,Welsh Book Trade Info ID,Q5,human
P617,yard number,Q1229765,watercraft
P6176,Cal-IPC ID,Q16521,taxon
P6177,EUNIS ID for species,Q16521,taxon
P6178,Dimensions author ID,Q5,human
P6179,Dimensions publication ID,Q386724,work
P618,source of energy,Q4406616,concrete object
P618,source of energy,Q7048977,abstract entity
P6180,Dimensions Source ID,Q737498,academic journal
P6182,GameFAQs company ID,Q4830453,business
P6182,GameFAQs company ID,Q5,human
P6183,African Journals Online journal ID,Q737498,academic journal
P6189,Sabinet journal ID,Q737498,academic journal
P619,UTC date of spacecraft launch,Q5916,spaceflight
P619,UTC date of spacecraft launch,Q275450,space debris
P619,UTC date of spacecraft launch,Q3099911,scientific instrument
P619,UTC date of spacecraft launch,Q42889,vehicle
P6190,NSW State Archives and Records Authority Agency ID,Q327333,government agency
P6190,NSW State Archives and Records Authority Agency ID,Q58937084,county council of New South Wales
P6193,ratified by,Q131569,treaty
P6193,ratified by,Q7755,constitution
P6195,funding scheme,Q1156854,policy
P6195,funding scheme,Q184973,internet radio
P6195,funding scheme,Q3244175,tabletop game
P6195,funding scheme,Q732577,publication
P6195,funding scheme,Q7889,video game
P6195,funding scheme,Q838948,work of art
P6196,BadTaste ID,Q11424,film
P6197,Badgames ID,Q116779426,group of video games often treated as a singular game
P6197,Badgames ID,Q7889,video game
P620,UTC date of spacecraft landing,Q5916,spaceflight
P620,UTC date of spacecraft landing,Q3099911,scientific instrument
P620,UTC date of spacecraft landing,Q42889,vehicle
P6204,CNPJ,Q43229,organization
P6209,SEINet ID,Q16521,taxon
P621,time of object orbit decay,Q275450,space debris
P621,time of object orbit decay,Q40218,spacecraft
P6210,LIGA profile,Q43229,organization
P6210,LIGA profile,Q5,human
P6212,heat treating,Q214609,material
P6214,Jewish Museum Berlin person ID,Q8436,family
P6214,Jewish Museum Berlin person ID,Q43229,organization
P6214,Jewish Museum Berlin person ID,Q5,human
P6216,copyright status,Q386724,work
P6216,copyright status,Q49848,document
P6216,copyright status,Q558929,oral history
P6216,copyright status,Q14897293,fictional entity
P6216,copyright status,Q42848,data
P6217,Genius album ID,Q108346082,release group
P6218,Genius ID,Q13406463,Wikimedia list article
P6218,Genius ID,Q134556,single
P6218,Genius ID,Q7302866,audio track
P6218,Genius ID,Q114586269,lyrico-musical work
P6219,TASS reference ID,Q5,human
P6219,TASS reference ID,Q618779,award
P6221,NooSFere story ID,Q699,fairy tale
P6221,NooSFere story ID,Q7725634,literary work
P6222,DIR3 ID,Q43229,organization
P6223,L'Encyclopédie philosophique ID,Q5,human
P6224,level of description,Q2668072,collection
P6227,Flora of Wisconsin ID,Q16521,taxon
P6229,Discord Store game SKU,Q7889,video game
P6230,Bavarian protected area ID,Q759421,Naturschutzgebiet
P6231,BDELIS ID,Q5,human
P6233,Place Names Register ID (Estonia),Q618123,geographical feature
P6237,real estate developer,Q811979,architectural structure
P6238,Monument aux morts ID,Q575759,war memorial
P6239,IEC commemorative monument of Catalonia ID,Q4989906,monument
P6240,MMLO ID,Q5,human
P6241,collection creator,Q166118,archives
P6241,collection creator,Q2668072,collection
P6242,Meteorological Service of Canada climate site ID,Q190107,weather station
P6244,Volksbund ID,Q39614,cemetery
P6244,Volksbund ID,Q5003624,memorial
P6246,Paris Musées work ID,Q386724,work
P6249,narrative age,Q14897293,fictional entity
P6250,Apple Music music movie ID (U.S. version),Q11424,film
P6254,subject lexeme,Q33829,human population
P6254,subject lexeme,Q8102,slang
P6254,subject lexeme,Q1049294,emoji
P6254,subject lexeme,Q111352,lexeme
P6254,subject lexeme,Q184511,idiom
P6254,subject lexeme,Q188546,pangram
P6254,subject lexeme,Q3026787,saying
P6254,subject lexeme,Q31963,emoticon
P6254,subject lexeme,Q8171,word
P6254,subject lexeme,Q9788,letter
P6256,SinemaTürk film ID,Q386724,work
P6257,right ascension,Q105000,meteor shower
P6257,right ascension,Q3635600,equinox point
P6257,right ascension,Q6999,astronomical object
P6258,declination,Q105000,meteor shower
P6258,declination,Q3635600,equinox point
P6258,declination,Q6999,astronomical object
P6263,Mindat mineral ID,Q7946,mineral
P6263,Mindat mineral ID,Q8063,rock
P6264,Harvard Index of Botanists ID,Q5,human
P6265,Mindat locality ID,Q736917,geological formation
P6265,Mindat locality ID,Q2221906,geographic location
P6265,Mindat locality ID,Q820477,mine
P6265,Mindat locality ID,Q82794,region
P6267,Multiplayer ID,Q7889,video game
P6268,Danmarks svampeatlas ID,Q16521,taxon
P6272,specific rotation,Q79529,chemical substance
P6275,copyright representative,Q3152824,cultural institution
P6276,Amazon Music artist ID,Q14897293,fictional entity
P6276,Amazon Music artist ID,Q215627,person
P6276,Amazon Music artist ID,Q10648343,duo
P6276,Amazon Music artist ID,Q18127,record label
P6276,Amazon Music artist ID,Q196600,media franchise
P6276,Amazon Music artist ID,Q2088357,musical ensemble
P6278,Epic Games Store ID,Q166142,application software
P6278,Epic Games Store ID,Q7889,video game
P6279,ZVR-Number,Q43229,organization
P6281,IPPDH ID,Q5,human
P6281,IPPDH ID,Q3052382,fonds
P6281,IPPDH ID,Q43229,organization
P6285,Weeds in Ontario ID,Q16521,taxon
P6289,ODNR Division of Wildlife ID,Q16521,taxon
P629,edition or translation of,Q131436,board game
P629,edition or translation of,Q286583,manifestation
P629,edition or translation of,Q386724,work
P6291,advertises,Q391414,architectural element
P6291,advertises,Q18670161,mascot
P6291,advertises,Q264922,jingle
P6291,advertises,Q37038,advertising
P6291,advertises,Q42470,motto
P6291,advertises,Q429785,poster
P6291,advertises,Q5257307,prize
P6291,advertises,Q63952888,anime television series
P6291,advertises,Q854995,television advertisement
P6292,Complete BBC Micro Games Archive ID,Q7889,video game
P6294,ARTIC exhibition ID,Q464980,exhibition
P6295,ARTIC artist ID,Q5,human
P6295,ARTIC artist ID,Q4830453,business
P6295,ARTIC artist ID,Q83405,factory
P6296,bgm.tv character ID,Q14897293,fictional entity
P6298,bgm.tv person ID,Q2608849,imprint
P6298,bgm.tv person ID,Q1002697,periodical
P6298,bgm.tv person ID,Q215627,person
P6298,bgm.tv person ID,Q35127,website
P6298,bgm.tv person ID,Q431289,brand
P6298,bgm.tv person ID,Q43229,organization
P6299,PC-9801 DB ID,Q7889,video game
P630,Paris city digital code,Q83620,thoroughfare
P6301,The Armory Show at 100 ID,Q838948,work of art
P6302,Dictionnaire de spiritualité ID,Q5,human
P6303,Swedish Anbytarforum ID,Q5,human
P6303,Swedish Anbytarforum ID,Q1523821,socken
P6303,Swedish Anbytarforum ID,Q615980,parish of the Church of Sweden
P6304,University of Helsinki Research Portal profile ID,Q5,human
P6305,Wikimedia VRTS ticket number,Q386724,work
P6306,AllMusic performance ID,Q7302866,audio track
P6307,Wikibase Registry ID,Q35127,website
P6307,Wikibase Registry ID,Q8513,database
P6309,historical Répertoire national des associations ID,Q43229,organization
P631,structural engineer,Q811430,fixed construction
P6310,Muséosphère work ID,Q386724,work
P6314,WorldFootball.net referee ID (old),Q5,human
P6327,Goodreads character ID,Q14897293,fictional entity
P6327,Goodreads character ID,Q5,human
P6329,Share-VDE 1.0 author ID,Q43229,organization
P6329,Share-VDE 1.0 author ID,Q5,human
P633,Quebec cultural heritage directory ID,Q16686448,artificial object
P633,Quebec cultural heritage directory ID,Q618123,geographical feature
P6332,Panorama de l'art ID,Q838948,work of art
P6334,Agence photo RMN package ID,Q5,human
P6334,Agence photo RMN package ID,Q26256810,topic
P6334,Agence photo RMN package ID,Q2668072,collection
P6334,Agence photo RMN package ID,Q33506,museum
P6334,Agence photo RMN package ID,Q464980,exhibition
P6336,JKT48 member ID,Q5,human
P6337,PCGamingWiki ID,Q115920686,"video games, consoles and accessories"
P6337,PCGamingWiki ID,Q19600329,virtual reality headset
P6337,PCGamingWiki ID,Q1196126,video game console emulator
P6337,PCGamingWiki ID,Q146768,middleware
P6337,PCGamingWiki ID,Q16338,personal computer
P6337,PCGamingWiki ID,Q192532,digital rights management
P6337,PCGamingWiki ID,Q19307174,digital distribution platform
P6337,PCGamingWiki ID,Q7058673,video game series
P6337,PCGamingWiki ID,Q783794,company
P6337,PCGamingWiki ID,Q865493,video game mod
P6338,colorist,Q386724,work
P6339,reports periodicity,Q190107,weather station
P634,team captain,Q12973014,sports team
P634,team captain,Q1539532,sports season of a sports club
P6340,Uppsala General Catalogue ID,Q318,galaxy
P6341,IFPNI species ID,Q16521,taxon
P6343,urban population,Q4835091,territory
P6344,rural population,Q4835091,territory
P6346,statutory purpose,Q43229,organization
P6347,The White-files species ID,Q16521,taxon
P6349,Lace Bugs Database ID,Q16521,taxon
P635,ISTAT ID,Q1134686,frazione
P635,ISTAT ID,Q15089,province of Italy
P635,ISTAT ID,Q15110,metropolitan city of Italy
P635,ISTAT ID,Q16110,region of Italy
P635,ISTAT ID,Q747074,comune of Italy
P6351,Genius artist numeric ID,Q5,human
P6351,Genius artist numeric ID,Q2088357,musical ensemble
P6351,Genius artist numeric ID,Q95074,character
P6353,OSGS-Number,Q43229,organization
P6354,closest approach,Q26529,space probe
P6355,MNAM artwork ID,Q838948,work of art
P6356,IHOI work ID,Q838948,work of art
P6358,Musée Picasso artwork ID,Q838948,work of art
P6359,Crew United title ID,Q5398426,television series
P6359,Crew United title ID,Q11424,film
P6359,Crew United title ID,Q15416,television program
P636,route of administration,Q12034612,medicinal product
P6360,Genius album numeric ID,Q732577,publication
P6361,Genius song numeric ID,Q7302866,audio track
P6365,member category,Q15238777,legislative term
P6365,member category,Q2288051,party conference
P6365,member category,Q43229,organization
P6366,Microsoft Academic ID (discontinued),Q35120,entity
P6369,Media Arts Database manga ID (former scheme),Q1004,comics
P637,RefSeq protein ID,Q172847,peptide
P6372,Interpol WOA artwork ID (OBSOLETE),Q838948,work of art
P6374,MAM artwork ID,Q838948,work of art
P6375,street address,Q27096213,geographic entity
P6375,street address,Q1639378,social system
P6375,street address,Q1190554,occurrence
P6375,street address,Q17537576,creative work
P6375,street address,Q2668072,collection
P6375,street address,Q3895768,fictional location
P6375,street address,Q41298,magazine
P6376,Psyl'list species ID,Q16521,taxon
P6379,has works in the collection,Q1417728,trade name
P6379,has works in the collection,Q20643955,human biblical figure
P6379,has works in the collection,Q43229,organization
P6379,has works in the collection,Q5,human
P6379,has works in the collection,Q656720,workshop
P6381,iTunes TV season ID,Q3464665,television series season
P6381,iTunes TV season ID,Q5398426,television series
P6383,TV Spielfilm film ID,Q11424,film
P639,RefSeq RNA ID,Q7187,gene
P6390,Educational Institution Identification Number,Q2385804,educational institution
P6391,U-DISE code,Q3914,school
P6392,AISHE code,Q38723,higher education institution
P6395,Apple Books book ID (U.S. version),Q47461344,written work
P6398,iTunes movie ID,Q10590726,video album
P6398,iTunes movie ID,Q11424,film
P6398,iTunes movie ID,Q1261214,television special
P6400,Skimap area ID,Q130003,ski resort
P6402,Gault et Millau ID,Q11707,restaurant
P6403,TheatreOnline ID,Q5,human
P6406,vodnimlyny.cz ID,Q185187,watermill
P6408,COOL species ID,Q16521,taxon
P6409,CORE output ID,Q10383930,academic work
P6412,Gran Enciclopèdia de la Música ID,Q35120,entity
P6416,sport-strana.ru article ID,Q5,human
P6418,funk channel ID,Q17537576,creative work
P6420,Georgian National Filmography ID,Q11424,film
P6422,ManualsLib brand ID,Q167270,trademark
P6422,ManualsLib brand ID,Q431289,brand
P6422,ManualsLib brand ID,Q43229,organization
P6423,MusicBrainz event ID,Q1656682,event
P6429,Hymnary hymnal ID,Q1516252,hymnal
P6431,Hymnary tune ID,Q5956785,hymn tune
P6432,Alexander–Briggs notation,Q1760728,link
P6433,Global Species ID,Q16521,taxon
P6434,Amsterdam code,Q2039348,municipality of the Netherlands
P6439,has lyrics,Q5956785,hymn tune
P6443,Douban drama ID,Q7777570,theatrical production
P6444,Douban game ID,Q7889,video game
P6445,Douban music ID,Q108346082,release group
P6446,Douban musician ID,Q5,human
P6446,Douban musician ID,Q2088357,musical ensemble
P6446,Douban musician ID,Q431289,brand
P6446,Douban musician ID,Q95074,character
P6452,CBFC rating,Q11424,film
P646,Freebase ID,Q35120,entity
P6460,Swedish Organization Number,Q43229,organization
P6461,Rock's Backpages artist ID,Q215380,musical group
P6461,Rock's Backpages artist ID,Q5,human
P6465,Democracy Club candidate ID,Q5,human
P6466,Hulu movie ID,Q11424,film
P6467,Hulu series ID,Q1107,anime
P6467,Hulu series ID,Q15416,television program
P6469,Fuzhou Architecture Heritage ID,Q41176,building
P647,drafted by,Q15632617,fictional human
P647,drafted by,Q5,human
P6472,GameFAQs franchise ID,Q196600,media franchise
P6473,NMSRCP reference number,Q618123,geographical feature
P6476,castingvideos ID,Q5,human
P6478,Mecklenburg-Vorpommern protected area ID,Q759421,Naturschutzgebiet
P6479,IEEE Xplore author ID,Q5,human
P648,Open Library ID,Q5,human
P648,Open Library ID,Q386724,work
P648,Open Library ID,Q43229,organization
P648,Open Library ID,Q61002,pseudonym
P6480,IEEE Xplore document ID,Q13433827,encyclopedia article
P6480,IEEE Xplore document ID,Q1266946,thesis
P6480,IEEE Xplore document ID,Q571,book
P6481,Strepsiptera database species ID,Q16521,taxon
P6483,WBCHSE code,Q189004,college
P6483,WBCHSE code,Q64062731,higher secondary school
P6485,Brentidae of the world species ID,Q16521,taxon
P6486,Pacific Coast Architecture Database building ID,Q811979,architectural structure
P6487,Illustrated catalog of Tessaratomidae species ID,Q16521,taxon
P6489,Joan Miró Online Image Bank ID,Q4502142,visual artwork
P649,NRHP reference number,Q618123,geographical feature
P649,NRHP reference number,Q8205328,artificial physical object
P6498,illiterate population,Q4835091,territory
P6499,literate population,Q4835091,territory
P65,site of astronomical discovery,Q6999,astronomical object
P65,site of astronomical discovery,Q751989,astronomical phenomenon
P650,RKDartists ID,Q43229,organization
P650,RKDartists ID,Q5,human
P6500,non-free artwork image URL,Q838948,work of art
P6503,Indian census area code (1991),Q56061,administrative territorial entity
P6504,Lithuanian Sport Encyclopedia (LSE) article ID,Q5,human
P6504,Lithuanian Sport Encyclopedia (LSE) article ID,Q847017,sports club
P6506,Eliseu Visconti Project ID,Q838948,work of art
P6507,taxon author citation,Q16521,taxon
P651,Biografisch Portaal van Nederland ID,Q15632617,fictional human
P651,Biografisch Portaal van Nederland ID,Q5,human
P6510,stall speed,Q11436,aircraft
P6512,UN/CEFACT Common Code,Q47574,unit of measurement
P6513,AICTE Permanent ID,Q38723,higher education institution
P6515,DoBIH Number,Q207326,summit
P6515,DoBIH Number,Q54050,hill
P6515,DoBIH Number,Q8502,mountain
P6516,ScaleNet ID,Q16521,taxon
P6517,WhoSampled artist ID,Q5,human
P6517,WhoSampled artist ID,Q2088357,musical ensemble
P6517,WhoSampled artist ID,Q95074,character
P6518,Business Registry code (Estonia),Q43229,organization
P6521,Crew United person and company ID,Q43229,organization
P6521,Crew United person and company ID,Q5,human
P6529,provisional house number,Q618123,geographical feature
P653,PubMed Health,Q7189713,physiological condition
P6533,type of front suspension,Q42889,vehicle
P6534,type of rear suspension,Q42889,vehicle
P6538,Yandex Music label ID,Q18127,record label
P655,translator,Q5,human
P655,translator,Q25372,drama
P655,translator,Q3750478,historical source
P655,translator,Q386724,work
P6550,Pacific Coast Architecture Database firm ID,Q4830453,business
P6552,X (Twitter) numeric user ID,Q26401003,individual animal
P6552,X (Twitter) numeric user ID,Q1190554,occurrence
P6552,X (Twitter) numeric user ID,Q386724,work
P6552,X (Twitter) numeric user ID,Q4164871,position
P6552,X (Twitter) numeric user ID,Q43229,organization
P6553,personal pronoun,Q5,human
P6553,personal pronoun,Q95074,character
P6554,Represent Me ID,Q7058673,video game series
P6554,Represent Me ID,Q131436,board game
P6554,Represent Me ID,Q7889,video game
P6555,Brazilian Electoral Unit ID,Q3184121,municipality of Brazil
P6559,Official Charts artist ID,Q15632617,fictional human
P6559,Official Charts artist ID,Q5,human
P656,RefSeq,Q7187,gene
P6561,AiF dossier ID,Q5,human
P6565,Musenor artwork ID,Q838948,work of art
P6566,Indonesian Cultural Heritage Registration System ID,Q210272,cultural heritage
P6567,Florida Historical Marker List ID,Q721747,commemorative plaque
P6569,taxon especially protected in area,Q473972,protected area
P6570,number of words,Q47461344,written work
P6576,Art Fund artwork ID,Q838948,work of art
P6577,Cour des comptes report ID,Q43229,organization
P6578,MutualArt artist ID,Q5,human
P6578,MutualArt artist ID,Q672070,photographic studio
P658,tracklist,Q108346082,release group
P6580,National Book Foundation book ID,Q47461344,written work
P6581,Deportation Database transport ID,Q61927259,Holocaust train journey
P6587,league system,Q623109,sports league
P6589,endowment,Q43229,organization
P6590,highest break,Q13406554,sports competition
P6590,highest break,Q5,human
P6591,maximum temperature record,Q2221906,geographic location
P6592,OpenStreetMap zoom level,Q4006,map
P6592,OpenStreetMap zoom level,Q2221906,geographic location
P6592,OpenStreetMap zoom level,Q82794,region
P6595,Paintings by Salvador Dalí ID,Q838948,work of art
P6597,DFD ID,Q4116295,surname
P66,ancestral home,Q4116295,surname
P66,ancestral home,Q215627,person
P66,ancestral home,Q8436,family
P6600,Resident Advisor artist ID,Q2088357,musical ensemble
P6600,Resident Advisor artist ID,Q5,human
P6601,Resident Advisor label ID,Q18127,record label
P6602,Rhineland-Palatinate protected area ID,Q759421,Naturschutzgebiet
P6605,Plant Illustrations artist ID,Q5,human
P6606,study or design for,Q838948,work of art
P6610,Ashmolean Museum ID,Q8205328,artificial physical object
P6614,Libreflix ID,Q5398426,television series
P6614,Libreflix ID,Q11424,film
P6614,Libreflix ID,Q15416,television program
P6617,RoMEO publisher ID,Q2085381,publishing house
P6618,Federal-State Cooperative System ID,Q7075,library
P6619,XING company ID,Q43229,organization
P6625,Salvador Dali Museum artwork ID,Q4502142,visual artwork
P6629,Artcurial lot ID,Q838948,work of art
P663,DSM-IV classification,Q12135,mental disorder
P6630,SNISB ID,Q12323,dam
P6631,Tainacan MHN ID,Q838948,work of art
P6633,Giorgio Cini Foundation ID,Q838948,work of art
P6635,ACA author ID,Q5,human
P6636,CDEC ID,Q5,human
P6637,AWARE ID,Q5,human
P6639,capacity factor,Q159719,power station
P664,organizer,Q618779,award
P664,organizer,Q1190554,occurrence
P664,organizer,Q14136353,fictional occurrence
P6640,JRC Names ID,Q35120,entity
P6641,Zomato ID,Q2221906,geographic location
P6641,Zomato ID,Q4830453,business
P6643,TV Spielfilm series ID,Q15416,television program
P6643,TV Spielfilm series ID,Q196600,media franchise
P6644,Fandango theater ID,Q41253,movie theater
P6645,Stedelijk Museum Amsterdam ID,Q43229,organization
P6645,Stedelijk Museum Amsterdam ID,Q5,human
P6647,Zagat ID,Q11707,restaurant
P6648,position in Forsyth-Edwards Notation,Q103632,chess opening
P6648,position in Forsyth-Edwards Notation,Q2891654,chess puzzle
P6649,Democracy Club election ID,Q40231,public election
P665,KEGG ID,Q12136,disease
P665,KEGG ID,Q12140,medication
P665,KEGG ID,Q169336,mixture
P665,KEGG ID,Q2996394,biological process
P6650,Martindale-Hubbell profile,Q40348,lawyer
P6650,Martindale-Hubbell profile,Q5,human
P6653,ETS Designated Institution code,Q43229,organization
P6655,stroke order,Q29654788,Unicode character
P6657,CHVRS Classification,Q11424,film
P6658,RCQ classification,Q11424,film
P6658,RCQ classification,Q3464665,television series season
P6659,Baden-Württemberg protected area ID,Q179049,nature reserve
P6660,Rxivist author ID,Q5,human
P6662,Springboks player ID (obsolete),Q5,human
P6663,Utpictura18 artwork ID,Q838948,work of art
P6665,Pro-Linux.de DBApp ID,Q7397,software
P6666,LibreGameWiki ID,Q1569167,video game character
P6666,LibreGameWiki ID,Q165194,application programming interface
P6666,LibreGameWiki ID,Q188860,software library
P6666,LibreGameWiki ID,Q193564,game engine
P6666,LibreGameWiki ID,Q341,free software
P6666,LibreGameWiki ID,Q35127,website
P6666,LibreGameWiki ID,Q62505,physics engine
P6666,LibreGameWiki ID,Q7889,video game
P6667,MARGS ID,Q5,human
P6668,artcena.fr ID,Q25379,play
P6668,artcena.fr ID,Q5,human
P6668,artcena.fr ID,Q11812394,theatre company
P6668,artcena.fr ID,Q1329623,cultural center
P6668,artcena.fr ID,Q1656682,event
P6668,artcena.fr ID,Q230752,auditorium
P6668,artcena.fr ID,Q24354,theatre building
P6668,artcena.fr ID,Q742421,theatre company
P6672,Placar UOL Eleições ID,Q40231,public election
P6673,Memórias da Ditadura ID,Q5,human
P6674,Desaparecidos Políticos ID,Q5,human
P6676,OpenEdition text ID,Q1980247,chapter
P6677,OpenEdition Books author ID,Q5,human
P6678,WoRMS source ID,Q386724,work
P6679,Encyklopedia Teatru Polskiego play ID,Q7725634,literary work
P668,GeneReviews ID,Q7189713,physiological condition
P6681,EUNIS ID for habitats,Q52105,habitat
P6682,Motorsports Hall of Fame of America ID,Q5,human
P6683,Alexander Turnbull Library ID,Q98929991,place
P6683,Alexander Turnbull Library ID,Q11446,ship
P6683,Alexander Turnbull Library ID,Q43229,organization
P6683,Alexander Turnbull Library ID,Q5,human
P6685,Wikidata property example for media,Q18616576,Wikidata property
P6688,National Wrestling Hall of Fame wrestler ID,Q5,human
P669,located on street,Q27096213,geographic entity
P669,located on street,Q3895768,fictional location
P669,located on street,Q1002697,periodical
P669,located on street,Q1190554,occurrence
P669,located on street,Q18247357,group of structures or buildings
P669,located on street,Q2668072,collection
P669,located on street,Q43229,organization
P669,located on street,Q811979,architectural structure
P669,located on street,Q838948,work of art
P6690,CNV-SP ID,Q5,human
P6692,CEMDP ID,Q5,human
P6695,number of sentences,Q17537576,creative work
P6696,PRELIB organization ID,Q43229,organization
P6697,Football Money League rank,Q476028,association football club
P6697,Football Money League rank,Q4830453,business
P6698,Japan Search name ID,Q215627,person
P6698,Japan Search name ID,Q25404640,spatial object
P6698,Japan Search name ID,Q17537576,creative work
P670,house number,Q811979,architectural structure
P6700,Saxony protected area ID,Q759421,Naturschutzgebiet
P6701,Referee.ru person ID,Q5,human
P6702,Shanghai Library person ID,Q5,human
P6703,Shanghai Library place ID,Q618123,geographical feature
P6704,FrogMAP ID,Q16521,taxon
P6705,Academia Sinica authority ID,Q5,human
P6707,approach angle,Q42889,vehicle
P6708,departure angle,Q42889,vehicle
P6709,Løøv classification,Q386724,work
P6710,linear reference,Q105731,lock
P6710,linear reference,Q12280,bridge
P6713,Australian War Memorial ID,Q27096213,geographic entity
P6713,Australian War Memorial ID,Q186081,time interval
P6713,Australian War Memorial ID,Q1190554,occurrence
P6713,Australian War Memorial ID,Q1229765,watercraft
P6713,Australian War Memorial ID,Q176799,military unit
P6713,Australian War Memorial ID,Q180684,conflict
P6713,Australian War Memorial ID,Q327333,government agency
P6713,Australian War Memorial ID,Q5,human
P6713,Australian War Memorial ID,Q7725634,literary work
P6713,Australian War Memorial ID,Q838948,work of art
P6714,Whitney Museum of American Art artist ID,Q5,human
P6715,SIUSA archive producer person ID,Q5,human
P6716,MyNeta.info political party ID,Q7278,political party
P6717,Indie DB game ID,Q7889,video game
P6718,music video,Q55850593,music track with vocals
P6718,music video,Q55850643,music track without lyrics
P6720,interwiki prefix at Wikimedia,Q483279,Wikimania
P6720,interwiki prefix at Wikimedia,Q18616576,Wikidata property
P6720,interwiki prefix at Wikimedia,Q35127,website
P6720,interwiki prefix at Wikimedia,Q386724,work
P6720,interwiki prefix at Wikimedia,Q43229,organization
P6722,FemBio ID,Q5,human
P6723,BlackPast.org ID,Q5,human
P6723,BlackPast.org ID,Q1190554,occurrence
P6723,BlackPast.org ID,Q43229,organization
P6723,BlackPast.org ID,Q618123,geographical feature
P6724,Trainline ID,Q486972,human settlement
P6725,CatholicSaints.info ID,Q5,human
P6726,NSW Capital Conviction ID,Q5,human
P6728,Dictionnaire des Vendéens ID,Q5,human
P6729,SportSport.ba club ID,Q4438121,sports organization
P673,eMedicine ID,Q7189713,physiological condition
P6730,CroRec ID,Q215380,musical group
P6730,CroRec ID,Q5,human
P6733,National Taxonomy of Exempt Entities code,Q163740,nonprofit organization
P6734,Archaeology Data Service person ID,Q5,human
P6735,Watercolour World artist ID,Q43229,organization
P6735,Watercolour World artist ID,Q5,human
P6736,Drobné památky ID,Q108325,chapel
P6736,Drobné památky ID,Q1516537,technical monument
P6736,Drobné památky ID,Q860861,sculpture
P6736,Drobné památky ID,Q200334,bell tower
P6736,Drobné památky ID,Q43483,water well
P6736,Drobné památky ID,Q4989906,monument
P6737,grwar.ru person ID,Q5,human
P6738,Whitney Museum of American Art artwork ID,Q838948,work of art
P6739,Smotrim.ru actor profile ID,Q5,human
P674,characters,Q1046315,level
P674,characters,Q386724,work
P674,characters,Q421744,act
P6740,Justia Patents assignee ID,Q43229,organization
P6741,Kinosozvezdie biography ID,Q5,human
P6742,Musixmatch track ID,Q55850593,music track with vocals
P6742,Musixmatch track ID,Q55850643,music track without lyrics
P6743,LNB Coach id (archived),Q5,human
P6744,FragDenStaat public body ID,Q166118,archives
P6744,FragDenStaat public body ID,Q2385804,educational institution
P6744,FragDenStaat public body ID,Q2659904,government organization
P6744,FragDenStaat public body ID,Q536390,self-regulatory organization
P6744,FragDenStaat public body ID,Q594128,correctional facility
P6744,FragDenStaat public body ID,Q7075,library
P6745,Orlando author ID,Q5,human
P6746,Paměť národa ID,Q5,human
P6748,Interactive Fiction Database ID,Q7889,video game
P6749,CanLII ID,Q2334719,legal case
P6749,CanLII ID,Q327000,court decision
P675,Google Books ID,Q47461344,written work
P675,Google Books ID,Q732577,publication
P6750,CineChile filmmaker ID,Q5,human
P6751,Heritage Gazetteer of Libya ID,Q2221906,geographic location
P6753,number of polling stations,Q189760,voting
P6753,number of polling stations,Q56061,administrative territorial entity
P6754,OBIS ID,Q16521,taxon
P6756,Flora of Australia ID (new),Q16521,taxon
P6757,exposure time,Q125191,photograph
P6757,exposure time,Q15328,camera
P6758,supported sports team,Q1070414,supporters' group
P6758,supported sports team,Q18670161,mascot
P6758,supported sports team,Q5,human
P6758,supported sports team,Q95074,character
P6759,NARA record group number,Q2668072,collection
P676,lyricist,Q108346082,release group
P676,lyricist,Q1650727,song book
P676,lyricist,Q11424,film
P6761,NARA collection ID,Q2668072,collection
P6762,FilmFreeway ID,Q220505,film festival
P6763,Dictionary of Anhui Writers ID,Q5,human
P6764,V&A person ID,Q5,human
P6765,Guix Variable Name,Q5500964,freely redistributable software
P6766,Who's on First ID,Q1125776,wing
P6766,Who's on First ID,Q13226383,facility
P6766,Who's on First ID,Q20437094,installation artwork
P6766,Who's on First ID,Q285783,intersection
P6766,Who's on First ID,Q2882257,First Nation band
P6766,Who's on First ID,Q319608,address
P6766,Who's on First ID,Q37447,postal code
P6766,Who's on First ID,Q41176,building
P6766,Who's on First ID,Q5375483,enclosure
P6766,Who's on First ID,Q634,planet
P6766,Who's on First ID,Q82794,region
P6767,FoodOn ID,Q25403900,food ingredient
P6768,SportSport.ba news ID,Q4438121,sports organization
P6769,CNKI CJFD journal article ID,Q191067,article
P677,ÚSOP code,Q473972,protected area
P677,ÚSOP code,Q23790,natural monument
P677,ÚSOP code,Q811534,remarkable tree
P6770,Swiss National Sound Archives ID,Q43229,organization
P6770,Swiss National Sound Archives ID,Q5,human
P6772,Buddhist Author Authority Database ID,Q43229,organization
P6772,Buddhist Author Authority Database ID,Q5,human
P6773,HAL structure ID,Q43229,organization
P6774,Mod DB game ID,Q7889,video game
P6775,Finnish Trade Register ID,Q4830453,business
P6776,IMTL.org ID,Q13226383,facility
P6776,IMTL.org ID,Q811979,architectural structure
P6777,Danskefilmstemmer.dk person ID,Q5,human
P6778,OBO Gazetteer ID,Q2221906,geographic location
P6778,OBO Gazetteer ID,Q82794,region
P678,incertae sedis,Q16521,taxon
P6780,LGBTFansDB character ID (archived),Q15632617,fictional human
P6780,LGBTFansDB character ID (archived),Q15773317,television character
P6781,ProofWiki ID,Q6256,country
P6781,ProofWiki ID,Q101072,definition
P6781,ProofWiki ID,Q10376408,mathematical symbol
P6781,ProofWiki ID,Q11862829,academic discipline
P6781,ProofWiki ID,Q1293220,physical phenomenon
P6781,ProofWiki ID,Q17736,axiom
P6781,ProofWiki ID,Q20026918,mathematical theory
P6781,ProofWiki ID,Q24034552,mathematical concept
P6781,ProofWiki ID,Q246672,mathematical object
P6781,ProofWiki ID,Q408891,scientific law
P6781,ProofWiki ID,Q47461344,written work
P6781,ProofWiki ID,Q5,human
P6781,ProofWiki ID,Q65943,theorem
P6781,ProofWiki ID,Q66739921,chess term
P6781,ProofWiki ID,Q6999,astronomical object
P6781,ProofWiki ID,Q932268,system of units
P6782,ROR ID,Q22222786,government program
P6782,ROR ID,Q4164871,position
P6782,ROR ID,Q13226383,facility
P6782,ROR ID,Q43229,organization
P6782,ROR ID,Q473972,protected area
P6782,ROR ID,Q56061,administrative territorial entity
P6783,speedrun.com game ID,Q116741534,group of video games
P6783,speedrun.com game ID,Q7889,video game
P6783,speedrun.com game ID,Q865493,video game mod
P6784,Harper's author ID,Q5,human
P6785,Pakistan Railways station code,Q19563580,rail yard
P6785,Pakistan Railways station code,Q55488,railway station
P6786,National Library of Wales Catalogue ID,Q1002697,periodical
P6786,National Library of Wales Catalogue ID,Q4006,map
P6786,National Library of Wales Catalogue ID,Q53731850,individual copy of a book
P6786,National Library of Wales Catalogue ID,Q838948,work of art
P6787,Arachne building ID,Q811430,fixed construction
P6789,ISO speed,Q125191,photograph
P6790,f-number,Q125191,photograph
P6791,The Atlantic author ID,Q5,human
P6792,Find NZ Artists ID,Q5,human
P6795,Unified Social Credit ID,Q43229,organization
P6796,OSZMI ID,Q5,human
P6796,OSZMI ID,Q7777570,theatrical production
P6797,MSX Games World ID,Q7889,video game
P6799,GLIMS ID,Q35666,glacier
P680,molecular function,Q172847,peptide
P6800,sequenced genome URL,Q16521,taxon
P6804,Art Gallery of South Australia creator ID,Q5,human
P6805,Art Gallery of South Australia work ID,Q838948,work of art
P6806,Racing-Reference race ID,Q24050099,auto race
P6807,Racing-Reference track ID,Q2338524,motorsport racing track
P6808,SportSport.ba player ID,Q5,human
P6809,Xikao History ID,Q2143781,drama school
P6809,Xikao History ID,Q1656682,event
P6809,Xikao History ID,Q17633526,Wikinews article
P6809,Xikao History ID,Q5,human
P681,cell component,Q172847,peptide
P681,cell component,Q420927,protein complex
P6811,Prazdne Domy architect ID,Q4387609,architectural firm
P6811,Prazdne Domy architect ID,Q5,human
P6812,AntWiki article ID,Q1390,insect
P6812,AntWiki article ID,Q16521,taxon
P6812,AntWiki article ID,Q386724,work
P6812,AntWiki article ID,Q43229,organization
P6812,AntWiki article ID,Q5,human
P6814,NWBib ID,Q618123,geographical feature
P6815,University of Amsterdam Album Academicum ID,Q5,human
P6816,The Dragon Archive ID,Q2249149,electronic game
P6819,calligrapher,Q386724,work
P682,biological process,Q178593,macromolecule
P682,biological process,Q7187,gene
P6820,Australian bank branch ID,Q1880737,branch office
P6820,Australian bank branch ID,Q22687,bank
P6821,Alvin ID,Q5,human
P6821,Alvin ID,Q2221906,geographic location
P6821,Alvin ID,Q386724,work
P6821,Alvin ID,Q43229,organization
P6822,Tainacan MAI ID,Q223557,physical object
P6823,GNU ELPA package ID,Q7397,software
P6824,replacement property,Q18616576,Wikidata property
P6825,RFGS person ID,Q5,human
P6827,Igromania ID,Q116779426,group of video games often treated as a singular game
P6827,Igromania ID,Q7889,video game
P6830,swMATH work ID,Q7397,software
P6830,swMATH work ID,Q8366,algorithm
P6830,swMATH work ID,Q8513,database
P6830,swMATH work ID,Q9143,programming language
P6831,Pinakes author ID,Q5,human
P6832,IndicePA ID,Q15141478,public administration of Italy
P6832,IndicePA ID,Q15089,province of Italy
P6832,IndicePA ID,Q747074,comune of Italy
P6836,Pro Football Reference coach ID,Q5,human
P6837,Keybase username,Q43229,organization
P6837,Keybase username,Q5,human
P6841,International Tennis Federation tournament ID,Q46190676,tennis event
P6841,International Tennis Federation tournament ID,Q47345468,tennis tournament edition
P6842,Campendium ID,Q2221906,geographic location
P6843,Malaysia company number,Q783794,company
P6844,abART person ID,Q5,human
P6844,abART person ID,Q15632617,fictional human
P6844,abART person ID,Q61002,pseudonym
P6845,abART document ID,Q16686448,artificial object
P6845,abART document ID,Q49848,document
P6846,abART exhibition ID,Q13226383,facility
P6846,abART exhibition ID,Q1190554,occurrence
P6846,abART exhibition ID,Q43229,organization
P6847,abART group ID,Q43229,organization
P6848,abART institution ID,Q15206795,exhibition space
P6848,abART institution ID,Q178706,institution
P6848,abART institution ID,Q43229,organization
P6848,abART institution ID,Q486972,human settlement
P6850,ABA League player ID,Q5,human
P6851,Biographical Dictionary of Iowa ID,Q5,human
P6853,Coco Game List ID,Q7889,video game
P6855,emergency services,Q16917,hospital
P6855,emergency services,Q569500,community health center
P6856,average speed,Q1067164,transport service itinerary
P6856,average speed,Q83620,thoroughfare
P6856,average speed,Q924286,transport network
P6858,Réunionnais du monde ID,Q5,human
P6859,Corporate Number (South Korea),Q43229,organization
P686,Gene Ontology ID,Q2996394,biological process
P686,Gene Ontology ID,Q5058355,cellular component
P6862,digilibLT author ID,Q5,human
P6862,digilibLT author ID,Q61002,pseudonym
P6863,Digital Prosopography of the Roman Republic ID,Q21070598,figure that may or may not be fictional
P6863,Digital Prosopography of the Roman Republic ID,Q5,human
P6864,eBiodiversity ID,Q16521,taxon
P6865,Eurobasket.com coach ID,Q5,human
P6866,euroleague.net coach ID,Q5,human
P6867,Gamepedia wiki ID,Q11410,game
P6867,Gamepedia wiki ID,Q7058673,video game series
P6869,Hoopla publisher ID,Q43229,organization
P6872,has written for,Q5,human
P6872,has written for,Q95074,character
P6873,IntraText author ID,Q43229,organization
P6873,IntraText author ID,Q5,human
P6874,Musixmatch artist ID,Q5,human
P6874,Musixmatch artist ID,Q95074,character
P6875,motif represents,Q18534,metaphor
P6875,motif represents,Q1697305,narrative motif
P6875,motif represents,Q80071,symbol
P6877,MAHG ID,Q220659,archaeological artefact
P6877,MAHG ID,Q386724,work
P6878,Erik Amburger database ID,Q5,human
P6879,effective temperature,Q1993624,spectroscopic binary
P6879,effective temperature,Q3132741,substellar object
P6879,effective temperature,Q523,star
P688,encodes,Q7187,gene
P688,encodes,Q165052,codon
P6880,Association of Tennis Professionals tennis tournament edition ID,Q46190676,tennis event
P6880,Association of Tennis Professionals tennis tournament edition ID,Q47345468,tennis tournament edition
P6881,Rugby League Project ID (general),Q27020041,sports season
P6881,Rugby League Project ID (general),Q1076486,sports venue
P6881,Rugby League Project ID (general),Q15221215,rugby league team
P6881,Rugby League Project ID (general),Q5,human
P6882,RIAA artist ID,Q5,human
P6882,RIAA artist ID,Q2088357,musical ensemble
P6882,RIAA artist ID,Q95074,character
P6884,target muscle,Q219067,physical exercise
P6885,historical region,Q4204501,historical ethnic group
P6885,historical region,Q486972,human settlement
P6885,historical region,Q56061,administrative territorial entity
P6886,writing language,Q215627,person
P6886,writing language,Q61002,pseudonym
P6886,writing language,Q95074,character
P6888,MELPA package ID,Q7397,software
P6889,microarchitecture,Q1466064,processor
P689,afflicts,Q16521,taxon
P689,afflicts,Q170065,pathogen
P689,afflicts,Q7189713,physiological condition
P6891,National Film Board of Canada director ID,Q5,human
P6894,Beatport artist ID,Q5,human
P6894,Beatport artist ID,Q2088357,musical ensemble
P6894,Beatport artist ID,Q431289,brand
P6894,Beatport artist ID,Q95074,character
P6895,Bangladesh administrative division code (2017-),Q56061,administrative territorial entity
P6896,Djshop artist ID,Q215380,musical group
P6896,Djshop artist ID,Q5,human
P6898,NeoGeoSoft ID,Q7889,video game
P6899,New York City Neighborhood Tabulation area ID,Q287414,neighborhood in New York City
P69,educated at,Q5,human
P69,educated at,Q95074,character
P6902,era name,Q5,human
P6903,ArtBrokerage artist ID,Q5,human
P6905,Bebo profile ID,Q5,human
P6907,BVLarramendi ID,Q5,human
P6909,Charts in France artist ID,Q5,human
P6910,CIN ID,Q5,human
P6911,Dutch Charts artist ID,Q5,human
P6912,Equipboard artist ID,Q5,human
P6913,Facebook Gaming game ID,Q7058673,video game series
P6913,Facebook Gaming game ID,Q7889,video game
P6914,Gaana artist ID,Q5,human
P6915,Gambay ID,Q17376908,languoid
P6915,Gambay ID,Q82794,region
P6917,Historical Archives of the European Union ID,Q43229,organization
P6917,Historical Archives of the European Union ID,Q5,human
P6918,hitparade.ch artist ID,Q5,human
P692,Gene Atlas image,Q7187,gene
P6920,Juno Download artist ID,Q5,human
P6921,MangaSeek person ID,Q43229,organization
P6921,MangaSeek person ID,Q5,human
P6922,Metro topic ID,Q15632617,fictional human
P6922,Metro topic ID,Q5,human
P6923,Moov artist ID,Q5,human
P6924,Murfie artist ID,Q5,human
P6926,Nederlandse Top 40 artist ID,Q215380,musical group
P6926,Nederlandse Top 40 artist ID,Q5,human
P6927,NME artist ID,Q5,human
P6928,PCE Daisakusen ID,Q7889,video game
P6931,Repology project name,Q17451,typeface
P6931,Repology project name,Q7397,software
P6932,RogerEbert.com film ID,Q11424,film
P6934,Syriac Biographical Dictionary ID,Q5,human
P6935,The DJ List artist ID,Q5,human
P6936,Who's Who of American Comic Books ID,Q5,human
P6937,SNBP ID,Q856584,library building
P6938,seconded by,Q452237,motion
P6939,moved by,Q452237,motion
P694,replaced synonym (for nom. nov.),Q16521,taxon
P694,replaced synonym (for nom. nov.),Q17134993,validly published name
P6940,FPBR person ID,Q5,human
P6941,PHI Latin Texts author ID,Q5,human
P6941,PHI Latin Texts author ID,Q61002,pseudonym
P6942,animator,Q1983062,episode
P6942,animator,Q11424,film
P6942,animator,Q24856,film series
P6942,animator,Q526877,web series
P6942,animator,Q5398426,television series
P6942,animator,Q581714,animated series
P6942,animator,Q7889,video game
P6943,VG-lista artist ID,Q5,human
P6944,Bionomia ID,Q5,human
P6945,Steam profile ID,Q1058914,software company
P6945,Steam profile ID,Q5,human
P6946,Find & Connect ID,Q43229,organization
P6946,Find & Connect ID,Q699405,dwelling
P6948,video system,Q416,disk magazine
P6948,video system,Q7397,software
P6949,announcement date,Q618779,award
P6949,announcement date,Q850270,concept car
P6949,announcement date,Q88392887,part of a work
P6949,announcement date,Q1151067,rule
P6949,announcement date,Q1656682,event
P6949,announcement date,Q376799,transport infrastructure
P6949,announcement date,Q386724,work
P6949,announcement date,Q431289,brand
P6949,announcement date,Q58778,system
P6950,Scandipop topic ID,Q5,human
P6953,2014 Commonwealth Games athlete ID (archived),Q5,human
P6955,El portal de Música artist ID,Q5,human
P6956,Balochistan EMIS code,Q2385804,educational institution
P6957,Khyber Pakhtunkhwa EMIS code,Q2385804,educational institution
P6958,Punjab EMIS code,Q2385804,educational institution
P6959,Sindh EMIS code,Q2385804,educational institution
P6962,narrative motif,Q386724,work
P6963,BaFin Institute ID,Q43229,organization
P6964,Musiikkituottajat artist ID (certification),Q2088357,musical ensemble
P6964,Musiikkituottajat artist ID (certification),Q5,human
P6965,IFPI Austria artist ID,Q5,human
P6966,IFPI Danmark artist ID,Q5,human
P6967,SNEP artist ID,Q5,human
P6968,hitparade.ch artist (certification) ID,Q5,human
P6969,BVMI artist ID,Q215380,musical group
P6969,BVMI artist ID,Q5,human
P697,ex taxon author,Q16521,taxon
P6970,Music Canada artist ID,Q5,human
P6971,IFPI Norge artist ID,Q215380,musical group
P6971,IFPI Norge artist ID,Q5,human
P6972,Napster artist ID,Q2088357,musical ensemble
P6972,Napster artist ID,Q5,human
P6973,Personnel de l'administration préfectorale ID,Q5,human
P6975,RBF professional boxer ID,Q5,human
P6976,Retrosheet person ID,Q5,human
P6977,review of,Q191067,article
P6977,review of,Q265158,review
P6978,Scandinavian middle family name,Q15632617,fictional human
P6978,Scandinavian middle family name,Q5,human
P698,PubMed publication ID,Q11826511,scientific work
P698,PubMed publication ID,Q191067,article
P698,PubMed publication ID,Q2085515,minutes
P6980,LB.ua dossier ID,Q5,human
P6980,LB.ua dossier ID,Q1190554,occurrence
P6980,LB.ua dossier ID,Q43229,organization
P6982,Australian Faunal Directory publication ID,Q1980247,chapter
P6982,Australian Faunal Directory publication ID,Q11826511,scientific work
P6982,Australian Faunal Directory publication ID,Q571,book
P6983,Sverigetopplistan artist ID,Q5,human
P6984,Rupa Publications author ID,Q5,human
P6985,OYO hotel ID,Q27686,hotel
P6987,Hungarian National Namespace place ID (old),Q618123,geographical feature
P6988,Hungarian National Namespace person ID (old),Q5,human
P6989,Hungarian National Namespace organisation ID (old),Q43229,organization
P699,Disease Ontology ID,Q12136,disease
P6993,Pro Kabaddi League player ID,Q5,human
P6994,RBF amateur boxer ID,Q5,human
P6995,National Transportation Safety Board report ID,Q179057,explosion
P6995,National Transportation Safety Board report ID,Q12890393,incident
P6995,National Transportation Safety Board report ID,Q220187,oil spill
P6996,Epitafier.se ID,Q5,human
P6997,magazine in BitArkivo.org,Q41298,magazine
P6999,Musisque Deoque author ID,Q5,human
P6999,Musisque Deoque author ID,Q61002,pseudonym
P700,Kemler code,Q79529,chemical substance
P7000,DigitalNZ ID,Q386724,work
P7001,PharmGKB ID,Q8386,drug
P7001,PharmGKB ID,Q12136,disease
P7001,PharmGKB ID,Q4915012,biological pathway
P7001,PharmGKB ID,Q7187,gene
P7005,Adventure Gamers video game ID,Q7889,video game
P7006,BIC of the Canary Islands ID,Q618123,geographical feature
P7007,Wolfram Language unit code,Q15132612,unit prefix
P7007,Wolfram Language unit code,Q47574,unit of measurement
P7010,imprimatur granted by,Q386724,work
P7013,Anime Characters Database character ID,Q30061312,fictional liminal entity
P7013,Anime Characters Database character ID,Q2593744,fictional creature
P7013,Anime Characters Database character ID,Q30061294,supernatural being in a work of fiction
P7015,surface gravity,Q6999,astronomical object
P7019,ANZCTR ID,Q30612,clinical trial
P7020,Arachne collection ID,Q33506,museum
P7021,Arachne object ID,Q1640824,inscription
P7021,Arachne object ID,Q838948,work of art
P7022,Australian Suppliers Directory ID,Q43229,organization
P7027,MPG ID,Q178706,institution
P7027,MPG ID,Q5,human
P703,found in taxon,Q55568967,biological structure
P703,found in taxon,Q514,anatomy
P703,found in taxon,Q2996394,biological process
P703,found in taxon,Q420927,protein complex
P703,found in taxon,Q7020,genome
P703,found in taxon,Q79529,chemical substance
P703,found in taxon,Q81163,polymer
P7030,National Pollutant Inventory ID,Q13226383,facility
P7031,Penguin India author ID,Q36180,writer
P7032,Repertorium van ambtsdragers en ambtenaren ID,Q5,human
P7036,TuttoCalciatori.net player ID,Q5,human
P7038,Documenta Catholica Omnia author ID,Q5,human
P704,Ensembl transcript ID,Q7187,gene
P7040,NosDéputés.fr identifiant,Q5,human
P7041,Perseus author ID,Q215627,person
P7041,Perseus author ID,Q827597,pseudepigraph
P7042,The Latin Library author ID,Q215627,person
P7042,The Latin Library author ID,Q61002,pseudonym
P7043,TheTVDB episode ID,Q1983062,episode
P7043,TheTVDB episode ID,Q4504495,award ceremony
P7043,TheTVDB episode ID,Q1261214,television special
P7043,TheTVDB episode ID,Q29555881,segment of a television episode
P7043,TheTVDB episode ID,Q506240,television film
P7044,Colonial Frontier Massacres ID,Q3199915,massacre
P7045,chassis,Q42889,vehicle
P7046,HOV-ID,Q618123,geographical feature
P7047,enemy,Q14897293,fictional entity
P7048,PBS Drug Code,Q12034612,medicinal product
P705,Ensembl protein ID,Q172847,peptide
P7050,Album of the Year artist ID,Q18510489,comedy troupe
P7050,Album of the Year artist ID,Q5,human
P7051,Atlas of Living Australia ID,Q16521,taxon
P7052,Jaxsta profile ID,Q5,human
P7052,Jaxsta profile ID,Q95074,character
P7053,Indian Super League player ID,Q5,human
P7054,misas.org Catholic church ID,Q17143723,Catholic parish
P7054,misas.org Catholic church ID,Q16970,church building
P7054,misas.org Catholic church ID,Q98116669,religious complex
P7055,Jaxsta release ID,Q108346082,release group
P7056,Jaxsta recording ID,Q7302866,audio track
P7057,FEC Campaign Committee ID,Q847301,political campaign
P7057,FEC Campaign Committee ID,Q2101438,political action committee
P7057,FEC Campaign Committee ID,Q7278,political party
P7059,Premier Badminton League player ID,Q5,human
P706,located in/on physical feature,Q27096213,geographic entity
P706,located in/on physical feature,Q3099911,scientific instrument
P706,located in/on physical feature,Q3238337,mythical location
P706,located in/on physical feature,Q3895768,fictional location
P706,located in/on physical feature,Q4989906,monument
P706,located in/on physical feature,Q634,planet
P706,located in/on physical feature,Q860861,sculpture
P706,located in/on physical feature,Q1190554,occurrence
P706,located in/on physical feature,Q1322005,natural phenomenon
P706,located in/on physical feature,Q2451477,natural material
P706,located in/on physical feature,Q9346860,geological structure
P7060,NosSénateurs.fr ID,Q5,human
P7063,U.S. Supreme Court docket number,Q19692072,decision of the Supreme Court of the United States
P7064,PBS Manufacturer ID,Q4830453,business
P7065,Kerala state school code,Q3914,school
P7066,Taxonomicon ID,Q16521,taxon
P7067,Album of the Year album ID,Q108346082,release group
P7067,Album of the Year album ID,Q11410,game
P7069,World Athletics competition category,Q11783626,athletics meeting
P707,spacecraft bus,Q40218,spacecraft
P7071,Qobuz artist ID,Q5,human
P7071,Qobuz artist ID,Q2088357,musical ensemble
P7071,Qobuz artist ID,Q95074,character
P7072,WikiApiary wiki ID,Q15633582,MediaWiki wiki
P7075,mod of,Q865493,video game mod
P7077,Paris Foreign Missions Society ID,Q5,human
P7078,typing discipline,Q9143,programming language
P7079,shrinkage,Q214609,material
P7081,quotation or excerpt,Q49848,document
P7081,quotation or excerpt,Q17537576,creative work
P7081,quotation or excerpt,Q2334719,legal case
P7081,quotation or excerpt,Q2668072,collection
P7081,quotation or excerpt,Q34508,video recording
P7081,quotation or excerpt,Q47461344,written work
P7086,start grade,Q3914,school
P7087,inverse label item,Q18616576,Wikidata property
P7089,AFCD PFKID,Q2095,food
P709,Historic Environment Scotland ID,Q27096213,geographic entity
P709,Historic Environment Scotland ID,Q860861,sculpture
P7090,Australian Marine Algal Name Index ID,Q16521,taxon
P7091,Common Sense Media ID,Q2431196,audiovisual work
P7091,Common Sense Media ID,Q5398426,television series
P7091,Common Sense Media ID,Q7725634,literary work
P7091,Common Sense Media ID,Q35127,website
P7091,Common Sense Media ID,Q482994,album
P7091,Common Sense Media ID,Q571,book
P7093,ABBBS Taxon ID,Q16521,taxon
P7094,WaterNSW Rivers and Streams Site No.,Q15324,body of water
P7095,end grade,Q3914,school
P710,participant,Q122397289,imaginary event
P710,participant,Q1190554,occurrence
P710,participant,Q124964,coalition
P710,participant,Q21191270,television series episode
P710,participant,Q223642,interpersonal relationship
P710,participant,Q321839,agreement
P710,participant,Q5,human
P710,participant,Q58778,system
P710,participant,Q718893,theater of war
P7102,Grand Canyon Trust ID,Q2221906,geographic location
P7103,start of covered period,Q3152824,cultural institution
P7103,start of covered period,Q185598,diary
P7103,start of covered period,Q2668072,collection
P7103,start of covered period,Q7725310,series of creative works
P7104,end of covered period,Q3152824,cultural institution
P7104,end of covered period,Q185598,diary
P7104,end of covered period,Q2668072,collection
P7104,end of covered period,Q7725310,series of creative works
P7105,LezWatch.TV actor ID,Q5,human
P7106,LezWatch.TV character ID,Q5,human
P7106,LezWatch.TV character ID,Q15711870,animated character
P7106,LezWatch.TV character ID,Q15773317,television character
P7106,LezWatch.TV character ID,Q2593744,fictional creature
P7106,LezWatch.TV character ID,Q30061294,supernatural being in a work of fiction
P7106,LezWatch.TV character ID,Q30061312,fictional liminal entity
P7107,LezWatch.TV show ID,Q15416,television program
P7107,LezWatch.TV show ID,Q526877,web series
P7108,location of the point of view,Q4502142,visual artwork
P7109,Acharts.co artist ID,Q5,human
P7109,Acharts.co artist ID,Q2088357,musical ensemble
P7109,Acharts.co artist ID,Q431289,brand
P7109,Acharts.co artist ID,Q95074,character
P7110,Textile Connect publication ID,Q732577,publication
P7111,08euro.Ru person ID,Q5,human
P7112,CUP2002.RU person ID,Q5,human
P7113,Euro04.Ru person ID,Q5,human
P7114,Gazeta.Ru Euro 2012 person ID,Q5,human
P7115,WorldCup10.Ru person ID,Q5,human
P7116,Hiking Project trail ID,Q628179,trail
P7118,AMPAS collections film ID,Q11424,film
P7119,AMPAS collections person ID,Q43229,organization
P7119,AMPAS collections person ID,Q5,human
P7122,opinion joined by,Q2334719,legal case
P7126,Mac OS type code,Q235557,file format
P7126,Mac OS type code,Q7397,software
P7127,AllTrails trail ID,Q27096213,geographic entity
P7128,Archives Directory for the History of Collecting in America ID,Q5,human
P7128,Archives Directory for the History of Collecting in America ID,Q43229,organization
P7128,Archives Directory for the History of Collecting in America ID,Q811979,architectural structure
P7129,PEPC park ID,Q30304302,National Park System unit
P7130,Vidwan ID,Q5,human
P7131,Bureau des longitudes ID,Q5,human
P7132,ComingSoon.it film ID,Q11424,film
P7132,ComingSoon.it film ID,Q5398426,television series
P7133,Cleartrip hotel ID,Q27686,hotel
P7134,Mojarto artist ID,Q483501,artist
P7135,Rijksmonument complex ID,Q386724,work
P7135,Rijksmonument complex ID,Q618123,geographical feature
P7136,Goibibo Hotel ID,Q27686,hotel
P7137,acknowledged,Q17537576,creative work
P7137,acknowledged,Q47461344,written work
P7138,Acharts.co chart ID,Q373899,record chart
P7139,ONF forest national ID,Q4421,forest
P7142,Poincaré Papers person ID,Q5,human
P7143,Acharts.co album ID,Q108346082,release group
P7145,CHESNO politician ID,Q5,human
P7146,Rollerstory skater ID,Q5,human
P7148,Nauka Ukrainy scientist ID,Q5,human
P7149,OhRanger.com ID,Q618123,geographical feature
P7150,epigraph,Q17537576,creative work
P7151,Wynk artist ID,Q5,human
P7154,Empik author ID,Q5,human
P7155,WP Muzyka artist ID,Q215380,musical group
P7155,WP Muzyka artist ID,Q5,human
P7156,Interia Muzyka artist ID,Q5,human
P7159,Plus Music artist ID,Q5,human
P716,JPL Small-Body Database SPK-ID,Q6999,astronomical object
P7160,manner of inhumane treatment,Q215627,person
P7160,manner of inhumane treatment,Q19902850,witch trial
P7162,cases consolidated,Q2334719,legal case
P7163,typically sells,Q655686,commercial building
P7163,typically sells,Q11707,restaurant
P7163,typically sells,Q132510,market
P7163,typically sells,Q507619,retail chain
P7166,Acharts.co song ID,Q7302866,audio track
P7169,substitute director/manager,Q43229,organization
P717,Minor Planet Center observatory code,Q1254933,astronomical observatory
P717,Minor Planet Center observatory code,Q4213,telescope
P7170,register of real estate NKP,Q618123,geographical feature
P7170,register of real estate NKP,Q811430,fixed construction
P7170,register of real estate NKP,Q838948,work of art
P7171,Hacker News username,Q5,human
P7172,shmup.com ID,Q7889,video game
P7174,school class,Q5,human
P7175,Gaana album ID,Q108346082,release group
P7176,XING profile ID,Q5,human
P7177,Cinestaan film ID,Q11424,film
P7178,Cinestaan person ID,Q5,human
P7180,Planespotters.net aircraft ID,Q11436,aircraft
P7181,PLIA ID,Q2221906,geographic location
P7182,IBP 4-letter bird species alpha code,Q16521,taxon
P7184,Awards & Winners artist ID,Q5,human
P7185,eska.pl topic ID,Q5,human
P7186,Image-Line artist ID,Q5,human
P7187,Jango artist ID,Q5,human
P7188,LiveXLive artist ID,Q5,human
P7189,Mora Artist ID,Q215627,person
P7189,Mora Artist ID,Q95074,character
P7190,RMF FM artist ID,Q5,human
P7191,Supraphonline artist ID,Q5,human
P7192,TuneIn artist ID,Q2088357,musical ensemble
P7192,TuneIn artist ID,Q5,human
P7193,YesAsia author ID,Q43229,organization
P7193,YesAsia author ID,Q5,human
P7194,AZLyrics.com artist ID,Q5,human
P7195,Bandsintown artist ID,Q2088357,musical ensemble
P7195,Bandsintown artist ID,Q5,human
P7196,musica.com artist ID,Q5,human
P7198,RauteMusik artist ID,Q5,human
P7199,Scribd publication ID,Q732577,publication
P720,asteroid spectral type,Q3863,asteroid
P7200,SongMeanings artist ID,Q5,human
P7201,SoundHound artist ID,Q5,human
P7202,Belgian Species List ID,Q16521,taxon
P7203,Dizionario biografico dei Friulani ID,Q5,human
P7205,jog.fm artist ID,Q215380,musical group
P7205,jog.fm artist ID,Q5,human
P7206,Lyrics007 artist ID,Q5,human
P7207,Moly.hu book ID,Q47461344,written work
P721,OKATO ID,Q15642541,human-geographic territorial entity
P721,OKATO ID,Q486972,human settlement
P7210,GreatSong artist ID,Q5,human
P7211,Line Blog user ID,Q5,human
P7211,Line Blog user ID,Q17537576,creative work
P7211,Line Blog user ID,Q43229,organization
P7212,LyricsTranslate ID,Q5,human
P7212,LyricsTranslate ID,Q10648343,duo
P7212,LyricsTranslate ID,Q17537576,creative work
P7212,LyricsTranslate ID,Q2088357,musical ensemble
P7213,periodical archive URL,Q1002697,periodical
P7214,Allcinema person ID,Q15632617,fictional human
P7214,Allcinema person ID,Q5,human
P7215,Eiga.com person ID,Q5,human
P7216,MTV Polska artist ID,Q5,human
P7217,MTV UK artist ID (archived),Q5,human
P7218,Vox FM artist ID,Q5,human
P7222,Eiga.com movie ID,Q1047299,original net animation
P7222,Eiga.com movie ID,Q11424,film
P7223,Transfermarkt team ID,Q15944511,association football team
P7223,Transfermarkt team ID,Q476028,association football club
P7224,Insects (Insecta) of the World ID,Q16521,taxon
P7225,BEACON ID,Q40080,beach
P7226,RPGGeek ID,Q5,human
P7226,RPGGeek ID,Q1002697,periodical
P7226,RPGGeek ID,Q160738,role-playing game
P7226,RPGGeek ID,Q2085381,publishing house
P7229,Fundación Goya en Aragón ID,Q838948,work of art
P723,DBNL author ID,Q5,human
P723,DBNL author ID,Q1002697,periodical
P723,DBNL author ID,Q15632617,fictional human
P7230,AccuRadio artist ID,Q5,human
P7231,eStudánky ID,Q124714,spring
P7232,LongSwimsDB swimmer ID,Q5,human
P7233,Washington Trails Association Hiking Guide ID,Q2221906,geographic location
P7233,Washington Trails Association Hiking Guide ID,Q628179,trail
P7234,Scribd item ID,Q49848,document
P7236,Dove.org work ID,Q11424,film
P724,Internet Archive ID,Q1057179,user guide
P724,Internet Archive ID,Q108346082,release group
P724,Internet Archive ID,Q1656682,event
P724,Internet Archive ID,Q732577,publication
P724,Internet Archive ID,Q17537576,creative work
P724,Internet Archive ID,Q3966,computer hardware
P724,Internet Archive ID,Q43229,organization
P724,Internet Archive ID,Q47461344,written work
P724,Internet Archive ID,Q68,computer
P7241,SCTrails trail ID,Q628179,trail
P725,voice actor,Q1144661,amusement ride
P725,voice actor,Q106833,audiobook
P725,voice actor,Q116741534,group of video games
P725,voice actor,Q1464125,web series episode
P725,voice actor,Q1555508,radio program
P725,voice actor,Q2431196,audiovisual work
P725,voice actor,Q95074,character
P7251,identification code for Japanese universities and colleges,Q38723,higher education institution
P7253,color produced,Q189720,dye
P7254,Pilze Deutschland ID,Q16521,taxon
P7255,Moose Deutschland ID,Q16521,taxon
P7256,computer performance,Q68,computer
P7257,Guia dos Quadrinhos person ID,Q5,human
P7258,Toons Mag ID,Q5,human
P7259,Newspapers.com paper ID,Q1002697,periodical
P726,candidate,Q51591359,voting result
P726,candidate,Q40231,public election
P726,candidate,Q847301,political campaign
P7260,Transporter Classification Database ID,Q172847,peptide
P7260,Transporter Classification Database ID,Q420927,protein complex
P7263,Prime Pages ID,Q49008,prime number
P7264,FCC Grantee Code,Q43229,organization
P7265,Russian First League player ID,Q5,human
P7266,Guia dos Quadrinhos comic ID (Brazilian),Q1004,comics
P7267,Guia dos Quadrinhos publishing house ID (Brazilian),Q2085381,publishing house
P7268,Guia dos Quadrinhos character ID,Q95074,character
P7269,Guia dos Quadrinhos comic ID,Q1760610,comic book
P7270,Guia dos Quadrinhos publishing house ID,Q2085381,publishing house
P7271,Hiking Project area ID,Q2221906,geographic location
P7272,Hiking Project site ID,Q2221906,geographic location
P7273,National Equipment Registration System Supplier Number,Q43229,organization
P7275,Naver VIBE artist ID,Q5,human
P7277,Pandora artist ID,Q5,human
P7277,Pandora artist ID,Q2088357,musical ensemble
P7277,Pandora artist ID,Q431289,brand
P7277,Pandora artist ID,Q95074,character
P7278,Peakbagger climber ID,Q5,human
P7279,Peakbagger key col ID,Q2221906,geographic location
P7280,PlaymakerStats.com team ID,Q12973014,sports team
P7280,PlaymakerStats.com team ID,Q847017,sports club
P7282,Slovo i Dilo person ID,Q5,human
P7283,Spectrum Management System Company Number,Q43229,organization
P7285,Writers Guild of America project ID,Q11424,film
P7285,Writers Guild of America project ID,Q15416,television program
P7287,WorldFootball.net team ID (old),Q15944511,association football team
P7287,WorldFootball.net team ID (old),Q476028,association football club
P7288,Bursa Malaysia stock code,Q783794,company
P729,service entry,Q223371,stock market index
P729,service entry,Q10273457,equipment
P729,service entry,Q110113149,lit beacon
P729,service entry,Q121359,infrastructure
P729,service entry,Q14897293,fictional entity
P729,service entry,Q1875630,aircraft fleet
P729,service entry,Q2668072,collection
P729,service entry,Q317623,technical standard
P729,service entry,Q58778,system
P7291,L-number,Q16521,taxon
P7294,itch.io URL,Q1643932,tabletop role-playing game
P7294,itch.io URL,Q7397,software
P7295,Gregorian calendar start date,Q6256,country
P7296,Lower Austrian Museum ID,Q33506,museum
P7298,Auckland Museum ID,Q82794,region
P7298,Auckland Museum ID,Q1408229,finished good
P7298,Auckland Museum ID,Q215627,person
P7298,Auckland Museum ID,Q43229,organization
P7299,MUBI film ID,Q5398426,television series
P7299,MUBI film ID,Q11424,film
P7299,MUBI film ID,Q526877,web series
P730,service retirement,Q121359,infrastructure
P730,service retirement,Q1875630,aircraft fleet
P730,service retirement,Q10273457,equipment
P730,service retirement,Q165194,application programming interface
P730,service retirement,Q2668072,collection
P730,service retirement,Q283202,harbor
P730,service retirement,Q41176,building
P730,service retirement,Q7321258,beacon
P7300,MUBI person ID,Q215380,musical group
P7300,MUBI person ID,Q5,human
P7303,Grammy Awards artist ID,Q2088357,musical ensemble
P7303,Grammy Awards artist ID,Q5,human
P7306,Downdetector ID,Q35120,entity
P7307,TOP500 System ID,Q121117,supercomputer
P7308,National Wildlife Refuge Trails ID,Q1410668,National Wildlife Refuge
P7308,National Wildlife Refuge Trails ID,Q628179,trail
P7309,has climbing route,Q271669,landform
P7310,Maine Trail Finder ID,Q628179,trail
P7311,Aozora Bunko author ID,Q43229,organization
P7311,Aozora Bunko author ID,Q5,human
P7312,Aozora Bunko work ID,Q47461344,written work
P7312,Aozora Bunko work ID,Q732577,publication
P7313,Rate Your Music label ID,Q18127,record label
P7315,IP Code,Q10273457,equipment
P7317,iHeart artist ID,Q5,human
P7317,iHeart artist ID,Q2088357,musical ensemble
P7317,iHeart artist ID,Q95074,character
P7318,Behind The Voice Actors short ID,Q1259759,miniseries
P7318,Behind The Voice Actors short ID,Q24862,short film
P7319,ExplorePaTrails ID,Q628179,trail
P7320,Labelcode,Q43229,organization
P7321,Trail Finder ID,Q628179,trail
P7323,Archnet site ID,Q811979,architectural structure
P7325,DANE code,Q2555896,municipality of Colombia
P7326,MobyGames genre ID,Q11514315,historical period
P7326,MobyGames genre ID,Q107647829,video game mechanic
P7326,MobyGames genre ID,Q7600677,computer graphics
P7327,OFLC classification,Q1121690,beverage can
P7327,OFLC classification,Q3523102,source of information
P7327,OFLC classification,Q11460,clothing
P7327,OFLC classification,Q12132,calendar system
P7327,OFLC classification,Q17537576,creative work
P7327,OFLC classification,Q34508,video recording
P7327,OFLC classification,Q3464665,television series season
P7327,OFLC classification,Q478798,image
P7327,OFLC classification,Q623149,billboard
P7327,OFLC classification,Q7725634,literary work
P7327,OFLC classification,Q915196,greeting card
P7329,ICD-11 ID (MMS),Q12136,disease
P7329,ICD-11 ID (MMS),Q177719,medical diagnosis
P7332,NMM artist ID,Q5,human
P7333,Pathway Ontology ID,Q4915012,biological pathway
P7334,Fandango at Home video ID (formerly Vudu video ID),Q11424,film
P7334,Fandango at Home video ID (formerly Vudu video ID),Q15416,television program
P7336,GCF Reference,Q2858615,electronic device
P7337,Wi-Fi Certification ID,Q2858615,electronic device
P7338,regnal ordinal,Q5,human
P734,family name,Q14897293,fictional entity
P734,family name,Q7239,organism
P734,family name,Q8436,family
P734,family name,Q201662,alter ego
P734,family name,Q61002,pseudonym
P7340,sixpackfilmdata film ID,Q11424,film
P7341,sixpackfilmdata person ID,Q5,human
P7342,Dirección General de Bibliotecas ID,Q7075,library
P7343,Elitefootball player ID,Q5,human
P7344,The Wind Power farm ID,Q194356,wind farm
P7345,IGNrando' ID,Q2221906,geographic location
P7346,Fossiilid.info ID,Q16521,taxon
P7348,Kivid.info ID,Q7946,mineral
P7348,Kivid.info ID,Q8063,rock
P7349,Gazetteer for Scotland person ID,Q95074,character
P7349,Gazetteer for Scotland person ID,Q7239,organism
P735,given name,Q729,Animalia
P735,given name,Q7239,organism
P735,given name,Q207174,personification
P735,given name,Q14897293,fictional entity
P735,given name,Q201662,alter ego
P735,given name,Q2239243,mythical creature
P735,given name,Q61002,pseudonym
P7350,Gazetteer for Scotland place ID,Q27096213,geographic entity
P7351,FootballDatabase.eu team ID,Q15944511,association football team
P7351,FootballDatabase.eu team ID,Q476028,association football club
P7352,GENUKI ID,Q43229,organization
P7352,GENUKI ID,Q811979,architectural structure
P7353,NTS Radio artist ID,Q2088357,musical ensemble
P7353,NTS Radio artist ID,Q5,human
P7354,Ticketmaster artist ID,Q2088357,musical ensemble
P7354,Ticketmaster artist ID,Q5,human
P7355,See Tickets artist ID,Q5,human
P7356,DC Books author ID,Q5,human
P7357,Diccionari de la Literatura Catalana ID,Q35120,entity
P7358,FootballFakts.ru team ID,Q15944511,association football team
P7358,FootballFakts.ru team ID,Q476028,association football club
P7359,LaPreferente.com player ID,Q5,human
P736,cover art by,Q108346082,release group
P736,cover art by,Q47461344,written work
P736,cover art by,Q2635894,radio drama
P7360,UEFA coach ID (archived),Q5,human
P7361,UEFA team ID,Q476028,association football club
P7361,UEFA team ID,Q15944511,association football team
P7361,UEFA team ID,Q16632355,futsal club
P7362,Ukrainian Premier League player ID,Q5,human
P7366,FAIMER school ID,Q494230,medical school
P7367,content descriptor,Q7889,video game
P7368,JournalBase ID,Q1002697,periodical
P7370,PCEngine Catalog Project ID,Q7889,video game
P7371,Beatport label ID,Q18127,record label
P7374,educational stage,Q15893266,former entity
P7374,educational stage,Q20860083,educational facility
P7374,educational stage,Q2385804,educational institution
P7376,worn by,Q1065579,fashion accessory
P7376,worn by,Q10273457,equipment
P7376,worn by,Q11460,clothing
P7377,infix,Q4116295,surname
P7381,PubPeer article ID,Q4119870,academic writing
P7387,Q-Codes ID,Q11190,medicine
P7387,Q-Codes ID,Q179661,medical treatment
P7389,Three Decks people ID,Q5,human
P739,ammunition,Q42889,vehicle
P739,ammunition,Q728,weapon
P7390,Knesset law ID,Q820655,statute
P7391,graph radius,Q840247,hypergraph
P7395,DynamoMania.com player ID,Q5,human
P7396,Beachsafe Beach Key,Q40080,beach
P7399,Futbolme player ID,Q5,human
P740,location of formation,Q15275719,recurring event
P740,location of formation,Q1799072,method
P740,location of formation,Q49773,social movement
P740,location of formation,Q8436,family
P740,location of formation,Q14623646,fictional organization
P740,location of formation,Q43229,organization
P740,location of formation,Q618779,award
P740,location of formation,Q9174,religion
P7401,SMHI drainage basin ID,Q166620,drainage basin
P7402,Turkish Football Federation stadium ID,Q8524,association football pitch
P7402,Turkish Football Federation stadium ID,Q1049757,multi-purpose sports venue
P7402,Turkish Football Federation stadium ID,Q1154710,association football venue
P7403,Publons publisher ID,Q2085381,publishing house
P7403,Publons publisher ID,Q3972943,publishing
P7405,Turkish Football Federation referee ID,Q5,human
P7406,style of karate,Q5,human
P741,playing hand,Q5,human
P7410,Healthcare Common Procedure Coding System ID,Q796194,medical procedure
P7411,Pubs Galore ID,Q5307737,alcohol drinking establishment
P7412,ForaDeJogo.net team ID,Q15944511,association football team
P7413,Ancient Tree Inventory ID,Q811534,remarkable tree
P7417,image of back side,Q1211272,signage
P7417,image of back side,Q178743,stele
P7417,image of back side,Q10145,milestone
P7417,image of back side,Q131647,medallion
P7417,image of back side,Q1570005,clay tablet
P7417,image of back side,Q193622,order
P7417,image of back side,Q3305213,painting
P7417,image of back side,Q41207,coin
P7417,image of back side,Q921099,boundary marker
P7419,gender educated,Q2385804,educational institution
P742,pseudonym,Q7239,organism
P742,pseudonym,Q618779,award
P742,pseudonym,Q16887380,group
P742,pseudonym,Q95074,character
P7420,image with frame,Q1278452,polyptych
P7420,image with frame,Q245117,relief sculpture
P7420,image with frame,Q3305213,painting
P7420,image with frame,Q93184,drawing
P7422,minimum temperature record,Q2221906,geographic location
P7425,Rotterdam City Archives actor ID,Q5,human
P7429,Bundle ID,Q166142,application software
P7429,Bundle ID,Q7889,video game
P7430,Dictionary of Sculptors in Britain ID,Q5,human
P7433,FantLab author ID,Q5,human
P7433,FantLab author ID,Q61002,pseudonym
P7435,EU-Football.info referee ID,Q5,human
P7436,WorldReferee.com referee ID,Q5,human
P7437,FantLab award ID,Q378427,literary award
P7438,FantLab publisher ID,Q2085381,publishing house
P7439,FantLab work ID,Q47461344,written work
P744,asteroid family,Q1022867,minor planet
P7440,World Gymnastics biography number,Q5,human
P7441,WorldFootball.net competition ID (old),Q1478437,association football competition
P7442,glacier status,Q35666,glacier
P7445,Basis Wien person ID,Q5,human
P7446,Basis Wien institution ID,Q1400264,artist collective
P7446,Basis Wien institution ID,Q178706,institution
P7447,Basis Wien event ID,Q1656682,event
P7448,Basis Wien object ID,Q17537576,creative work
P745,Low German Bibliography and Biography ID,Q5,human
P7450,Turkish Football Federation team ID,Q476028,association football club
P7451,Czech First League player ID,Q5,human
P7453,90minut.pl team ID,Q15944511,association football team
P7453,90minut.pl team ID,Q476028,association football club
P7454,Soccerbase team ID,Q15944511,association football team
P7454,Soccerbase team ID,Q476028,association football club
P7455,Transfermarkt match ID,Q12166442,association football match
P7455,Transfermarkt match ID,Q27020041,sports season
P7457,creator's signature,Q838948,work of art
P7458,Kinematoscope film ID,Q11424,film
P7459,CanadaSoccer.com person ID,Q5,human
P746,date of disappearance,Q215627,person
P746,date of disappearance,Q95074,character
P7460,Flashscore match ID,Q16510064,sporting event
P7461,Publons journals/conferences ID,Q47258130,academic conference series
P7461,Publons journals/conferences ID,Q1143604,conference proceedings
P7461,Publons journals/conferences ID,Q41298,magazine
P7461,Publons journals/conferences ID,Q5633421,scientific journal
P7462,graph diameter,Q840247,hypergraph
P7463,EU-Football.info coach ID,Q5,human
P7465,Soccerbase referee ID,Q5,human
P7466,Edvard Munch's correspondence person ID,Q5,human
P7467,Broadway Photographs person ID,Q43229,organization
P7467,Broadway Photographs person ID,Q5,human
P747,has edition or translation,Q95107111,license scheme
P747,has edition or translation,Q386724,work
P7471,iNaturalist place ID,Q2385804,educational institution
P7471,iNaturalist place ID,Q618123,geographical feature
P7473,Neliti Journal ID,Q5633421,scientific journal
P7474,Online Cenotaph ID,Q5,human
P7475,dp.ru person ID,Q5,human
P748,appointed by,Q5,human
P748,appointed by,Q895526,governing body
P748,appointed by,Q4164871,position
P7483,CinemaRX person ID (archived),Q5,human
P7484,Kinematoscope film director ID,Q5,human
P7485,Kinematoscope writer ID,Q36180,writer
P7487,Kinematoscope literary work ID,Q7725634,literary work
P7488,BDFutbol team ID,Q15944511,association football team
P7488,BDFutbol team ID,Q476028,association football club
P7489,Stathletics ID,Q5,human
P749,parent organization or unit,Q14623646,fictional organization
P749,parent organization or unit,Q15275719,recurring event
P749,parent organization or unit,Q13226383,facility
P749,parent organization or unit,Q431289,brand
P749,parent organization or unit,Q43229,organization
P7490,Teams.by team ID,Q15944511,association football team
P7490,Teams.by team ID,Q476028,association football club
P7491,Austrian Parliament 1848–1918 ID,Q5,human
P7492,EU-Football.info match ID,Q12166442,association football match
P7493,PlaymakerStats.com match ID,Q12166442,association football match
P7494,Scorebar / Soccerway match ID,Q12166442,association football match
P7494,Scorebar / Soccerway match ID,Q27020041,sports season
P7495,Fussballdaten.de team ID,Q15944511,association football team
P7495,Fussballdaten.de team ID,Q476028,association football club
P7496,NZPCN ID,Q16521,taxon
P7498,Women Film Pioneers ID,Q5,human
P7499,Van Wijngaarden quarry ID,Q188040,quarry
P750,distributed by,Q42848,data
P750,distributed by,Q1762059,film production company
P750,distributed by,Q18127,record label
P750,distributed by,Q2085381,publishing house
P750,distributed by,Q386724,work
P7500,comorbidity,Q12135,mental disorder
P7501,audio system,Q2431196,audiovisual work
P7503,Ovrtur biography ID,Q5,human
P7508,election called by,Q40231,public election
P751,introduced feature,Q386724,work
P7511,doujinshi.org author ID,Q5,human
P7514,landscape architect,Q811979,architectural structure
P7514,landscape architect,Q123705,neighborhood
P7514,landscape architect,Q22652,urban green space
P7516,Software Preservation Society ID,Q7889,video game
P7518,classicamiga ID,Q7889,video game
P7519,Filmový přehled film ID,Q11424,film
P7520,Filmový přehled person or company ID,Q43229,organization
P7520,Filmový přehled person or company ID,Q5,human
P7523,SK cinema film ID,Q11424,film
P7523,SK cinema film ID,Q5398426,television series
P7524,CA PROP 65 ID,Q79529,chemical substance
P7529,dp.ru company ID,Q43229,organization
P7530,Slovak First Football League player ID,Q5,human
P7531,MEA Indian Mission ID,Q213283,diplomatic mission
P7532,room number,Q5,human
P7532,room number,Q180516,room
P7532,room number,Q43229,organization
P7533,AaRC person ID,Q5,human
P7534,MIC market code,Q43229,organization
P7534,MIC market code,Q475000,stock market
P7535,scope and content,Q2668072,collection
P7536,Birds of India ID,Q16521,taxon
P7537,India Biodiversity Portal species ID,Q16521,taxon
P7538,Moths of India ID,Q16521,taxon
P7539,NBAIR pest ID,Q16521,taxon
P7540,Odonata of India ID,Q16521,taxon
P7541,Planète Aventure ID,Q7889,video game
P7542,Reptiles of India ID,Q16521,taxon
P7543,ZSI author ID,Q36180,writer
P7543,ZSI author ID,Q482980,author
P7544,Indian Medicinal Plants Database ID,Q188840,medicinal plant
P7545,askArt person ID,Q5,human
P7546,Flowers of India ID,Q16521,taxon
P7547,National Health Portal hospital ID,Q16917,hospital
P7548,UK Lakes Portal ID,Q15324,body of water
P7549,Biodiversity of West Bengal species ID,Q16521,taxon
P7551,Plusliga player ID,Q5,human
P7552,Finnish Biodiversity Information Facility's Species List ID,Q16521,taxon
P7553,Sinemalar person ID,Q5,human
P7555,UVL game ID,Q7889,video game
P7556,UVL platform ID,Q241317,computing platform
P756,removed feature,Q386724,work
P7560,UVL company ID,Q43229,organization
P7561,category for the interior of the item,Q1030034,GLAM
P7561,category for the interior of the item,Q507619,retail chain
P7561,category for the interior of the item,Q18247357,group of structures or buildings
P7561,category for the interior of the item,Q42889,vehicle
P7561,category for the interior of the item,Q47311934,fleet
P7561,category for the interior of the item,Q811979,architectural structure
P7561,category for the interior of the item,Q863404,subterranea
P7562,UVL group ID,Q1062352,video game content rating system
P7562,UVL group ID,Q559618,fictional universe
P7562,UVL group ID,Q7927908,video game accessory
P7562,UVL group ID,Q107647829,video game mechanic
P7562,UVL group ID,Q18328126,video game award
P7562,UVL group ID,Q196600,media franchise
P7563,Home of the Underdogs game ID,Q7889,video game
P7564,OGDB game title ID,Q7889,video game
P7565,CISCE school code,Q3914,school
P7566,JNAF artist ID,Q483501,artist
P7568,CBSE affiliation number,Q3914,school
P7570,OGDB company ID,Q5,human
P7570,OGDB company ID,Q1137109,video game publisher
P7570,OGDB company ID,Q210167,video game developer
P7571,Memorial Book Bundesarchiv ID,Q5,human
P7573,IFCO rating,Q11424,film
P7576,Broadcast Radio Bearer URI,Q14350,radio station
P7578,DUC ID,Q5,human
P7580,AboutTheArtists artist ID,Q5,human
P7582,Wildlife Protection Act 1972 (India) schedule,Q16521,taxon
P7585,NinDB game ID,Q7889,video game
P7586,Cinepub person ID,Q5,human
P7588,effective date,Q1156854,policy
P7588,effective date,Q317623,technical standard
P7588,effective date,Q740464,legal act
P7588,effective date,Q7748,law
P7588,effective date,Q820655,statute
P7588,effective date,Q93288,contract
P7589,date of promulgation,Q49371,legislation
P7589,date of promulgation,Q7748,law
P7589,date of promulgation,Q820655,statute
P759,Alberta Register of Historic Places ID,Q618123,geographical feature
P759,Alberta Register of Historic Places ID,Q8205328,artificial physical object
P7590,eBay username,Q5,human
P7590,eBay username,Q35127,website
P7590,eBay username,Q43229,organization
P7591,VideoGameGeek game ID,Q116779426,group of video games often treated as a singular game
P7591,VideoGameGeek game ID,Q7889,video game
P7592,VideoGameGeek platform ID,Q241317,computing platform
P7593,CinePT film ID,Q11424,film
P7594,CinePT person ID,Q43229,organization
P7594,CinePT person ID,Q5,human
P7595,Disney+ movie ID,Q11424,film
P7595,Disney+ movie ID,Q15416,television program
P7596,Disney+ series ID,Q5398426,television series
P7597,Lutris game ID,Q5519929,game creation system
P7597,Lutris game ID,Q7889,video game
P7598,ascending scale,Q216926,raga
P7599,descending scale,Q216926,raga
P760,DPLA ID,Q386724,work
P7600,primary note,Q216926,raga
P7601,secondary note,Q216926,raga
P7602,Ratingraph actor ID,Q5,human
P7603,CITES Appendix,Q16521,taxon
P7604,supervised by,Q15632617,fictional human
P7604,supervised by,Q4164871,position
P7604,supervised by,Q43229,organization
P7604,supervised by,Q5,human
P7604,supervised by,Q15416,television program
P7604,supervised by,Q1555508,radio program
P7604,supervised by,Q277759,book series
P7604,supervised by,Q571,book
P7608,Englandstats.com player ID,Q5,human
P7609,SHARE Catalogue work ID,Q386724,work
P761,Lake ID (Sweden),Q15324,body of water
P7610,Taiwan Cinema company ID,Q43229,organization
P7611,Taiwan Cinema film ID,Q11424,film
P7612,Taiwan Cinema person ID,Q5,human
P7617,Lutris platform ID,Q241317,computing platform
P7618,Virginia Landmarks Register ID,Q618123,geographical feature
P7618,Virginia Landmarks Register ID,Q8205328,artificial physical object
P7619,The Cardinals of the Holy Roman Church ID,Q5,human
P762,Czech cultural heritage ID,Q618123,geographical feature
P762,Czech cultural heritage ID,Q61760621,group of monuments
P762,Czech cultural heritage ID,Q811430,fixed construction
P762,Czech cultural heritage ID,Q838948,work of art
P7621,Church Heritage Cymru ID,Q16970,church building
P7622,TheGamesDB game ID,Q7889,video game
P7623,TheGamesDB platform ID,Q241317,computing platform
P7624,YVNG ID,Q5,human
P7625,WPI ID,Q44782,port
P7626,NVE powerplant ID,Q446013,pumping station
P7626,NVE powerplant ID,Q15911738,hydroelectric power station
P7626,NVE powerplant ID,Q194356,wind farm
P763,PEI Register of Historic Places ID,Q618123,geographical feature
P763,PEI Register of Historic Places ID,Q8205328,artificial physical object
P7630,Dictionary of Scottish Architects building ID,Q811979,architectural structure
P7631,MPPDA Digital Archive film ID,Q11424,film
P7632,MPPDA Digital Archive organisation ID,Q43229,organization
P7633,MPPDA Digital Archive person ID,Q5,human
P7634,TheGamesDB developer ID,Q210167,video game developer
P7634,TheGamesDB developer ID,Q5,human
P7637,IDU theatre ID,Q18674739,event venue
P7637,IDU theatre ID,Q43229,organization
P7638,OverDrive creator ID,Q5,human
P7639,OverDrive publisher ID,Q2085381,publishing house
P7641,MTV Germany artist ID,Q5,human
P7642,TheGamesDB publisher ID,Q1137109,video game publisher
P7642,TheGamesDB publisher ID,Q5,human
P7645,RomanianActors person ID,Q5,human
P7647,Cochrane concept ID,Q12136,disease
P7648,OverDrive series ID,Q277759,book series
P7649,Vectrex Game Database ID,Q7889,video game
P765,surface played on,Q1076486,sports venue
P765,surface played on,Q13406554,sports competition
P7650,WeChat ID,Q5,human
P7650,WeChat ID,Q340169,communications media
P7650,WeChat ID,Q431289,brand
P7650,WeChat ID,Q43229,organization
P7650,WeChat ID,Q7889,video game
P7651,Hoopla series ID,Q7725310,series of creative works
P7652,Germany06.Ru person ID,Q5,human
P7653,MovieGe person ID,Q5,human
P7654,Ratingraph actress ID,Q5,human
P7655,Speiderhistorisk leksikon ID,Q5,human
P7655,Speiderhistorisk leksikon ID,Q1656682,event
P7655,Speiderhistorisk leksikon ID,Q43229,organization
P7656,Arolsen ID,Q5,human
P7657,Doctrine court decision ID,Q327000,court decision
P7658,Juricaf decision ID,Q327000,court decision
P7659,POWiS ID,Q1370598,structure of worship
P7660,super-famicom.jp ID,Q7889,video game
P7661,GameFAQs credit ID,Q5,human
P7662,Scilit journal ID,Q732577,publication
P7663,Scienza a due voci ID,Q5,human
P7665,FMV World ID,Q7889,video game
P767,contributor to the creative work or subject,Q11177771,artistic technique
P767,contributor to the creative work or subject,Q101965,experiment
P767,contributor to the creative work or subject,Q14897293,fictional entity
P767,contributor to the creative work or subject,Q33104279,philosophical concept
P767,contributor to the creative work or subject,Q386724,work
P767,contributor to the creative work or subject,Q464980,exhibition
P767,contributor to the creative work or subject,Q5281760,discourse topic
P7670,Prog Archives artist ID,Q2088357,musical ensemble
P7670,Prog Archives artist ID,Q5,human
P7671,Semion author ID (archived),Q5,human
P7672,Musiikkituottajat artist ID (chart),Q2088357,musical ensemble
P7672,Musiikkituottajat artist ID (chart),Q5,human
P7675,Vie publique intervention ID,Q861911,oration
P7676,Vie publique person ID,Q5,human
P7677,gesetze-im-internet.de ID,Q1006079,Federal Act (Germany)
P7677,gesetze-im-internet.de ID,Q131569,treaty
P7677,gesetze-im-internet.de ID,Q7755,constitution
P7679,Cinépolis KLIC ID,Q11424,film
P768,electoral district,Q5,human
P7683,OpenRetro Game Database ID,Q7889,video game
P7684,Vie publique report ID,Q10870555,report
P7696,Français libres ID,Q5,human
P7698,Musée de la Résistance ID,Q5,human
P770,cause of destruction,Q183366,territory
P770,cause of destruction,Q5916,spaceflight
P770,cause of destruction,Q744913,aviation accident
P770,cause of destruction,Q15893266,former entity
P770,cause of destruction,Q488383,object
P7701,SNESmusic.org game ID,Q7889,video game
P7702,The Sierra Chest ID,Q7889,video game
P7704,Europeana entity,Q5,human
P7704,Europeana entity,Q61002,pseudonym
P7704,Europeana entity,Q10648343,duo
P7704,Europeana entity,Q13473501,collective
P7704,Europeana entity,Q2088357,musical ensemble
P7704,Europeana entity,Q95074,character
P7705,superfamicom.org URL,Q7889,video game
P7707,PlayStation DataCenter URL,Q7889,video game
P7708,SNESmusic.org company ID,Q783794,company
P7709,ScienceOpen author ID,Q5,human
P771,Swiss municipality code,Q685309,former municipality of Switzerland
P771,Swiss municipality code,Q70208,Municipality of Switzerland
P7713,SNESmusic.org composer ID,Q5,human
P7714,tDAR creator ID,Q43229,organization
P7714,tDAR creator ID,Q5,human
P7715,World Flora Online ID,Q16521,taxon
P7717,Vaare falne ID,Q5,human
P7718,Complex Portal accession ID,Q420927,protein complex
P7719,generalization of,Q11348,function
P7719,generalization of,Q108163,proposition
P7719,generalization of,Q24034552,mathematical concept
P7719,generalization of,Q8366,algorithm
P772,INE code,Q3183364,administrative territorial entity of Spain
P7725,litter size,Q16521,taxon
P7727,legislative committee,Q452237,motion
P7727,legislative committee,Q686822,bill
P7727,legislative committee,Q820655,statute
P7729,GUI number,Q43229,organization
P7731,ZX81 Collection ID,Q7889,video game
P7733,Computer Emuzone game ID,Q7889,video game
P7734,console music history ID,Q7889,video game
P7737,DeviantArt username,Q5,human
P7739,Garaph game ID,Q7889,video game
P7740,Garaph group ID,Q7058673,video game series
P7741,IDFA film ID,Q11424,film
P7742,Lithuanian Football Encyclopedia player ID,Q5,human
P7743,Microworld ID,Q16521,taxon
P7745,Movie Walker Press person ID,Q26401003,individual animal
P7747,NES Cart Database ID,Q7889,video game
P7750,Nonfiction ID,Q5,human
P7751,portable music history ID,Q7889,video game
P7754,PS photographer ID,Q5,human
P7755,ScreenScraper company ID,Q5,human
P7755,ScreenScraper company ID,Q1137109,video game publisher
P7755,ScreenScraper company ID,Q210167,video game developer
P7756,ScreenScraper game ID,Q7889,video game
P7757,ScreenScraper platform ID,Q241317,computing platform
P7759,The Video Games Museum system ID,Q8076,video game console
P776,Swedish minor urban area code,Q12813115,urban area in Sweden
P7760,Tubi movie ID,Q11424,film
P7760,Tubi movie ID,Q1261214,television special
P7761,Tubi series ID,Q5398426,television series
P7763,copyright status as a creator,Q26401003,individual animal
P7763,copyright status as a creator,Q43229,organization
P7767,serving temperature,Q746549,dish
P7769,Australian National Maritime Museum person ID,Q43229,organization
P7769,Australian National Maritime Museum person ID,Q5,human
P777,Swedish civil parish code/ATA code,Q1523821,socken
P7776,SSNE person ID,Q5,human
P7777,AdoroCinema film ID,Q11424,film
P7778,Museum of Modern Art online exhibition ID,Q464980,exhibition
P7779,military unit,Q15632617,fictional human
P7779,military unit,Q5,human
P778,Church of Sweden parish code,Q615980,parish of the Church of Sweden
P7780,Russian PFL player ID,Q5,human
P7781,exonerated of,Q5,human
P7782,category for ship name,Q1229765,watercraft
P7789,Ten-Bruggencatenummer,Q38720,windmill
P7789,Ten-Bruggencatenummer,Q185187,watermill
P7789,Ten-Bruggencatenummer,Q252189,horse mill
P7789,Ten-Bruggencatenummer,Q493694,tide mill
P779,Church of Sweden Pastoratskod,Q615980,parish of the Church of Sweden
P7791,NTIS accession number,Q732577,publication
P7792,PubAg ID,Q732577,publication
P7795,National September 11 Memorial ID,Q5,human
P7796,BeWeb person ID,Q5,human
P7798,BeWeb family ID,Q8436,family
P7799,Apple IIGS France ID,Q166142,application software
P78,top-level Internet domain,Q56061,administrative territorial entity
P780,symptoms and signs,Q18596079,fictional medical condition
P780,symptoms and signs,Q7189713,physiological condition
P7801,CEEB K-12 school code,Q3914,school
P7802,D-MSX ID,Q7889,video game
P7805,Games Database publisher ID,Q1137109,video game publisher
P7806,Games Database system ID,Q241317,computing platform
P7807,ICD-11 ID (Foundation),Q12136,disease
P7807,ICD-11 ID (Foundation),Q177719,medical diagnosis
P7808,kino-teatr.ru person ID,Q5,human
P7809,LaunchBox Games Database platform ID,Q241317,computing platform
P781,SIKART person ID,Q5,human
P7810,LaunchBox Games Database publisher ID,Q43229,organization
P7810,LaunchBox Games Database publisher ID,Q5,human
P7811,Macintosh Garden game ID,Q7889,video game
P7812,Macintosh Repository ID,Q7397,software
P7813,Open Churches ID,Q1370598,structure of worship
P7814,OpenBibArt ID,Q732577,publication
P7816,textove.com song ID,Q7302866,audio track
P7823,BookBrainz work ID,Q386724,work
P7825,UCUM code,Q15132612,unit prefix
P7825,UCUM code,Q173227,physical constant
P7825,UCUM code,Q47574,unit of measurement
P7826,VGMPF ID,Q7302866,audio track
P7828,What is the Apple IIGS? ID,Q166142,application software
P7828,What is the Apple IIGS? ID,Q7889,video game
P783,hymenium type,Q16521,taxon
P7831,NMVW ID,Q43229,organization
P7831,NMVW ID,Q5,human
P7836,Livelib.ru person ID,Q16017119,collective pseudonym
P7836,Livelib.ru person ID,Q5,human
P7837,Nederlands Fotomuseum photographer ID,Q43229,organization
P7837,Nederlands Fotomuseum photographer ID,Q5,human
P7839,Saregama artist ID,Q5,human
P784,mushroom cap shape,Q16521,taxon
P7844,Joconde object type ID,Q8205328,artificial physical object
P7845,MarketScreener business leaders ID,Q5,human
P7850,Joconde location ID,Q82794,region
P7852,C64.COM ID,Q7889,video game
P7853,c64games.de ID,Q7889,video game
P7854,EU-Football.info club ID,Q847017,sports club
P7854,EU-Football.info club ID,Q15944511,association football team
P7854,EU-Football.info club ID,Q28083137,football team
P7856,Salzburg Museums ID,Q210272,cultural heritage
P7856,Salzburg Museums ID,Q27096235,artificial geographic entity
P7856,Salzburg Museums ID,Q43229,organization
P7858,Upper Austria Museum ID,Q33506,museum
P7863,aperture,Q192234,camera lens
P7864,HAL article ID,Q47461344,written work
P7865,CoBiS author ID,Q43229,organization
P7865,CoBiS author ID,Q5,human
P7866,marterl.at ID,Q24398318,religious building
P7868,NPDRMI record ID,Q488383,object
P7869,Analysis & Policy Observatory node ID,Q5,human
P7869,Analysis & Policy Observatory node ID,Q10870555,report
P7869,Analysis & Policy Observatory node ID,Q43229,organization
P787,spore print color,Q16521,taxon
P7870,Analysis & Policy Observatory term ID,Q35120,entity
P7871,PCBdB game ID,Q7889,video game
P7872,Diccionari del cinema a Catalunya ID,Q35120,entity
P7873,EFIS film festival ID,Q220505,film festival
P7874,EFIS person ID,Q5,human
P7875,Eurogamer ID,Q116741534,group of video games
P7875,Eurogamer ID,Q7889,video game
P7876,Flashscore team ID,Q12973014,sports team
P7876,Flashscore team ID,Q847017,sports club
P7877,GameStar ID,Q116779426,group of video games often treated as a singular game
P7877,GameStar ID,Q7889,video game
P7878,Soccerdonna team ID,Q28140340,women's association football team
P7878,Soccerdonna team ID,Q51481377,women's association football club
P7879,The Video Games Museum game ID,Q7889,video game
P788,mushroom ecological type,Q16521,taxon
P7880,Voetbal International player ID,Q5,human
P7881,Games Database game ID,Q7889,video game
P7882,ft.dk politician ID,Q5,human
P7883,Historical Marker Database ID,Q811979,architectural structure
P7884,Joconde inscription ID,Q3695082,sign
P7885,Joconde time period ID,Q186081,time interval
P7887,number of reviews/ratings,Q268378,work
P7888,merged into,Q15642541,human-geographic territorial entity
P7888,merged into,Q1002697,periodical
P7888,merged into,Q121359,infrastructure
P7888,merged into,Q14623646,fictional organization
P7888,merged into,Q15893266,former entity
P7888,merged into,Q15900616,event sequence
P7888,merged into,Q2668072,collection
P7888,merged into,Q35127,website
P7888,merged into,Q43229,organization
P789,edibility,Q16521,taxon
P7890,8-bits.info URL,Q7889,video game
P7892,EFIS film ID,Q11424,film
P7892,EFIS film ID,Q5398426,television series
P7893,CIÊNCIAVITAE ID,Q5,human
P7895,Whaling History ID,Q11446,ship
P7895,Whaling History ID,Q5,human
P7896,Academia.edu publication ID,Q386724,work
P7896,Academia.edu publication ID,Q732577,publication
P7897,TI-99/4A Videogame House ID,Q7889,video game
P7899,MOCAGH ID,Q7889,video game
P7902,Deutsche Biographie (GND) ID,Q7239,organism
P7902,Deutsche Biographie (GND) ID,Q8436,family
P7902,Deutsche Biographie (GND) ID,Q13002315,legendary figure
P7902,Deutsche Biographie (GND) ID,Q15632617,fictional human
P7902,Deutsche Biographie (GND) ID,Q25810847,folklore character
P7902,Deutsche Biographie (GND) ID,Q4271324,mythical character
P7905,AnimalBase ID,Q16521,taxon
P7908,Clavis Clavium ID,Q215627,person
P7908,Clavis Clavium ID,Q47461344,written work
P7909,Can You Run it ID,Q7889,video game
P791,ISIL,Q43229,organization
P791,ISIL,Q7075,library
P7910,DANFS ship ID,Q11446,ship
P7911,Gamekult company ID,Q5,human
P7911,Gamekult company ID,Q783794,company
P7912,Gamekult franchise ID,Q196600,media franchise
P7913,Gamekult game ID,Q7889,video game
P7914,Gamekult platform ID,Q241317,computing platform
P7915,GBAtemp game ID,Q7889,video game
P7917,Museums in Austria Code,Q33506,museum
P7918,Médias 19 ID,Q5,human
P7919,SerialStation game ID,Q7889,video game
P792,chapter,Q1980247,chapter
P7920,TheTVDB person ID,Q5,human
P7921,TrueAchievements series ID,Q7058673,video game series
P7924,Bibliotheca Hagiographica Latina ID,Q47461344,written work
P7925,Jurisdiction List number,Q56436498,village in India
P7925,Jurisdiction List number,Q6926427,mouza
P7926,Visual AIDS Artist+ Registry ID,Q5,human
P7929,Roglo person ID,Q4271324,mythical character
P7929,Roglo person ID,Q5,human
P793,significant event,Q35120,entity
P7931,Adelsvapen ID,Q5,human
P7932,Irish playography play ID,Q25379,play
P7934,Irish playography person ID,Q5,human
P7935,Corpus Corporum author ID,Q5,human
P7935,Corpus Corporum author ID,Q111161,synod
P7935,Corpus Corporum author ID,Q61002,pseudonym
P7937,form of creative work,Q386724,work
P7939,Dansk kvindebiografisk leksikon ID,Q5,human
P7940,Adventure Gamers company ID,Q43229,organization
P7941,Biografisch Woordenboek van Nederland: 1880-2000 ID,Q5,human
P7942,National Historic Lookout Register ID,Q748998,fire lookout tower
P7943,The Washington Post contributor ID,Q5,human
P7944,DoME artist ID,Q5,human
P7945,ArchiWebture ID,Q5,human
P7945,ArchiWebture ID,Q213441,shop
P7945,ArchiWebture ID,Q43229,organization
P7946,Museu de Memes ID,Q2927074,internet meme
P7947,WeChangEd ID,Q5,human
P7947,WeChangEd ID,Q1002697,periodical
P7947,WeChangEd ID,Q43229,organization
P7948,GreatSchools ID,Q3914,school
P7949,Czech War Graves Register,Q173387,grave
P7949,Czech War Graves Register,Q39614,cemetery
P7949,Czech War Graves Register,Q4989906,monument
P7950,Marvel Comics creators ID,Q5,human
P7951,DC Comics talent ID,Q5,human
P7953,Indiegogo project ID,Q17537576,creative work
P7953,Indiegogo project ID,Q268378,work
P7957,Directory of Maîtres d'art,Q5,human
P7958,Chicago Landmarks ID,Q618123,geographical feature
P7959,historic county,Q1190554,occurrence
P7959,historic county,Q123349660,geolocatable entity
P7959,historic county,Q179700,statue
P7959,historic county,Q64728694,proposed entity
P7959,historic county,Q811979,architectural structure
P7962,Dictionnaire des femmes de l’ancienne France ID,Q5,human
P7963,Cell Ontology ID,Q4936952,anatomical structure
P7965,Scilit work ID,Q191067,article
P7968,VR GameCritic ID,Q7889,video game
P7969,DAR ancestor ID,Q5,human
P7970,FandangoNow ID (deprecated scheme),Q11424,film
P7970,FandangoNow ID (deprecated scheme),Q3464665,television series season
P7970,FandangoNow ID (deprecated scheme),Q5398426,television series
P7971,food energy,Q2095,food
P7971,food energy,Q219239,recipe
P7974,Faculté des sciences de Nancy ID,Q5,human
P7975,Filmfront film ID (archived),Q2431196,audiovisual work
P7976,stargate-wiki.de article,Q14897293,fictional entity
P7976,stargate-wiki.de article,Q21191270,television series episode
P7976,stargate-wiki.de article,Q5,human
P7977,AncientFaces person ID,Q5,human
P7978,Decine21 film ID,Q11424,film
P7978,Decine21 film ID,Q3464665,television series season
P7978,Decine21 film ID,Q5398426,television series
P798,military designation,Q39546,physical tool
P7980,Clavis Patrum Latinorum ID,Q10551516,church council
P7980,Clavis Patrum Latinorum ID,Q111161,synod
P7980,Clavis Patrum Latinorum ID,Q131569,treaty
P7980,Clavis Patrum Latinorum ID,Q47461344,written work
P7984,depicted format,Q838948,work of art
P7985,Kanopy ID,Q17537576,creative work
P7986,Mirabile author ID,Q215627,person
P7986,Mirabile author ID,Q61002,pseudonym
P7987,Bibliotheca Hagiographica Graeca ID,Q47461344,written work
P7988,Clavis Patrum Graecorum ID,Q47461344,written work
P7989,Mirabile manuscript ID,Q87167,manuscript
P7990,Mirabile saint ID,Q13002315,legendary figure
P7990,Mirabile saint ID,Q5,human
P7991,Mirabile title ID,Q7725634,literary work
P7992,Poeti d'Italia in lingua latina author ID,Q5,human
P7994,Colecovision Zone ID,Q7889,video game
P7995,NHS Health A to Z ID,Q12136,disease
P7997,GRY-Online company ID,Q5,human
P7997,GRY-Online company ID,Q1137109,video game publisher
P7997,GRY-Online company ID,Q210167,video game developer
P7999,Haz-Map ID,Q12136,disease
P7999,Haz-Map ID,Q12737077,occupation
P7999,Haz-Map ID,Q639907,medical finding
P7999,Haz-Map ID,Q8187769,economic activity
P800,notable work,Q14897293,fictional entity
P800,notable work,Q193564,game engine
P800,notable work,Q26401003,individual animal
P800,notable work,Q61002,pseudonym
P800,notable work,Q968159,art movement
P800,notable work,Q431289,brand
P800,notable work,Q43229,organization
P8000,electron configuration,Q36496,ion
P8001,endorsed by,Q49773,social movement
P8001,endorsed by,Q1151067,rule
P8001,endorsed by,Q12558574,point of view
P8001,endorsed by,Q14623646,fictional organization
P8001,endorsed by,Q21075690,solution
P8001,endorsed by,Q464980,exhibition
P8001,endorsed by,Q58778,system
P8001,endorsed by,Q6056746,campaign
P8001,endorsed by,Q618779,award
P8003,ColecoVision.dk ID,Q7889,video game
P8004,ordered by,Q2361901,hearth tax
P8004,ordered by,Q1190554,occurrence
P8005,research subject recruitment status,Q30612,clinical trial
P8006,footedness,Q5,human
P8006,footedness,Q95074,character
P8007,US Bureau of Prisons Inmate Register Number,Q5,human
P8008,Google Scholar case ID,Q2334719,legal case
P8012,Adventure Gamers series ID,Q7058673,video game series
P8013,Trakt.tv ID,Q2431196,audiovisual work
P8013,Trakt.tv ID,Q1656682,event
P8013,Trakt.tv ID,Q5,human
P8013,Trakt.tv ID,Q3464665,television series season
P8013,Trakt.tv ID,Q5398426,television series
P8018,IGCD game ID,Q116779426,group of video games often treated as a singular game
P8018,IGCD game ID,Q7889,video game
P8019,Kickstarter project ID,Q268378,work
P8019,Kickstarter project ID,Q17537576,creative work
P8019,Kickstarter project ID,Q2424752,product
P802,student,Q14897293,fictional entity
P802,student,Q5,human
P8020,Gram.pl game ID,Q7889,video game
P8021,Kooora/Goalzz player ID,Q5,human
P8022,RFI Musique artist ID,Q2088357,musical ensemble
P8022,RFI Musique artist ID,Q5,human
P8023,VideoGamer.com game ID,Q116779426,group of video games often treated as a singular game
P8023,VideoGamer.com game ID,Q7889,video game
P8024,Nobel Laureate API ID,Q43229,organization
P8024,Nobel Laureate API ID,Q5,human
P8025,VGMRips system ID,Q241317,computing platform
P8026,LiverTox likelihood score,Q28885102,pharmaceutical product
P8026,LiverTox likelihood score,Q8386,drug
P8027,VGMRips company ID,Q43229,organization
P8028,GameRevolution game ID,Q7889,video game
P803,professorship,Q15632617,fictional human
P803,professorship,Q5,human
P8031,perpetrator,Q1174599,attack
P8031,perpetrator,Q12786121,warfare
P8031,perpetrator,Q16738832,criminal case
P8031,perpetrator,Q3030513,disappearance
P8031,perpetrator,Q324618,pacification
P8031,perpetrator,Q4,death
P8031,perpetrator,Q744913,aviation accident
P8031,perpetrator,Q83267,crime
P8031,perpetrator,Q844482,killing
P8031,perpetrator,Q9687,traffic collision
P8032,victim(s),Q124757,riot
P8032,victim(s),Q16738832,criminal case
P8032,victim(s),Q83267,crime
P8032,victim(s),Q1124012,miscarriage of justice
P8032,victim(s),Q1174599,attack
P8032,victim(s),Q124734,rebellion
P8032,victim(s),Q171558,accident
P8032,victim(s),Q179057,explosion
P8032,victim(s),Q3030513,disappearance
P8032,victim(s),Q3240539,harassment
P8032,victim(s),Q379693,deportation
P8032,victim(s),Q3839081,disaster
P8032,victim(s),Q4,death
P8032,victim(s),Q844482,killing
P8033,Movie Review Query Engine ID,Q11424,film
P8033,Movie Review Query Engine ID,Q15416,television program
P8035,m3db.com film ID,Q11424,film
P8038,SIUSA archive conservator ID,Q43229,organization
P8039,Commission to Preserve National Monuments of Bosnia and Herzegovina ID,Q618123,geographical feature
P8039,Commission to Preserve National Monuments of Bosnia and Herzegovina ID,Q1179613,movable heritage
P8039,Commission to Preserve National Monuments of Bosnia and Herzegovina ID,Q358,heritage site
P8039,Commission to Preserve National Monuments of Bosnia and Herzegovina ID,Q59544,intangible cultural heritage
P8039,Commission to Preserve National Monuments of Bosnia and Herzegovina ID,Q811165,architectural heritage monument
P8040,RPGamer game ID,Q7889,video game
P8041,DR music artist ID,Q5,human
P8042,PC Games Database.de game ID,Q11410,game
P8044,Frankfurter Personenlexikon ID,Q5,human
P8044,Frankfurter Personenlexikon ID,Q8436,family
P8045,organized response related to outbreak,Q3241045,disease outbreak
P8046,Latvian transcription,Q147276,proper noun
P8047,country of registry,Q1229765,watercraft
P8048,Women of Scotland memorial ID,Q811979,architectural structure
P8049,number of hospitalized cases,Q12136,disease
P8049,number of hospitalized cases,Q171558,accident
P8049,number of hospitalized cases,Q191797,aggression
P8049,number of hospitalized cases,Q3241045,disease outbreak
P8049,number of hospitalized cases,Q3839081,disaster
P8050,Women of Scotland subject ID,Q5,human
P8051,Geschichtsquellen des deutschen Mittelalters author ID,Q5,human
P8053,Latvian unified registration number,Q43229,organization
P8055,Amazon Prime Video ID,Q11424,film
P8055,Amazon Prime Video ID,Q3464665,television series season
P8055,Amazon Prime Video ID,Q5398426,television series
P8056,VGMRips composer ID,Q5,human
P8059,coinop.org game ID,Q7889,video game
P806,Italian cadastre code (municipality),Q747074,comune of Italy
P8060,Glassdoor company ID,Q1370598,structure of worship
P8060,Glassdoor company ID,Q43229,organization
P8063,BookBrainz publisher ID,Q2085381,publishing house
P8063,BookBrainz publisher ID,Q2608849,imprint
P8064,Chinese Clinical Trial Registry ID,Q30612,clinical trial
P8065,CIRIS author ID,Q215627,person
P8066,Colecovision Addict ID,Q7889,video game
P8067,Macdonald Dictionary ID,Q5,human
P8068,ToposText place ID,Q2221906,geographic location
P8068,ToposText place ID,Q3238337,mythical location
P8068,ToposText place ID,Q4204501,historical ethnic group
P8068,ToposText place ID,Q811979,architectural structure
P8068,ToposText place ID,Q1620908,historical region
P8068,ToposText place ID,Q1640824,inscription
P8068,ToposText place ID,Q355304,watercourse
P8068,ToposText place ID,Q486972,human settlement
P8069,ToposText person ID,Q221956,olympiad
P8069,ToposText person ID,Q13002315,legendary figure
P8069,ToposText person ID,Q132241,festival
P8069,ToposText person ID,Q17537576,creative work
P8069,ToposText person ID,Q188468,ancient Olympic Games
P8069,ToposText person ID,Q207869,epithet
P8069,ToposText person ID,Q24334685,mythical entity
P8069,ToposText person ID,Q4204501,historical ethnic group
P8069,ToposText person ID,Q6313217,time standard
P8069,ToposText person ID,Q6999,astronomical object
P8069,ToposText person ID,Q7239,organism
P8069,ToposText person ID,Q811979,architectural structure
P807,separated from,Q71966963,religion or world view
P807,separated from,Q27096235,artificial geographic entity
P807,separated from,Q43229,organization
P807,separated from,Q56061,administrative territorial entity
P8070,ToposText work ID,Q386724,work
P8070,ToposText work ID,Q861911,oration
P8073,Cult of Saints in Late Antiquity ID,Q5,human
P8074,Geschichtsquellen des deutschen Mittelalters work ID,Q47461344,written work
P8078,FHF hospital group ID,Q43229,organization
P8079,elibrary.ru person ID,Q5,human
P808,Asset of cultural interest code,Q618123,geographical feature
P8081,WBIS ID,Q5,human
P8081,WBIS ID,Q8436,family
P8083,Visit Tuscany ID,Q618123,geographical feature
P8083,Visit Tuscany ID,Q838948,work of art
P8084,Nintendo eShop ID,Q116779426,group of video games often treated as a singular game
P8084,Nintendo eShop ID,Q11410,game
P8084,Nintendo eShop ID,Q166142,application software
P8085,Curran Index contributor ID,Q5,human
P8086,ODMP person ID,Q5,human
P8088,Elephind.com ID,Q11032,newspaper
P8089,EZB ID,Q1002697,periodical
P8089,EZB ID,Q1224889,digital edition
P809,WDPA ID,Q473972,protected area
P8090,GameReactor game ID,Q7889,video game
P8093,donations,Q43229,organization
P8093,donations,Q1161355,fundraising
P8093,donations,Q2441722,charity event
P8096,Pinakes copyist or possessor ID,Q44613,monastery
P8096,Pinakes copyist or possessor ID,Q5,human
P8097,network bands,Q2858615,electronic device
P8097,network bands,Q40218,spacecraft
P8098,Biographical Dictionary of Architects in Canada 1800-1950 ID,Q5,human
P81,connecting line,Q18704634,railway museum
P81,connecting line,Q10283556,motive power depot
P81,connecting line,Q1067164,transport service itinerary
P81,connecting line,Q1210334,railway bridge
P81,connecting line,Q15145537,light rail system line
P81,connecting line,Q171448,level crossing
P81,connecting line,Q181348,viaduct
P81,connecting line,Q228388,train ride
P81,connecting line,Q28043022,proposed rail infrastructure
P81,connecting line,Q4202290,railway incident
P8100,JournalTOCs ID,Q5633421,scientific journal
P8104,Paperity journal ID,Q5633421,scientific journal
P8105,SAN archive producer ID,Q8436,family
P8105,SAN archive producer ID,Q4830453,business
P8105,SAN archive producer ID,Q5,human
P8107,bus,Q121117,supercomputer
P8108,Papers Past ID,Q1002697,periodical
P811,academic minor,Q5,human
P8110,Retronews ID,Q1002697,periodical
P8112,CSS color keyword,Q376346,web color
P8113,COTREX trail ID,Q628179,trail
P8114,Wikiparques ID,Q473972,protected area
P8115,eligible recipient,Q618779,award
P8116,Encyclopedia of Brno History person ID,Q5,human
P8118,Forest Stewardship Council Certificate Code,Q43229,organization
P8119,HASC,Q56061,administrative territorial entity
P812,academic major,Q5,human
P812,academic major,Q95074,character
P8122,DLL Catalog author ID,Q215627,person
P8122,DLL Catalog author ID,Q61002,pseudonym
P8123,DLL Catalog work ID,Q7725634,literary work
P8126,Club Netherlands Handball Association ID,Q10517054,handball team
P8127,tournament format,Q27020041,sports season
P8127,tournament format,Q500834,tournament
P8128,Forest Stewardship Council License Code,Q43229,organization
P8129,IDU theatre name unique ID,Q11812394,theatre company
P8130,Internetowy Polski Słownik Biograficzny ID,Q5,human
P8131,dialect of computer language,Q629206,computer language
P8132,Texas Historic Sites Atlas ID,Q618123,geographical feature
P8133,Swedish Glaciers ID,Q35666,glacier
P8134,Soccerdonna coach ID,Q5,human
P8136,Il Sole 24 Ore topic ID,Q1549591,big city
P8136,Il Sole 24 Ore topic ID,Q1167393,economic indicator
P8136,Il Sole 24 Ore topic ID,Q13418847,historical event
P8136,Il Sole 24 Ore topic ID,Q159821,Summer Olympic Games
P8136,Il Sole 24 Ore topic ID,Q178706,institution
P8136,Il Sole 24 Ore topic ID,Q5,human
P8136,Il Sole 24 Ore topic ID,Q783794,company
P8139,Moravian Lives ID,Q5,human
P814,IUCN protected areas category,Q23790,natural monument
P814,IUCN protected areas category,Q473972,protected area
P8140,motorsportstats.com driver ID,Q5,human
P8142,motorsportstats.com venue ID,Q1777138,race track
P8143,SAR ancestor ID,Q5,human
P8146,SkiMo Stats ID,Q5,human
P8147,National-Football-Teams.com club ID,Q15944511,association football team
P8147,National-Football-Teams.com club ID,Q476028,association football club
P8148,re:publica speaker ID,Q5,human
P8149,Provenio ID,Q13417114,noble family
P8149,Provenio ID,Q5,human
P8153,Accademia delle Scienze di Torino ID,Q5,human
P8155,Republic of Korea Parliamentarian Society ID,Q5,human
P8157,MémorialGenWeb monument ID,Q811979,architectural structure
P8158,History Colorado ID,Q618123,geographical feature
P8158,History Colorado ID,Q8205328,artificial physical object
P8159,SciProfiles ID,Q5,human
P816,decays to,Q43116,elementary particle
P8160,Bibliotheca Augustana author ID,Q5,human
P8161,Italian National Olympic Committee honored athlete ID,Q5,human
P8162,DGHS facility code,Q43229,organization
P8163,Diels-Kranz ID,Q215627,person
P8163,Diels-Kranz ID,Q17537576,creative work
P8163,Diels-Kranz ID,Q13002315,legendary figure
P8164,DPVweb ID,Q16521,taxon
P8165,Maryland's National Register Properties ID,Q618123,geographical feature
P8165,Maryland's National Register Properties ID,Q8205328,artificial physical object
P8166,Encyclopaedia Metallum label ID,Q18127,record label
P8167,WhatDoTheyKnow organisation ID,Q43229,organization
P8169,Heritage Gateway ID,Q839954,archaeological site
P8169,Heritage Gateway ID,Q10855061,archaeological find
P8169,Heritage Gateway ID,Q811979,architectural structure
P8170,RPPS ID,Q5,human
P8171,Priest of Archidiecezja Gdańska ID,Q5,human
P8172,Sejm-Wielki.pl profile ID,Q5,human
P8173,Extratime.ie player ID,Q5,human
P8174,Slovak Registration ID,Q43229,organization
P8175,Infames Romani ID,Q215627,person
P8176,itch.io developer profile,Q5,human
P8176,itch.io developer profile,Q1137109,video game publisher
P8176,itch.io developer profile,Q210167,video game developer
P8177,Oregon Historic Sites Database ID,Q618123,geographical feature
P8180,Indian Railways train number,Q15141321,train service
P8181,SNCF Station ID,Q55488,railway station
P8182,South African Company Registration Number,Q783794,company
P8184,DART-Europe thesis ID,Q1266946,thesis
P8186,DPE school code,Q9842,primary school
P8190,UK Modern House Index architect ID,Q43229,organization
P8190,UK Modern House Index architect ID,Q5,human
P8191,UK Modern House Index building ID,Q41176,building
P8193,hardiness of plant,Q16521,taxon
P8193,hardiness of plant,Q4886,cultivar
P8194,hardiness zone,Q2221906,geographic location
P8195,ex-libris,Q43229,organization
P8195,ex-libris,Q5,human
P8196,voting system,Q294414,public office
P8196,voting system,Q40231,public election
P8197,PragerU presenter ID,Q5,human
P8207,The Conversation author ID,Q5,human
P8209,SILL software ID,Q7397,software
P8210,LombardiaBeniCulturali artwork author ID,Q5,human
P8211,Bookogs work ID,Q47461344,written work
P8214,curriculum vitae URL,Q5,human
P8215,CDAPNC author ID,Q5,human
P8217,iDAI.gazetteer ID,Q618123,geographical feature
P8219,ASUT ID,Q8436,family
P8219,ASUT ID,Q43229,organization
P8219,ASUT ID,Q5,human
P822,mascot,Q570116,tourist attraction
P822,mascot,Q1656682,event
P822,mascot,Q167270,trademark
P822,mascot,Q17489659,group of works
P822,mascot,Q2424752,product
P822,mascot,Q58778,system
P8222,rating.chgk.info ID,Q5,human
P8224,image of molecular model or crystal lattice model,Q898273,protein domain
P8226,Wyoming SHPO ID,Q618123,geographical feature
P8227,Lower Austrian Castle ID,Q811430,fixed construction
P8229,Co-Optimus ID,Q7889,video game
P823,speaker,Q1190554,occurrence
P823,speaker,Q7725634,literary work
P8231,Wiener Wohnen ID,Q877290,Gemeindebau
P8232,Arkansas Register of Historic Places ID,Q618123,geographical feature
P8232,Arkansas Register of Historic Places ID,Q8205328,artificial physical object
P8233,Augustins de l'Assomption ID,Q5,human
P8234,LiederNet author ID,Q5,human
P8235,LiederNet composer ID,Q5,human
P8237,LiederNet text ID,Q47461344,written work
P8239,MACRIS ID,Q618123,geographical feature
P8239,MACRIS ID,Q811430,fixed construction
P824,Meteoritical Bulletin Database ID,Q55818,impact crater
P824,Meteoritical Bulletin Database ID,Q317167,bolide
P824,Meteoritical Bulletin Database ID,Q60186,meteorite
P8240,"National Register Database, Louisiana ID",Q618123,geographical feature
P8240,"National Register Database, Louisiana ID",Q8205328,artificial physical object
P8243,500 Queer Scientists profile,Q5,human
P8244,Mediaqueer.ca artist ID,Q5,human
P8245,Mediaqueer.ca movie ID,Q11424,film
P8246,Natural Atlas ID,Q27096213,geographic entity
P8249,MDAH's HRI ID,Q618123,geographical feature
P825,dedicated to,Q3863,asteroid
P825,dedicated to,Q1190554,occurrence
P825,dedicated to,Q16686448,artificial object
P825,dedicated to,Q27096213,geographic entity
P825,dedicated to,Q756,plant
P8250,RI National Register Search ID,Q2221906,geographic location
P8251,CTHS author ID,Q5,human
P8253,OSM Name Suggestion Index ID,Q178512,public transport
P8253,OSM Name Suggestion Index ID,Q14660,flag
P8253,OSM Name Suggestion Index ID,Q167270,trademark
P8253,OSM Name Suggestion Index ID,Q431289,brand
P8253,OSM Name Suggestion Index ID,Q43229,organization
P8255,SNES central game ID,Q7889,video game
P8258,field of training,Q5,human
P826,tonality,Q386724,work
P8260,Aberdeen Built Ships ID,Q1229765,watercraft
P8261,EA games ID,Q7058673,video game series
P8261,EA games ID,Q7889,video game
P8262,npm package,Q7397,software
P8263,curriculum topics,Q207137,curriculum
P8267,Mod DB mod ID,Q865493,video game mod
P8268,Ubisoft Store game ID,Q7889,video game
P8269,Norwegian prisoner register person ID,Q5,human
P827,BBC programme ID,Q5,human
P827,BBC programme ID,Q11424,film
P827,BBC programme ID,Q1983062,episode
P8273,GMC registration number,Q5,human
P8278,SerialZone serial or episode ID,Q15416,television program
P8278,SerialZone serial or episode ID,Q5398426,television series
P8280,Modelhub ID (archived),Q5,human
P8281,Liszt Academy Lexikon person ID,Q2088357,musical ensemble
P8281,Liszt Academy Lexikon person ID,Q5,human
P8282,Medusa NRHP ID,Q618123,geographical feature
P8282,Medusa NRHP ID,Q8205328,artificial physical object
P8283,ISCO-08 occupation class,Q12737077,occupation
P8286,Olympedia people ID,Q747074,comune of Italy
P8286,Olympedia people ID,Q4387609,architectural firm
P8286,Olympedia people ID,Q5,human
P8287,Worlds Without End author ID,Q5,human
P8289,parish church(es),Q102496,parish
P8289,parish church(es),Q2638480,church congregation
P829,OEIS ID,Q7840129,triangular array
P829,OEIS ID,Q12916,real number
P829,OEIS ID,Q2297602,integer sequence
P829,OEIS ID,Q5189500,real-valued function
P8290,Archivio Storico Ricordi person ID,Q5,human
P8290,Archivio Storico Ricordi person ID,Q178706,institution
P8290,Archivio Storico Ricordi person ID,Q42998,orchestra
P8290,Archivio Storico Ricordi person ID,Q4830453,business
P8291,AusStage organisation ID,Q43229,organization
P8293,AusStage venue ID,Q14350,radio station
P8295,AustLit ID,Q5,human
P8295,AustLit ID,Q11424,film
P8295,AustLit ID,Q2085381,publishing house
P8295,AustLit ID,Q47461344,written work
P8295,AustLit ID,Q378427,literary award
P8295,AustLit ID,Q5398426,television series
P8296,Cinema Context ID,Q5,human
P8296,Cinema Context ID,Q11424,film
P8296,Cinema Context ID,Q17350442,venue
P8296,Cinema Context ID,Q43229,organization
P8297,New York Times contributor ID,Q5,human
P8298,HBO Max ID,Q5398426,television series
P8298,HBO Max ID,Q11424,film
P8298,HBO Max ID,Q15416,television program
P8298,HBO Max ID,Q526877,web series
P830,Encyclopedia of Life ID,Q16521,taxon
P830,Encyclopedia of Life ID,Q1040689,synonym
P830,Encyclopedia of Life ID,Q7882332,unavailable name
P8300,Montreux Jazz Festival concert ID,Q182832,concert
P8301,Montreux Jazz Festival person ID,Q215380,musical group
P8301,Montreux Jazz Festival person ID,Q5,human
P8303,ESRB game ID,Q7889,video game
P8304,NexusMods game ID,Q7889,video game
P8305,LongTake person ID,Q5,human
P8306,has grouping,Q12139612,list
P8307,has sorting,Q12139612,list
P8308,has column,Q12139612,list
P831,parent club,Q115898316,department of a sports club
P831,parent club,Q12973014,sports team
P831,parent club,Q847017,sports club
P8310,digilibLT work ID,Q47461344,written work
P8311,PHI Latin Texts work ID,Q861911,oration
P8311,PHI Latin Texts work ID,Q47461344,written work
P8311,PHI Latin Texts work ID,Q7725310,series of creative works
P8312,Musisque Deoque work ID,Q861911,oration
P8312,Musisque Deoque work ID,Q47461344,written work
P8312,Musisque Deoque work ID,Q7725310,series of creative works
P8314,Noovie person ID (archived),Q5,human
P8316,sobory.ru ID,Q16970,church building
P8316,sobory.ru ID,Q200334,bell tower
P8316,sobory.ru ID,Q2319498,architectural landmark
P8316,sobory.ru ID,Q44613,monastery
P8317,Philadelphia Museum of Art entity ID,Q43229,organization
P8317,Philadelphia Museum of Art entity ID,Q5,human
P8318,WorldFootball.net stadium ID (old),Q483110,stadium
P8319,National Football Teams.com match ID,Q12166442,association football match
P832,public holiday,Q56061,administrative territorial entity
P8320,EU-Football.info stadium ID,Q1154710,association football venue
P8321,Canadian Football League player ID,Q5,human
P8323,Monasteries in the Netherlands until 1800 ID,Q44613,monastery
P8324,funder,Q1663557,initiative
P8324,funder,Q16686448,artificial object
P8324,funder,Q223557,physical object
P8324,funder,Q2401485,expedition
P8324,funder,Q28877,goods
P8324,funder,Q42240,research
P8324,funder,Q43229,organization
P8326,Australian Classification ID,Q2431196,audiovisual work
P8326,Australian Classification ID,Q7725634,literary work
P8326,Australian Classification ID,Q622550,trailer
P8328,Democracy Index,Q6256,country
P8329,principal investigator,Q2133344,space mission
P8329,principal investigator,Q1241025,research group
P8329,principal investigator,Q230788,grant
P8329,principal investigator,Q40218,spacecraft
P8331,strike tone,Q101401,bell
P8333,DLive game ID,Q7889,video game
P8334,MuseScore artist ID,Q15632617,fictional human
P8334,MuseScore artist ID,Q5,human
P8335,Uffizi artwork ID,Q838948,work of art
P8336,MNBAQ artist ID,Q1400264,artist collective
P8336,MNBAQ artist ID,Q5,human
P8337,Cemeteries of France ID,Q39614,cemetery
P8340,estimated value,Q2424752,product
P8340,estimated value,Q6881511,enterprise
P8341,Dansk Biografisk Leksikon ID,Q5,human
P8341,Dansk Biografisk Leksikon ID,Q8436,family
P8342,SIUSA archival fonds ID,Q3052382,fonds
P8345,media franchise,Q3736859,virtual band
P8345,media franchise,Q14897293,fictional entity
P8345,media franchise,Q194195,amusement park
P8345,media franchise,Q386724,work
P8345,media franchise,Q811430,fixed construction
P8346,Nomor Pokok Wajib Pajak,Q43229,organization
P8347,Spotify songwriter ID,Q5,human
P8348,NVE River Network (ELVIS) ID,Q355304,watercourse
P8351,vglist video game ID,Q7889,video game
P8355,Helsinki persistent building ID Ratu,Q41176,building
P8356,SIUSA archive producer family ID,Q8436,family
P8357,SIUSA archive producer organization ID,Q43229,organization
P8358,Lexicon of the Yiddish Theatre ID,Q5,human
P836,GSS code (2011),Q15642541,human-geographic territorial entity
P836,GSS code (2011),Q5266682,development corporation
P8361,Universal Decimal Classification (works and editions),Q386724,work
P8363,study type,Q1003030,test
P8363,study type,Q42240,research
P8364,Deku Deals ID,Q11410,game
P8367,Legacy.com PersonID/GBID,Q5,human
P8368,number of branches,Q431289,brand
P8368,number of branches,Q43229,organization
P8371,"references work, tradition or theory",Q17537576,creative work
P8375,Crossref journal ID,Q5633421,scientific journal
P8375,Crossref journal ID,Q737498,academic journal
P8378,Dowker-Thistlethwaite notation,Q1188853,knot
P8379,qualifier for this property,Q18616576,Wikidata property
P838,BioLib taxon ID,Q16521,taxon
P838,BioLib taxon ID,Q17134993,validly published name
P8380,Directory of Afrocubanas ID,Q5,human
P8381,Emmys person ID,Q5,human
P8383,Goodreads work ID,Q47461344,written work
P8384,locality number in Austria,Q253019,Ortsteil
P8385,IDU person ID,Q5,human
P8386,Gramophone composer ID,Q5,human
P8387,Foreign war churchyards in Norway ID,Q39614,cemetery
P8388,Swedish Parliament person GUID,Q5,human
P8389,GCatholic diocese ID,Q620045,apostolic nunciature
P839,IMSLP ID,Q731978,mode
P839,IMSLP ID,Q5,human
P839,IMSLP ID,Q115473170,group of musical works
P839,IMSLP ID,Q17537576,creative work
P839,IMSLP ID,Q1917775,music publisher
P839,IMSLP ID,Q215380,musical group
P839,IMSLP ID,Q7725310,series of creative works
P8390,PMSA ID,Q3305213,painting
P8390,PMSA ID,Q860861,sculpture
P8392,Rate Your Music release ID,Q108346082,release group
P8392,Rate Your Music release ID,Q193977,music video
P84,architect,Q391414,architectural element
P84,architect,Q18247357,group of structures or buildings
P84,architect,Q19603939,building component
P84,architect,Q22652,urban green space
P84,architect,Q486972,human settlement
P84,architect,Q811430,fixed construction
P840,narrative location,Q1046315,level
P840,narrative location,Q1185607,scene
P840,narrative location,Q386724,work
P8402,open data portal,Q43229,organization
P8404,DOI formatter,Q18616576,Wikidata property
P8405,People's Representative Council of Indonesia ID,Q5,human
P8407,Supreme Court of Sweden case number,Q2334719,legal case
P841,feast day,Q118289,pericope
P841,feast day,Q215627,person
P841,feast day,Q1509831,"titles of Mary, mother of Jesus"
P841,feast day,Q856663,Bible story
P841,feast day,Q13002315,legendary figure
P8411,set in environment,Q1046315,level
P8411,set in environment,Q386724,work
P8412,Swiss Timber Bridges ID,Q12280,bridge
P8413,academic appointment,Q5,human
P8414,AlloCiné theater ID,Q13226383,facility
P8415,Maniadb artist ID,Q5,human
P8417,Group Properties article ID,Q83478,group
P8418,Oberwolfach mathematician ID,Q5,human
P8420,GameBanana game ID,Q7889,video game
P8420,GameBanana game ID,Q865493,video game mod
P8421,Spanish Olympic Committee athlete ID (archived),Q5,human
P8422,EHESS ID of a French commune,Q484170,commune of France
P8425,IAPH code,Q27096213,geographic entity
P8425,IAPH code,Q386724,work
P8426,Knot Atlas ID,Q1760728,link
P8427,Knotinfo ID,Q1188853,knot
P8428,interactive elements,Q620615,mobile app
P8428,interactive elements,Q7889,video game
P8429,Swiss Tunnel ID,Q44377,tunnel
P843,SIRUTA code,Q15921247,constituent locality
P843,SIRUTA code,Q532,village
P8430,Wien Kulturgut: Kunstwerke im öffentlichen Raum ID,Q838948,work of art
P8431,course,Q746549,dish
P8434,Artprice artist ID,Q5,human
P8435,AnyDecentMusic album ID,Q482994,album
P8439,SAH Archipedia architect ID,Q4387609,architectural firm
P8439,SAH Archipedia architect ID,Q5,human
P844,UBIGEO code,Q1342205,administrative territorial entity of Peru
P8440,Personendatenbank Germania Sacra ID,Q5,human
P8441,Cistercian Biography Online ID,Q5,human
P8441,Cistercian Biography Online ID,Q13406463,Wikimedia list article
P8441,Cistercian Biography Online ID,Q24398318,religious building
P8442,Digital Library of the Caribbean ID,Q386724,work
P8443,Homebrew formula name,Q1130645,open-source software
P8445,Our Campaigns candidate ID,Q5,human
P8446,Gateway to Research person ID,Q5,human
P8449,Churches in Limburg ID,Q1430154,cloister
P8449,Churches in Limburg ID,Q1433032,Lourdes grotto
P8449,Churches in Limburg ID,Q16970,church building
P8449,Churches in Limburg ID,Q173387,grave
P8449,Churches in Limburg ID,Q231685,stations of the Cross
P8449,Churches in Limburg ID,Q32815,mosque
P8449,Churches in Limburg ID,Q34627,synagogue
P8449,Churches in Limburg ID,Q44613,monastery
P8449,Churches in Limburg ID,Q513550,hermitage
P8449,Churches in Limburg ID,Q51845395,memorial column
P8449,Churches in Limburg ID,Q860861,sculpture
P8450,peak bagging classification,Q207326,summit
P8450,peak bagging classification,Q54050,hill
P8450,peak bagging classification,Q8502,mountain
P8453,public transport stop,Q3914,school
P8453,public transport stop,Q123349660,geolocatable entity
P8453,public transport stop,Q1656682,event
P8454,Vmusic.bg artist ID,Q2088357,musical ensemble
P8454,Vmusic.bg artist ID,Q5,human
P8455,US Quaternary Fault ID,Q47089,fault
P8456,ASCRG 2016 ID,Q4392985,religious identity
P8456,ASCRG 2016 ID,Q1530022,religious organization
P8456,ASCRG 2016 ID,Q71966963,religion or world view
P8457,ANZSOC 2011 ID,Q1456832,violation of law
P8458,ANZSCO 2013 ID,Q12737077,occupation
P8462,Political Graveyard politician ID,Q5,human
P8463,SAH Archipedia building ID,Q811430,fixed construction
P8464,content partnership category,Q43229,organization
P8468,Queensland Biota ID,Q16521,taxon
P8469,Australian Weed ID,Q16521,taxon
P8470,order number,Q1414135,rolling stock
P8473,Japanese magazine code,Q41298,magazine
P8474,lobbywatch.ch ID of a member of the Swiss parliament,Q5,human
P8476,BTI Governance Index,Q6256,country
P8477,BTI Status Index,Q6256,country
P8479,National Registry of Exonerations Case ID,Q5,human
P8480,Ofsted inspection rating,Q3914,school
P8482,Český hudební slovník osob a institucí ID,Q868557,music festival
P8482,Český hudební slovník osob a institucí ID,Q43229,organization
P8482,Český hudební slovník osob a institucí ID,Q5,human
P8485,distribution map of taxon,Q16521,taxon
P8487,OpenCritic critic ID,Q5,human
P8488,ASCCEG 2019 ID,Q33829,human population
P8489,SmallGroup ID,Q83478,group
P8490,ANZSIC 2006 ID,Q268592,industry
P8490,ANZSIC 2006 ID,Q8187769,economic activity
P8494,DSSTOX compound identifier,Q169336,mixture
P8495,South Africa EMIS code,Q2385804,educational institution
P8496,Archive Site Trinity College Cambridge ID,Q8436,family
P8496,Archive Site Trinity College Cambridge ID,Q43229,organization
P8496,Archive Site Trinity College Cambridge ID,Q5,human
P8500,Vietnamese middle name,Q5,human
P8501,Gateway to Research organization ID,Q43229,organization
P8502,SÚKL code,Q28885102,pharmaceutical product
P8504,Science Fiction Awards Database author ID,Q5,human
P8505,traffic sign template image,Q25631158,highway system
P8505,traffic sign template image,Q83620,thoroughfare
P8506,power plant operating licence (Turkey),Q159719,power station
P8507,Legacy.com newspaper ID,Q11032,newspaper
P8509,Dizionario Biografico dei Protestanti in Italia ID,Q5,human
P8511,Fototeka person ID,Q5,human
P8513,LibraryThing series ID,Q7725310,series of creative works
P8516,Library of Congress Medium of Performance Thesaurus ID,Q2088357,musical ensemble
P8516,Library of Congress Medium of Performance Thesaurus ID,Q34379,musical instrument
P8516,Library of Congress Medium of Performance Thesaurus ID,Q713200,performing artist
P8517,view,Q618123,geographical feature
P8519,RKD thesaurus ID,Q11862829,academic discipline
P8519,RKD thesaurus ID,Q12737077,occupation
P8519,RKD thesaurus ID,Q2221906,geographic location
P8519,RKD thesaurus ID,Q223557,physical object
P8519,RKD thesaurus ID,Q3533467,group action
P8519,RKD thesaurus ID,Q17537576,creative work
P8519,RKD thesaurus ID,Q151885,concept
P8519,RKD thesaurus ID,Q16521,taxon
P8519,RKD thesaurus ID,Q34770,language
P852,ESRB rating,Q116779426,group of video games often treated as a singular game
P852,ESRB rating,Q166142,application software
P852,ESRB rating,Q7889,video game
P8521,Sculptures and cities database ID for sculptures,Q4989906,monument
P8521,Sculptures and cities database ID for sculptures,Q838948,work of art
P8523,Présence Compositrices composer ID,Q5,human
P8524,Offizielle Deutsche Charts song ID,Q134556,single
P8524,Offizielle Deutsche Charts song ID,Q55850593,music track with vocals
P8524,Offizielle Deutsche Charts song ID,Q55850643,music track without lyrics
P8525,ToS;DR service ID,Q35127,website
P8525,ToS;DR service ID,Q7889,video game
P8527,Unsplash user ID,Q43229,organization
P8527,Unsplash user ID,Q5,human
P8529,ANZSRC 2020 FoR ID,Q2996394,biological process
P8529,ANZSRC 2020 FoR ID,Q79529,chemical substance
P8529,ANZSRC 2020 FoR ID,Q1047113,field of study
P8529,ANZSRC 2020 FoR ID,Q109551565,sub-set of literature
P8529,ANZSRC 2020 FoR ID,Q151885,concept
P8529,ANZSRC 2020 FoR ID,Q34770,language
P853,CERO rating,Q116779426,group of video games often treated as a singular game
P853,CERO rating,Q11410,game
P8531,Filmstarts title ID,Q11424,film
P8531,Filmstarts title ID,Q7603925,television documentary
P8532,Trismegistos text ID,Q1640824,inscription
P8532,Trismegistos text ID,Q87167,manuscript
P8534,SPLC individual ID,Q5,human
P8541,BHF magazine ID,Q1002697,periodical
P8543,Kultis ID,Q618123,geographical feature
P8543,Kultis ID,Q8205328,artificial physical object
P8544,Frauen in Bewegung 1848–1938 ID,Q43229,organization
P8544,Frauen in Bewegung 1848–1938 ID,Q5,human
P8545,Nasjonalt skoleregister ID,Q2385804,educational institution
P8546,recording location,Q108346082,release group
P8546,recording location,Q2431196,audiovisual work
P8546,recording location,Q3302947,audio recording
P8547,BHF author ID,Q5,human
P8547,BHF author ID,Q8436,family
P8548,Proballers ID,Q5,human
P8549,Opera Online work ID,Q1344,opera
P8550,law identifier,Q2751586,resolution
P8550,law identifier,Q1151067,rule
P8550,law identifier,Q740464,legal act
P8551,Opera Online composer ID,Q5,human
P8552,Opera Online opera house ID,Q24354,theatre building
P8556,extinction date,Q13417114,noble family
P8556,extinction date,Q17376908,languoid
P8557,edukado.net Panteono ID,Q5,human
P8558,Butcher tableau,Q725944,Runge–Kutta method
P8559,Chrome Web Store extension ID,Q874411,browser extension
P8560,PARADISEC Catalog,Q17376908,languoid
P8561,NPR station ID,Q14350,radio station
P8562,JSTOR publisher ID,Q2085381,publishing house
P8562,JSTOR publisher ID,Q2385804,educational institution
P8563,Emporis company ID,Q43229,organization
P8563,Emporis company ID,Q5,human
P8564,Art Bonus ID,Q41176,building
P8564,Art Bonus ID,Q2065736,cultural property
P8564,Art Bonus ID,Q43229,organization
P8565,British Museum object ID,Q386724,work
P8565,British Museum object ID,Q8205328,artificial physical object
P8566,monumenta.ch ID,Q5,human
P8567,The Living New Deal ID,Q2221906,geographic location
P8571,external auditor,Q43229,organization
P8572,Spanish Artists from the Fourth to the Twentieth Century ID,Q1400264,artist collective
P8572,Spanish Artists from the Fourth to the Twentieth Century ID,Q5,human
P8573,LSG localbody code,Q56061,administrative territorial entity
P8574,NYARC Discovery ID,Q838948,work of art
P8575,"Encyclopaedia of Architects, Vienna 1770–1945 ID",Q5,human
P8577,ICP artist ID,Q5,human
P8578,TracesOfWar person ID,Q5,human
P8579,Firefox Add-ons URL slug,Q874411,browser extension
P858,ESPNscrum player ID (archived),Q5,human
P8580,NHK Archives Portal person ID,Q5,human
P8581,Hrvatski biografski leksikon ID,Q5,human
P8581,Hrvatski biografski leksikon ID,Q8436,family
P8582,InciWeb ID,Q169950,wildfire
P8583,Yale University Art Gallery ID,Q220659,archaeological artefact
P8583,Yale University Art Gallery ID,Q838948,work of art
P8585,FIPRESCI person ID,Q5,human
P8587,Legacies of British Slave-ownership place ID,Q618123,geographical feature
P8588,Wisconsin National or State Registers Record ID,Q618123,geographical feature
P8589,Carl-Maria-von-Weber-Gesamtausgabe ID,Q5,human
P8593,Hikr waypoint ID,Q1248784,airport
P8593,Hikr waypoint ID,Q16970,church building
P8593,Hikr waypoint ID,Q182676,mountain hut
P8593,Hikr waypoint ID,Q2221906,geographic location
P8593,Hikr waypoint ID,Q23413,castle
P8593,Hikr waypoint ID,Q33506,museum
P8593,Hikr waypoint ID,Q361665,summit cross
P8593,Hikr waypoint ID,Q486972,human settlement
P8593,Hikr waypoint ID,Q55488,railway station
P8593,Hikr waypoint ID,Q631305,rock formation
P8593,Hikr waypoint ID,Q7138926,parliament building
P8594,ride height,Q42889,vehicle
P8595,DIL ID,Q5,human
P8598,Seattle Art Museum artwork ID,Q838948,work of art
P8599,Nelson-Atkins Museum of Art artwork ID,Q838948,work of art
P86,composer,Q386724,work
P860,e-archiv.li ID,Q13417114,noble family
P860,e-archiv.li ID,Q5,human
P8600,TV Maze series ID,Q98701476,television film broadcast in two parts
P8600,TV Maze series ID,Q526877,web series
P8600,TV Maze series ID,Q5398426,television series
P8601,Barcelona Public art ID,Q386724,work
P8602,University of Ghana Digital Collections (UGSpace) ID,Q1980247,chapter
P8604,OnlyFans username,Q5,human
P8605,Linked Open Data Cloud ID,Q1172284,data set
P8606,Stairway To Hell URL,Q7889,video game
P8607,The Cutting Room Floor ID,Q7889,video game
P8607,The Cutting Room Floor ID,Q207977,prototype
P8607,The Cutting Room Floor ID,Q3966,computer hardware
P8608,Fatcat ID,Q5,human
P8608,Fatcat ID,Q386724,work
P8608,Fatcat ID,Q732577,publication
P8608,Fatcat ID,Q7397,software
P8609,China Treaty Database ID,Q131569,treaty
P861,PremiershipRugby.com player ID (archived),Q215627,person
P8610,e-GOV law ID,Q1151067,rule
P8612,past Fellow of the Royal Society ID,Q5,human
P8614,Slack organization ID,Q1656682,event
P8614,Slack organization ID,Q1469824,controlled vocabulary
P8614,Slack organization ID,Q43229,organization
P8615,Oakeshott typology,Q12791,sword
P8616,Kansas Historic Resources Inventory ID,Q618123,geographical feature
P8617,Historic Montana ID,Q15243209,historic district
P8617,Historic Montana ID,Q1497364,building complex
P8617,Historic Montana ID,Q811979,architectural structure
P8618,International Tennis Federation player ID since 2020,Q5,human
P8619,BD Gest' series ID,Q867242,comics anthology
P8619,BD Gest' series ID,Q104213567,light novel series
P8619,BD Gest' series ID,Q14406742,comic book series
P8619,BD Gest' series ID,Q1760610,comic book
P862,Operational Requirement of the UK Air Ministry,Q216916,military aircraft
P8620,construction point,Q1109069,ski jumping hill
P8621,turning radius,Q752870,motor vehicle
P8622,hill size,Q1109069,ski jumping hill
P8623,American Battlefield Trust battlefield ID,Q1785071,fort
P8623,American Battlefield Trust battlefield ID,Q4895508,battlefield
P8624,American Battlefield Trust ID (person),Q5,human
P8629,Occupational Outlook Handbook ID,Q12737077,occupation
P8629,Occupational Outlook Handbook ID,Q192581,job activity
P8631,Canadian Women Artists History Initiative ID,Q5,human
P8632,Book Marks ID,Q47461344,written work
P8633,OLD Re-Member ID,Q5,human
P8634,SPoT skater ID (former scheme),Q5,human
P8634,SPoT skater ID (former scheme),Q431289,brand
P8634,SPoT skater ID (former scheme),Q4830453,business
P8635,NDL law ID,Q1151067,rule
P8637,L'Officiel des spectacles ID,Q2088357,musical ensemble
P8637,L'Officiel des spectacles ID,Q5,human
P8638,British and Irish Furniture Makers Online ID,Q5,human
P8639,Cincinnati Art Museum artwork ID,Q838948,work of art
P864,ACM Digital Library author ID,Q5,human
P8640,Dallas Museum of Art artwork ID,Q838948,work of art
P8642,FBref squad ID,Q15944511,association football team
P8642,FBref squad ID,Q476028,association football club
P8643,Dostoyevsky and His Entourage ID,Q5,human
P8644,Lambiek comic magazines ID,Q1760610,comic book
P8645,Energy Identification Code,Q43229,organization
P8645,Energy Identification Code,Q1349212,natural gas storage
P8645,Energy Identification Code,Q15709854,liquefied natural gas terminal
P8645,Energy Identification Code,Q159719,power station
P8646,expansion of,Q209163,expansion add-on
P8648,Ministry of the Interior of Italy ID,Q5,human
P8649,National Park Service place ID,Q618123,geographical feature
P865,BMLO ID,Q5,human
P8650,MnDOT Historic Bridges ID,Q12280,bridge
P8651,Open Civic Data Division ID,Q15642541,human-geographic territorial entity
P8652,Netflix maturity rating,Q2431196,audiovisual work
P8653,Museen Dresden article ID,Q43229,organization
P8653,Museen Dresden article ID,Q5,human
P8655,LoC HABS/HAER/HALS place ID,Q2221906,geographic location
P8655,LoC HABS/HAER/HALS place ID,Q811979,architectural structure
P8657,photoLondon ID,Q43229,organization
P8657,photoLondon ID,Q5,human
P8658,Syro-Malabar Catholic Church ID,Q20926517,religious administrative territorial entity
P8658,Syro-Malabar Catholic Church ID,Q24398318,religious building
P8658,Syro-Malabar Catholic Church ID,Q5,human
P866,Perlentaucher ID,Q10648343,duo
P866,Perlentaucher ID,Q5,human
P8661,Lower Sorbian place name ID,Q2221906,geographic location
P8663,Maniadb album ID,Q108346082,release group
P8664,USA Water Polo Hall of Fame ID,Q5,human
P8665,Présence Compositrices work ID,Q386724,work
P8667,twin town sign,Q56061,administrative territorial entity
P867,ROME Occupation Code,Q12737077,occupation
P8670,character designer,Q55155641,VTuber
P8670,character designer,Q196600,media franchise
P8670,character designer,Q2431196,audiovisual work
P8670,character designer,Q95074,character
P8671,Deutsche Bahn station code,Q17119431,traction power station
P8671,Deutsche Bahn station code,Q803616,rail transport electrical substation
P8673,Naver movie ID,Q11424,film
P8673,Naver movie ID,Q3464665,television series season
P8673,Naver movie ID,Q5398426,television series
P8674,Bollywood Hungama movie ID,Q11424,film
P8676,London Stock Exchange company ID,Q4830453,business
P8677,Région Île-de-France ID,Q5,human
P8678,Slovník českých nakladatelství 1848-1949 person ID,Q5,human
P8679,"Dictionary of Occupational Titles Code (fourth edition, revised)",Q12737077,occupation
P8680,FVLB work ID,Q11424,film
P8680,FVLB work ID,Q3464665,television series season
P8680,FVLB work ID,Q482994,album
P8680,FVLB work ID,Q5398426,television series
P8680,FVLB work ID,Q7889,video game
P8682,number of negative votes,Q189760,voting
P8683,number of support votes,Q189760,voting
P8686,Biographical Dictionary of Fourierism ID,Q5,human
P8688,CompositionToday composer ID,Q5,human
P8689,ITHL author ID,Q5,human
P8690,Quebec Dams Directory ID,Q105190,levee
P8690,Quebec Dams Directory ID,Q12323,dam
P8692,ACER code,Q43229,organization
P8695,Slovník českých nakladatelství 1848-1949 publishing house ID,Q2085381,publishing house
P8696,Directory of Belgian Photographers ID,Q43229,organization
P8696,Directory of Belgian Photographers ID,Q5,human
P87,librettist,Q386724,work
P870,instrumentation,Q115473170,group of musical works
P870,instrumentation,Q7725310,series of creative works
P8700,Scottish Brick History Brick & Tileworks ID,Q198632,brickworks
P8701,has census,Q23983664,demographics of country or region
P8702,parallel street,Q83620,thoroughfare
P8704,Spotify playlist ID,Q340169,communications media
P8704,Spotify playlist ID,Q15416,television program
P8704,Spotify playlist ID,Q1569406,playlist
P8704,Spotify playlist ID,Q1656682,event
P8704,Spotify playlist ID,Q215627,person
P8704,Spotify playlist ID,Q222910,compilation album
P8704,Spotify playlist ID,Q373899,record chart
P8704,Spotify playlist ID,Q43229,organization
P8705,Artist ID of the Department of Prints and Drawings of the Louvre,Q43229,organization
P8705,Artist ID of the Department of Prints and Drawings of the Louvre,Q5,human
P8706,ritual object,Q2627975,ceremony
P8706,ritual object,Q5,human
P8707,NBIC scientific name ID,Q16521,taxon
P8708,Danish educational institution number,Q62326,region of Denmark
P8708,Danish educational institution number,Q209465,campus
P8708,Danish educational institution number,Q2177636,municipality of Denmark
P8708,Danish educational institution number,Q2385804,educational institution
P8708,Danish educational institution number,Q40357,prison
P8709,CTAN package ID,Q17451,typeface
P8709,CTAN package ID,Q7397,software
P8710,Dresden Street ID,Q174782,square
P8710,Dresden Street ID,Q79007,street
P8711,Emojipedia ID,Q1049294,emoji
P8711,Emojipedia ID,Q29654788,Unicode character
P8712,FIBA Hall of Fame ID,Q5,human
P8714,GADM ID,Q15324,body of water
P8714,GADM ID,Q56061,administrative territorial entity
P8718,AVN person ID,Q5,human
P872,printed by,Q47433,banknote
P872,printed by,Q11060274,print
P872,printed by,Q20655472,editorial collection
P872,printed by,Q277759,book series
P872,printed by,Q37930,postage stamp
P872,printed by,Q4006,map
P872,printed by,Q732577,publication
P8720,xHamster pornstar ID,Q5,human
P8722,Normattiva ID,Q2135331,law of Italy
P8723,American Heritage place ID,Q618123,geographical feature
P8724,BHL name ID,Q16521,taxon
P8725,Hungarian Water Polo Federation player ID,Q5,human
P8727,Minecraft UUID,Q5,human
P8728,Nachlässe in Austria ID,Q5,human
P8729,AniList anime ID,Q1107,anime
P8729,AniList anime ID,Q717122,Glove puppetry
P8729,AniList anime ID,Q122795007,anime project
P8730,National Park Service people ID,Q5,human
P8731,AniList manga ID,Q8274,manga
P8731,AniList manga ID,Q104213567,light novel series
P8731,AniList manga ID,Q3325189,motion comic
P8731,AniList manga ID,Q562214,manhwa
P8731,AniList manga ID,Q754669,manhua
P8731,AniList manga ID,Q7725634,literary work
P8733,number of rooms,Q27686,hotel
P8733,number of rooms,Q41176,building
P8734,O*NET OnLine code,Q12737077,occupation
P8735,Opta football competition ID,Q1478437,association football competition
P8736,Opta football player ID,Q5,human
P8737,Opta football team ID,Q15944511,association football team
P8737,Opta football team ID,Q476028,association football club
P8738,permits,Q16513426,decision
P8739,prohibits,Q1151067,rule
P8739,prohibits,Q16513426,decision
P8740,The Boardr profile ID,Q10648343,duo
P8740,The Boardr profile ID,Q5,human
P8741,Great Places ID,Q618123,geographical feature
P8742,PIM award ID,Q618779,award
P8743,Scholars Strategy Network ID,Q5,human
P8747,DC Historic Sites place ID,Q618123,geographical feature
P8748,Rheinland-Pfälzische Personendatenbank (GND) ID,Q5,human
P8748,Rheinland-Pfälzische Personendatenbank (GND) ID,Q8436,family
P8751,die axis,Q41207,coin
P8752,Kramerius of Moravian Library UUID,Q1002697,periodical
P8752,Kramerius of Moravian Library UUID,Q191067,article
P8753,annual average daily traffic,Q18984099,ferry route
P8753,annual average daily traffic,Q376799,transport infrastructure
P8754,OpenStreetMap numeric user ID,Q5,human
P8755,VA facility ID,Q2221906,geographic location
P8756,Sports-Reference.com college basketball box score ID,Q18431960,basketball game
P8760,Base constructions bibliothèques ID,Q7075,library
P8761,Sports-Reference.com college football school ID,Q17156793,American football team
P8762,NCAA Statistics team season ID,Q1539532,sports season of a sports club
P8763,birth rate,Q23983664,demographics of country or region
P8764,port calls,Q1229765,watercraft
P8766,rank insignia,Q4164871,position
P8767,EGAFD ID,Q5,human
P8769,Ontology of units of Measure 2.0 unit ID,Q47574,unit of measurement
P8772,Blogger user profile ID,Q5,human
P8772,Blogger user profile ID,Q1077857,persona
P8772,Blogger user profile ID,Q43229,organization
P8774,MTMT journal ID,Q1002697,periodical
P8775,Soccerway venue ID,Q1076486,sports venue
P8776,IMVDb music video ID,Q193977,music video
P8777,NCAA Statistics coach ID,Q5,human
P8778,Docker Hub repository,Q7397,software
P878,avionics,Q11436,aircraft
P8782,ClassInd game ID,Q11410,game
P8783,AAGM person or institution ID,Q43229,organization
P8783,AAGM person or institution ID,Q5,human
P8787,UAF person ID,Q5,human
P8788,Dignity Memorial obituary ID,Q5,human
P8789,defining mutations,Q80686,haplogroup
P879,pennant number,Q1229765,watercraft
P8790,Opera Online performer ID,Q5,human
P8791,digitised by,Q17537576,creative work
P8792,Bioweb Ecuador ID,Q16521,taxon
P8793,Quirinale ID,Q3184121,municipality of Brazil
P8793,Quirinale ID,Q1541043,tomb of the unknown soldier
P8793,Quirinale ID,Q43229,organization
P8793,Quirinale ID,Q5,human
P8794,BBFC reference,Q11424,film
P8794,BBFC reference,Q7889,video game
P8795,Diamond Catalog ID for persons and organisations,Q43229,organization
P8795,Diamond Catalog ID for persons and organisations,Q5,human
P8797,French Paralympic Committee athlete ID,Q5,human
P8798,for color scheme,Q859170,color scheme
P88,commissioned by,Q116181743,city founding
P88,commissioned by,Q16686448,artificial object
P88,commissioned by,Q2424752,product
P880,CPU,Q241317,computing platform
P880,CPU,Q2858615,electronic device
P880,CPU,Q40218,spacecraft
P880,CPU,Q7889,video game
P8800,European Film Awards ID,Q11424,film
P8801,MSRI institution ID,Q43229,organization
P8802,MSRI person ID,Q5,human
P8805,LIMIS person ID,Q5,human
P8809,AIWARDS ID,Q368290,film distributor
P8809,AIWARDS ID,Q11424,film
P8809,AIWARDS ID,Q282939,scene
P8809,AIWARDS ID,Q4504495,award ceremony
P8809,AIWARDS ID,Q5,human
P8809,AIWARDS ID,Q618779,award
P881,type of variable star,Q595871,star system
P881,type of variable star,Q523,star
P8811,Twitch team ID,Q43229,organization
P8812,IMMuB artist ID,Q215380,musical group
P8812,IMMuB artist ID,Q5,human
P8813,IMMuB album ID,Q482994,album
P8817,NCAA organization code,Q1318274,placeholder name
P8817,NCAA organization code,Q2992826,athletic conference
P8818,Church of Jesus Christ pioneer ID,Q5,human
P8819,Pitchfork artist ID,Q2088357,musical ensemble
P8819,Pitchfork artist ID,Q5,human
P8820,Monuments de mémoire ID,Q575759,war memorial
P8821,Memorial Book University of Vienna ID,Q5,human
P8823,Xfinity Stream ID,Q5398426,television series
P8823,Xfinity Stream ID,Q11424,film
P8823,Xfinity Stream ID,Q15416,television program
P8823,Xfinity Stream ID,Q24856,film series
P8824,attraction to,Q178059,paraphilia
P8825,Sports-Reference.com college basketball team ID,Q13393265,basketball team
P8827,GitLab.com username,Q215627,person
P8827,GitLab.com username,Q1334294,software repository
P8827,GitLab.com username,Q43229,organization
P8827,GitLab.com username,Q7397,software
P8828,AAA attraction ID,Q2221906,geographic location
P8829,Swiss-Gym Male ID,Q5,human
P8830,Swiss-Gym Female ID,Q5,human
P8831,Museum Day ID,Q33506,museum
P8832,Polish Academy of Sciences ID,Q5,human
P8835,Visages du diocèse d'Autun ID,Q5,human
P8836,SPOnG game ID,Q7889,video game
P8837,Prêtres du diocèse de Quimper ID,Q5,human
P8838,LibraryThing venue ID,Q200764,bookstore
P8838,LibraryThing venue ID,Q7075,library
P8839,hairstyle / hairlength,Q14897293,fictional entity
P8839,hairstyle / hairlength,Q10832,sex doll
P8839,hairstyle / hairlength,Q201662,alter ego
P8839,hairstyle / hairlength,Q5,human
P884,State Water Register Code (Russia),Q15324,body of water
P8840,Union des artistes ID,Q5,human
P8841,Restaurant Guru restaurant ID,Q11707,restaurant
P8842,PromoDj ID,Q215380,musical group
P8842,PromoDj ID,Q5,human
P8845,FIS grass skier ID,Q5,human
P8846,FISG athlete ID,Q5,human
P885,origin of the watercourse,Q16338046,fictional river
P885,origin of the watercourse,Q124714,spring
P885,origin of the watercourse,Q271669,landform
P885,origin of the watercourse,Q355304,watercourse
P8852,facial hair,Q14897293,fictional entity
P8852,facial hair,Q5,human
P8853,Musica Brasilis composer ID,Q5,human
P8853,Musica Brasilis composer ID,Q1917775,music publisher
P8853,Musica Brasilis composer ID,Q215380,musical group
P8856,British Phonographic Industry ID,Q108346082,release group
P8856,British Phonographic Industry ID,Q241365,music recording sales certification
P8857,CRGPG ID,Q5,human
P8858,Drizly product ID,Q154,alcoholic beverage
P8860,Canada Business Number,Q43229,organization
P8862,Foodlocate restaurant ID,Q11707,restaurant
P8863,Qobuz label ID,Q18127,record label
P8864,identity element,Q164307,binary operation
P8865,mathematical inverse,Q246672,mathematical object
P8866,has operation,Q205464,algebraic structure
P8868,AAA hotel ID,Q27686,hotel
P8869,AAA restaurant ID,Q11707,restaurant
P8870,Hyperion Records person ID,Q5,human
P8872,has marker,Q7868,cell
P8873,DriveThruComics numeric publisher ID,Q43229,organization
P8873,DriveThruComics numeric publisher ID,Q5,human
P8874,Hong Kong film rating,Q11424,film
P8875,indexed in bibliographic review,Q2217301,serial
P8875,indexed in bibliographic review,Q83790,textbook
P8877,Fellow of the Royal Society of Canada ID,Q5,human
P8878,HLTV player ID,Q5,human
P8879,Kinorium person ID,Q5,human
P8880,AstroGen ID,Q5,human
P8882,complementary property,Q18616576,Wikidata property
P8886,CIP data sheet,Q185785,ammunition
P8887,water area,Q15642541,human-geographic territorial entity
P8887,water area,Q27096235,artificial geographic entity
P8888,AniDB episode ID,Q102364578,anime television series episode
P8888,AniDB episode ID,Q220898,original video animation
P8889,MTRCB rating,Q11424,film
P8889,MTRCB rating,Q15416,television program
P889,Mathematical Reviews ID,Q47461344,written work
P8890,power consumption index,Q1497364,building complex
P8890,power consumption index,Q41176,building
P8891,heating energy consumption index,Q1497364,building complex
P8891,heating energy consumption index,Q41176,building
P8892,edition humboldt digital Flora ID,Q16521,taxon
P8893,Sistema de Información Legislativa ID,Q5,human
P8894,BG EIK,Q43229,organization
P8897,Reliwiki page ID,Q1370598,structure of worship
P8898,road name formatter,Q25631158,highway system
P8901,ELSPA rating,Q7889,video game
P8903,HAL journal ID,Q5633421,scientific journal
P8903,HAL journal ID,Q737498,academic journal
P8904,Parler username (archived),Q5,human
P8904,Parler username (archived),Q43229,organization
P8904,Parler username (archived),Q7889,video game
P8905,Museo del Prado artwork ID,Q838948,work of art
P8906,National Gallery of Ireland ID,Q838948,work of art
P8907,Auckland Art Gallery artwork ID,Q838948,work of art
P8908,CINE21 film ID,Q11424,film
P8908,CINE21 film ID,Q3464665,television series season
P8909,National Gallery of Australia ID,Q838948,work of art
P8910,Fitzwilliam Museum artwork ID,Q838948,work of art
P8911,Sonneveld-index,Q1370598,structure of worship
P8912,Kicker.de player ID,Q5,human
P8913,NSSDCA ID,Q18812508,space station module
P8913,NSSDCA ID,Q40218,spacecraft
P8913,NSSDCA ID,Q5916,spaceflight
P8913,NSSDCA ID,Q60054001,space program
P8913,NSSDCA ID,Q697175,launch vehicle
P8914,ZOBODAT person ID,Q5,human
P8915,ZOBODAT taxon ID,Q16521,taxon
P8916,DIA ID,Q838948,work of art
P8917,SKD artwork ID,Q838948,work of art
P8918,Max Movie film ID,Q11424,film
P8919,Gab username,Q5,human
P8919,Gab username,Q43229,organization
P8919,Gab username,Q7889,video game
P892,RfC ID,Q212971,Request for Comments
P8920,Movist film ID,Q11424,film
P8920,Movist film ID,Q5398426,television series
P8921,KOBIS film ID,Q11424,film
P8921,KOBIS film ID,Q5398426,television series
P8922,Amsterdam Museum artwork ID,Q838948,work of art
P8923,SMB-digital ID,Q8205328,artificial physical object
P8923,SMB-digital ID,Q838948,work of art
P8924,State Catalogue of the Museum Fund of Russia artwork ID,Q838948,work of art
P8925,CQVIP article ID,Q47461344,written work
P8926,DBLP venue ID,Q5281480,disciplinary repository
P8926,DBLP venue ID,Q277759,book series
P8926,DBLP venue ID,Q47258130,academic conference series
P8926,DBLP venue ID,Q5633421,scientific journal
P8926,DBLP venue ID,Q737498,academic journal
P8927,kunya,Q5,human
P8928,Filmstriben film-ID,Q11424,film
P893,SSRN article ID,Q10870555,report
P8930,Church of Jesus Christ missionary ID,Q5,human
P8931,"Encyklopedie mostů v Čechách, na Moravě a ve Slezsku ID",Q12280,bridge
P8932,Czech Gymnastics athlete ID,Q5,human
P8936,CollEx-Persée ID,Q43229,organization
P8937,theses.cz ID,Q1266946,thesis
P8938,artistic director,Q43229,organization
P8939,Google Play developer slug,Q43229,organization
P8939,Google Play developer slug,Q5,human
P8940,AppGallery app ID,Q620615,mobile app
P8940,AppGallery app ID,Q7889,video game
P8941,The Galileo Project ID,Q5,human
P8943,Artfacts ID,Q5,human
P8944,Archivio dei possessori ID,Q43229,organization
P8944,Archivio dei possessori ID,Q5,human
P8945,Museo Galileo biography ID,Q5,human
P8946,National Galleries Scotland ID,Q838948,work of art
P8947,Museo Galileo authority ID,Q43229,organization
P8947,Museo Galileo authority ID,Q5,human
P8948,Pinakothek artwork ID,Q838948,work of art
P8949,Delft municipal monument ID,Q41176,building
P8950,Dizionario degli artisti ID,Q5,human
P8951,Order of Canada recipient ID,Q5,human
P8953,Students of Prague Universities ID,Q5,human
P8954,vets.cz ID,Q173387,grave
P8954,vets.cz ID,Q39614,cemetery
P8954,vets.cz ID,Q4989906,monument
P8955,Chapels of southern Bohemia ID (archived),Q575759,war memorial
P8955,Chapels of southern Bohemia ID (archived),Q108325,chapel
P8955,Chapels of southern Bohemia ID (archived),Q179700,statue
P8955,Chapels of southern Bohemia ID (archived),Q2309609,wayside cross
P8956,compatible with,Q15706911,fictional object
P8956,compatible with,Q488383,object
P8957,GS1 GPC code,Q2424752,product
P8958,ClassInd audiovisual work ID,Q11424,film
P8958,ClassInd audiovisual work ID,Q21191270,television series episode
P8959,Georgia Museum of Art ID,Q838948,work of art
P8960,Kunsthistorisches Museum Wien ID,Q838948,work of art
P8961,tribunsdelaplebe.fr ID,Q5,human
P8961,tribunsdelaplebe.fr ID,Q899409,gens
P8962,PBA artwork ID,Q838948,work of art
P8964,OpenReview.net profile ID,Q5,human
P8969,CINE21 person ID,Q5,human
P8970,Chinese Painting Database ID,Q838948,work of art
P8971,Cinémathèque québécoise person ID,Q5,human
P8973,Humanitarian OpenStreetMap Tasking Manager project ID,Q3839081,disaster
P8973,Humanitarian OpenStreetMap Tasking Manager project ID,Q82794,region
P8975,Manus Online author ID,Q5,human
P8975,Manus Online author ID,Q747074,comune of Italy
P8976,Lichess username,Q5,human
P8977,CITWF person ID,Q5,human
P8978,DBLP publication ID,Q10383930,academic work
P8978,DBLP publication ID,Q212971,Request for Comments
P8978,DBLP publication ID,Q571,book
P8985,Dizionario bio-bibliografico dei bibliotecari italiani del XX secolo ID,Q5,human
P8986,graph girth,Q840247,hypergraph
P8987,ISDS ID,Q43229,organization
P8987,ISDS ID,Q5,human
P8988,Mapy.com ID,Q27096213,geographic entity
P8988,Mapy.com ID,Q108696,horse stud farm
P8988,Mapy.com ID,Q1190554,occurrence
P8988,Mapy.com ID,Q3152824,cultural institution
P8988,Mapy.com ID,Q860861,sculpture
P8993,JAD ID,Q5,human
P8994,Game UI Database ID,Q116779426,group of video games often treated as a singular game
P8994,Game UI Database ID,Q7889,video game
P8995,Lumières.Lausanne ID,Q5,human
P8996,Swiss Unihockey player ID,Q5,human
P8997,IFF player ID,Q5,human
P8998,Magyar életrajzi lexikon ID,Q5,human
P9002,liturgical rank,Q14795564,point in time with respect to recurrent timeframe
P9006,Pocket Casts ID,Q1555508,radio program
P901,FIPS 10-4 (countries and regions),Q618123,geographical feature
P9014,The Podcast App show ID,Q1555508,radio program
P9015,Medieval Manuscripts in Oxford Libraries manuscript ID,Q87167,manuscript
P9016,Medieval Manuscripts in Oxford Libraries work ID,Q47461344,written work
P9017,Medieval Manuscripts in Oxford Libraries person ID,Q5,human
P9018,Medieval Manuscripts in Oxford Libraries place ID,Q618123,geographical feature
P9019,Medieval Manuscripts in Oxford Libraries organization ID,Q41176,building
P9019,Medieval Manuscripts in Oxford Libraries organization ID,Q43229,organization
P9020,AV Production person ID,Q5,human
P9022,Mediafilm ID,Q11424,film
P9026,SFLI ID,Q5,human
P9028,CCC classification,Q7889,video game
P9029,Viceversa Letteratura author ID,Q5,human
P9030,solution to,Q246672,mathematical object
P9031,Barnivore product ID,Q154,alcoholic beverage
P9032,AVN movie ID,Q11424,film
P9033,Archivo Histórico de diputados de España ID,Q5,human
P9034,BG School ID,Q3914,school
P9035,Muck Rack media outlet ID,Q1616075,television station
P9035,Muck Rack media outlet ID,Q11033,mass media
P9035,Muck Rack media outlet ID,Q35127,website
P9036,I professori dell'Università di Pavia (1859-1961) ID,Q5,human
P9039,Studium Parisiense ID,Q5,human
P9041,DiVo person ID,Q5,human
P9042,DiCamillo Database Country House ID,Q41176,building
P9044,GEPRIS Historisch person ID,Q5,human
P9045,Alpine Linux package,Q7397,software
P9046,A*dS Encyclopedia ID,Q5,human
P9047,archaeological site of,Q839954,archaeological site
P9049,ICCD agent ID,Q5,human
P905,PORT film ID,Q11424,film
P905,PORT film ID,Q15416,television program
P905,PORT film ID,Q24856,film series
P905,PORT film ID,Q526877,web series
P9050,ICCD site ID,Q43229,organization
P9050,ICCD site ID,Q618123,geographical feature
P9051,ICCD cultural heritage ID,Q386724,work
P9051,ICCD cultural heritage ID,Q839954,archaeological site
P9053,Projecto Vercial author ID,Q5,human
P9054,National Historic People ID,Q5,human
P9055,Olympedia event ID,Q16510064,sporting event
P9055,Olympedia event ID,Q26132862,Olympic sports discipline event
P9056,TheCocktailDB drink ID,Q134768,cocktail
P9057,TheCocktailDB ingredient ID,Q2596997,condiment
P9057,TheCocktailDB ingredient ID,Q3314483,fruit
P9057,TheCocktailDB ingredient ID,Q40050,drink
P9058,Fichier des personnes décédées ID (matchID),Q5,human
P9059,subdivision of this unit,Q47574,unit of measurement
P906,SELIBR ID,Q115095765,location
P906,SELIBR ID,Q14897293,fictional entity
P906,SELIBR ID,Q1408229,finished good
P906,SELIBR ID,Q1656682,event
P906,SELIBR ID,Q386724,work
P906,SELIBR ID,Q43229,organization
P906,SELIBR ID,Q5,human
P906,SELIBR ID,Q61002,pseudonym
P906,SELIBR ID,Q618123,geographical feature
P9060,POSIX locale identifier,Q17376908,languoid
P9061,National Museum in Warsaw artwork ID,Q838948,work of art
P9062,BABEL author ID,Q5,human
P9063,Base de Dados de Autores Portugueses ID,Q5,human
P9066,FL number,Q79529,chemical substance
P9067,Hungarian Film Archive film ID,Q11424,film
P9071,character type,Q95074,character
P9074,Kōtuia ID,Q43229,organization
P9077,number of aid beneficiaries,Q1656682,event
P9077,number of aid beneficiaries,Q163740,nonprofit organization
P908,PEGI rating,Q7397,software
P908,PEGI rating,Q116779426,group of video games often treated as a singular game
P908,PEGI rating,Q209163,expansion add-on
P9083,"45cat 7"" release ID",Q6128115,7″ single
P9085,Aracne author ID,Q5,human
P9086,BAMID film rating,Q11424,film
P9087,Econlib person ID,Q5,human
P9088,KBR Catalogue ID,Q571,book
P9088,KBR Catalogue ID,Q838948,work of art
P9090,Swiss Games Showcase ID,Q7889,video game
P9091,MNBAQ artwork ID,Q838948,work of art
P9092,Art in the Christian Tradition ID,Q838948,work of art
P9093,Australian Lichen ID,Q16521,taxon
P9095,Kunstmuseum Basel artwork ID,Q838948,work of art
P9096,Malpedia ID,Q14001,malware
P9096,Malpedia ID,Q28402245,threat actor
P9098,BiblioLMC ID,Q207628,composed musical work
P9098,BiblioLMC ID,Q5,human
P9098,BiblioLMC ID,Q7075,library
P91,sexual orientation,Q14897293,fictional entity
P91,sexual orientation,Q5,human
P9102,CineFanRo person ID,Q5,human
P9104,Encyclopedia of Brno History object ID,Q488383,object
P9105,Dictionnaire des journalistes ID,Q5,human
P9109,Holocaust.cz person ID,Q5,human
P911,South African municipality code,Q2666845,municipality of South Africa
P9110,Le Lettere di Theodor Mommsen agli Italiani ID,Q5,human
P9111,SISSCO ID,Q5,human
P9114,Mathematica Italiana person ID,Q5,human
P9116,Musica Brasilis score ID,Q731978,mode
P9117,BVFE author ID,Q5,human
P9118,Family Gaming Database ID,Q7058673,video game series
P9118,Family Gaming Database ID,Q7889,video game
P9119,LexML Brazil ID,Q1151067,rule
P9119,LexML Brazil ID,Q386724,work
P912,has facility,Q13226383,facility
P912,has facility,Q22698,park
P912,has facility,Q3895768,fictional location
P912,has facility,Q43229,organization
P912,has facility,Q811979,architectural structure
P9121,National Museum Norway artwork ID,Q8205328,artificial physical object
P9121,National Museum Norway artwork ID,Q838948,work of art
P9122,SportsLogos.net team ID,Q13406554,sports competition
P9122,SportsLogos.net team ID,Q4438121,sports organization
P9129,Data Collection of the Hungarian Peerage ID,Q5,human
P9130,CompositionToday composers showcase ID,Q5,human
P9131,Royal Museums Greenwich artwork ID,Q838948,work of art
P9132,Saint Louis Art Museum artwork ID,Q838948,work of art
P9133,AZLyrics.com song ID,Q7302866,audio track
P9134,Studio di Fonologia Musicale RAI person ID,Q5,human
P9135,WreckSite ID,Q1229765,watercraft
P9135,WreckSite ID,Q2235325,maritime accident
P9136,SOUNZ contributor ID,Q43229,organization
P9136,SOUNZ contributor ID,Q5,human
P9137,Doktori.hu ID,Q5,human
P9139,first family name in Portuguese name,Q5,human
P914,USK rating,Q116741534,group of video games
P914,USK rating,Q166142,application software
P914,USK rating,Q209163,expansion add-on
P914,USK rating,Q7889,video game
P9140,time played,Q16510064,sporting event
P9141,Portal da Literatura ID,Q5,human
P9143,Play:Right ID,Q241317,computing platform
P9143,Play:Right ID,Q115920686,"video games, consoles and accessories"
P9144,National Portrait Gallery (London) artwork ID,Q838948,work of art
P9145,Xinjiang Data Project ID,Q358,heritage site
P9145,Xinjiang Data Project ID,Q152081,concentration camp
P9145,Xinjiang Data Project ID,Q40357,prison
P9146,CITWF title ID,Q11424,film
P9147,Union Catalog of Armenian Continuing Resources ID,Q732577,publication
P9148,Saxony-Anhalt cultural heritage object ID,Q618123,geographical feature
P915,filming location,Q3895768,fictional location
P915,filming location,Q10590726,video album
P915,filming location,Q112627928,livestreamed video
P915,filming location,Q1555508,radio program
P915,filming location,Q1983062,episode
P915,filming location,Q20899,podcast
P915,filming location,Q2431196,audiovisual work
P915,filming location,Q34508,video recording
P915,filming location,Q3464665,television series season
P915,filming location,Q4502142,visual artwork
P915,filming location,Q5398426,television series
P915,filming location,Q604219,photo-book
P9150,FloGrappling athlete ID,Q5,human
P9151,Can I use feature ID,Q376346,web color
P9151,Can I use feature ID,Q15836568,computer network protocol
P9151,Can I use feature ID,Q235557,file format
P9152,CollectieGelderland creator ID,Q43229,organization
P9152,CollectieGelderland creator ID,Q5,human
P9153,VAi building ID,Q811979,architectural structure
P9155,Joods Monument ID,Q5,human
P9156,Lumni person ID,Q5,human
P9159,People Australia ID,Q18347143,Hominin fossil
P9159,People Australia ID,Q5,human
P916,GSRR rating,Q116779426,group of video games often treated as a singular game
P916,GSRR rating,Q7889,video game
P9160,Biographical Dictionary of the Czech Lands ID,Q5,human
P9160,Biographical Dictionary of the Czech Lands ID,Q14897293,fictional entity
P9160,Biographical Dictionary of the Czech Lands ID,Q8436,family
P9161,thesis committee member,Q1266946,thesis
P9163,Obrazi slovenskih pokrajin ID,Q5,human
P9163,Obrazi slovenskih pokrajin ID,Q8436,family
P9165,Lexikon Literatur in Tirol ID,Q5,human
P9167,De Lakenhal artwork ID,Q838948,work of art
P9169,Tree of Life contributor ID,Q5,human
P9170,Taiwan River Code,Q4022,river
P9171,RILM ID,Q699,fairy tale
P9171,RILM ID,Q106668099,corporate body
P9171,RILM ID,Q11424,film
P9171,RILM ID,Q207628,composed musical work
P9171,RILM ID,Q5,human
P9171,RILM ID,Q7725634,literary work
P9172,playDB artist ID,Q5,human
P9173,Rate Your Music genre ID,Q12020884,musical movement
P9173,Rate Your Music genre ID,Q28820001,musical scene
P9177,playDB play ID,Q1656682,event
P9177,playDB play ID,Q17537576,creative work
P9177,playDB play ID,Q25379,play
P918,NOC Occupation Code,Q12737077,occupation
P918,NOC Occupation Code,Q215627,person
P9180,number of at bats,Q5,human
P9181,Germanistenverzeichnis ID,Q5,human
P9182,uta-net.com song ID,Q7302866,audio track
P9183,uta-net.com artist ID,Q5,human
P9183,uta-net.com artist ID,Q2088357,musical ensemble
P9183,uta-net.com artist ID,Q95074,character
P9184,number of hits,Q5,human
P9187,EuroBabeIndex.com ID,Q5,human
P9188,bases on balls,Q5,human
P9189,Geneanet cemetery ID,Q255595,ossuary
P9189,Geneanet cemetery ID,Q39614,cemetery
P919,SOC Code (2010),Q12737077,occupation
P9190,runs batted in,Q5,human
P9191,letterer,Q386724,work
P9192,sensors,Q2424752,product
P9193,LombardiaBeniCulturali archive producer person ID,Q5,human
P9196,BookBub author ID,Q5,human
P9197,TlF artist ID,Q5,human
P9199,Protagonisti della storia delle scienze della mente ID,Q5,human
P9200,English Placenames MADS ID,Q2221906,geographic location
P9201,Norwegian State Administration Database ID,Q43229,organization
P9203,CineFAN.ro title ID,Q11424,film
P9204,CinemaRX title ID (archived),Q11424,film
P9205,Sinemalar title ID,Q11424,film
P9205,Sinemalar title ID,Q15416,television program
P9206,Swissvote ID,Q43109,referendum
P921,main subject,Q1003030,test
P921,main subject,Q1639378,social system
P921,main subject,Q11514315,historical period
P921,main subject,Q1151067,rule
P921,main subject,Q12139612,list
P921,main subject,Q131257,intellectual property
P921,main subject,Q134995,bibliography
P921,main subject,Q151885,concept
P921,main subject,Q1656682,event
P921,main subject,Q178059,paraphilia
P921,main subject,Q180684,conflict
P921,main subject,Q187117,lobbying
P921,main subject,Q187931,phrase
P921,main subject,Q190539,discourse
P921,main subject,Q192909,scandal
P921,main subject,Q2145290,mental representation
P921,main subject,Q230788,grant
P921,main subject,Q26256810,topic
P921,main subject,Q278485,hashtag
P921,main subject,Q2904148,information leak
P921,main subject,Q309,history
P921,main subject,Q358,heritage site
P921,main subject,Q382996,incentive program
P921,main subject,Q386724,work
P921,main subject,Q4406616,concrete object
P921,main subject,Q44619,fear
P921,main subject,Q4503831,goal
P921,main subject,Q4915012,biological pathway
P921,main subject,Q49848,document
P921,main subject,Q6056746,campaign
P921,main subject,Q618779,award
P921,main subject,Q628523,message
P921,main subject,Q900406,reform
P921,main subject,Q978,meme
P9211,Wisconsin Architecture and History Inventory ID,Q618123,geographical feature
P9212,Dizionario biografico online degli anarchici italiani ID,Q5,human
P9213,Swedish Literature Bank place ID,Q173387,grave
P9213,Swedish Literature Bank place ID,Q1802963,mansion
P9213,Swedish Literature Bank place ID,Q2221906,geographic location
P9213,Swedish Literature Bank place ID,Q5,human
P9213,Swedish Literature Bank place ID,Q7379880,runic inscription
P9215,set during recurring event,Q3414877,quest
P9215,set during recurring event,Q386724,work
P9216,Opera Online conductor ID,Q5,human
P9217,stolen bases,Q5,human
P9217,stolen bases,Q27927857,baseball game
P922,magnetic ordering,Q11426,metal
P9220,doubles hit,Q5,human
P9221,Danmarks Adresseregister named street ID,Q83620,thoroughfare
P9224,JedeSchule.de ID,Q3914,school
P9225,triples hit,Q5,human
P9226,ARAE ID,Q8436,family
P9226,ARAE ID,Q43229,organization
P9226,ARAE ID,Q5,human
P9227,Encyclopedia Titanica ID,Q5,human
P9228,U.S. Masters Swimming ID,Q5,human
P9229,DzygaMDB person ID,Q5,human
P923,medical examination,Q7189713,physiological condition
P9230,NLS place type ID,Q27096213,geographic entity
P9232,Obituaries Australia ID,Q5,human
P9235,seismic classification,Q2221906,geographic location
P9237,reissue of,Q108346082,release group
P9238,staking percentage,Q13479982,cryptocurrency
P9239,affiliated worker organisation,Q43229,organization
P924,possible treatment,Q18596079,fictional medical condition
P924,possible treatment,Q2057971,health problem
P9242,Whiskybase distillery ID,Q43229,organization
P9244,Women Australia ID,Q5,human
P9245,Labour Australia ID,Q5,human
P9246,Indigenous Australia ID,Q5,human
P9248,EEVA author ID,Q5,human
P9249,Nauvoo Community Project ID,Q5,human
P9254,Museo Nacional de la Estampa ID,Q838948,work of art
P9255,Resident Advisor club ID,Q13226383,facility
P9255,Resident Advisor club ID,Q43229,organization
P9256,Diccionari de la traducció catalana ID,Q35120,entity
P9258,Austrian Newspapers Online ID,Q1002697,periodical
P926,postsynaptic connection,Q43054,neuron
P9261,Oklahoma's NRHP ID,Q618123,geographical feature
P9261,Oklahoma's NRHP ID,Q8205328,artificial physical object
P9264,FFF.fr player ID,Q5,human
P9265,Physics Magazine author ID,Q5,human
P9266,Ligue 1 player ID (archived),Q5,human
P9267,ANPI person numeric ID,Q5,human
P9268,Science Magazine author ID,Q5,human
P927,anatomical location,Q2996394,biological process
P927,anatomical location,Q2057971,health problem
P927,anatomical location,Q796194,medical procedure
P9270,ANSI/NISO standard ID,Q317623,technical standard
P9271,Kickstarter username,Q43229,organization
P9271,Kickstarter username,Q5,human
P9273,RePEc EconPapers ID,Q4119870,academic writing
P9277,LFChistory.net player ID,Q5,human
P928,activating neurotransmitter,Q43054,neuron
P9282,Catalogue of the Capitular Library of Verona author ID,Q43229,organization
P9282,Catalogue of the Capitular Library of Verona author ID,Q5,human
P9283,AaRC title ID,Q11424,film
P9283,AaRC title ID,Q24856,film series
P9284,GB1900 ID,Q15710813,physical structure
P9284,GB1900 ID,Q2221906,geographic location
P9289,Filmitalia person ID,Q5,human
P9290,TikTok music ID,Q7302866,audio track
P9293,AIATSIS Place Thesaurus ID,Q2221906,geographic location
P9297,TapTap application ID,Q7889,video game
P9298,Encyclopedia of Plzeň person ID,Q5,human
P9299,OsobnostiRegionu.cz ID,Q5,human
P930,type of electrification,Q3565868,rail transport
P930,type of electrification,Q1067164,transport service itinerary
P930,type of electrification,Q1210334,railway bridge
P930,type of electrification,Q1311958,railway tunnel
P930,type of electrification,Q1414135,rolling stock
P930,type of electrification,Q18199879,trolleybus system
P930,type of electrification,Q22667,railway
P930,type of electrification,Q2678338,railway network
P930,type of electrification,Q3491904,urban rail transit
P930,type of electrification,Q5639,trolleybus
P930,type of electrification,Q639030,people mover
P930,type of electrification,Q728937,railway line
P9300,Terezín Memorial Database ID,Q5,human
P9303,svoyak.info player ID,Q5,human
P9305,Max Movie person ID,Q5,human
P9306,EudraCT trial ID,Q30612,clinical trial
P9308,operator licence number,Q740752,transport company
P931,place served by transport hub,Q376799,transport infrastructure
P9314,Latin Place Names ID,Q2221906,geographic location
P9314,Latin Place Names ID,Q7884789,toponym
P9316,MyMusic artist ID,Q5,human
P932,PMC publication ID,Q11826511,scientific work
P932,PMC publication ID,Q2085515,minutes
P932,PMC publication ID,Q637866,book review
P932,PMC publication ID,Q651270,letter to the editor
P932,PMC publication ID,Q732577,publication
P9324,BiographySampo person ID,Q4271324,mythical character
P9324,BiographySampo person ID,Q5,human
P9325,Gedong Kirtya Classification,Q1641020,palm-leaf manuscript
P9327,Cartigli di Bologna ID,Q1437299,creek
P9327,Cartigli di Bologna ID,Q811979,architectural structure
P9328,Universal Music France artist ID,Q5,human
P9329,Svoya Igra television player ID,Q5,human
P933,Heritage NL ID,Q618123,geographical feature
P933,Heritage NL ID,Q8205328,artificial physical object
P9330,Washington Place Names ID,Q27096213,geographic entity
P9330,Washington Place Names ID,Q7884789,toponym
P9331,Storiaememoriadibologna.it ID,Q5,human
P9331,Storiaememoriadibologna.it ID,Q1190554,occurrence
P9331,Storiaememoriadibologna.it ID,Q386724,work
P9331,Storiaememoriadibologna.it ID,Q43229,organization
P9331,Storiaememoriadibologna.it ID,Q618123,geographical feature
P9338,NFL.com player ID,Q5,human
P9343,temples.ru ID,Q24398318,religious building
P9344,has graphical element,Q223557,physical object
P9344,has graphical element,Q4006,map
P9344,has graphical element,Q838948,work of art
P9350,PeriodO period ID,Q186081,time interval
P9350,PeriodO period ID,Q1190554,occurrence
P9350,PeriodO period ID,Q58415929,spatio-temporal entity
P9352,Portrait Archive ID,Q5,human
P9354,Porcelana Brasil ID,Q4830453,business
P9354,Porcelana Brasil ID,Q83405,factory
P9355,Slovník českých filosofů ID,Q5,human
P9360,Ministry of Education New Zealand school ID,Q3914,school
P9363,Tacoma-Pierce County Obituary Index ID,Q5,human
P9367,Filmitalia film ID,Q11424,film
P937,work location,Q7239,organism
P937,work location,Q1747829,notname
P937,work location,Q192581,job activity
P937,work location,Q4164871,position
P937,work location,Q43229,organization
P937,work location,Q95074,character
P9370,PlacenamesNI ID,Q2221906,geographic location
P9371,FranceArchives agent ID,Q43229,organization
P9371,FranceArchives agent ID,Q5,human
P9372,NHS Organisation Data Service ID,Q43229,organization
P9372,NHS Organisation Data Service ID,Q13226383,facility
P9372,NHS Organisation Data Service ID,Q2221906,geographic location
P9376,law digest,Q820655,statute
P9381,Enslaved.org place ID,Q2221906,geographic location
P9382,Unicode character name,Q29654788,Unicode character
P9383,The Mountaineers Routes & Places ID,Q43229,organization
P939,KSH code,Q2520520,administrative territorial entity of Hungary
P9393,Tacoma-Pierce County Buildings Index ID,Q41176,building
P9394,Louvre Museum ARK ID,Q488383,object
P9396,trade union membership rate,Q4835091,territory
P9398,Armenian Book ID,Q47461344,written work
P9399,athletics.lv athlete ID,Q5,human
P94,coat of arms image,Q4116295,surname
P94,coat of arms image,Q215627,person
P94,coat of arms image,Q14897293,fictional entity
P94,coat of arms image,Q3238337,mythical location
P94,coat of arms image,Q4164871,position
P94,coat of arms image,Q43229,organization
P94,coat of arms image,Q618123,geographical feature
P94,coat of arms image,Q8436,family
P9402,GameSpot developer ID,Q5,human
P9402,GameSpot developer ID,Q1137109,video game publisher
P9402,GameSpot developer ID,Q210167,video game developer
P9403,Musée national de la Marine ID,Q16686448,artificial object
P9404,OFDb person ID,Q26401003,individual animal
P9409,American University of Beirut's Libraries title ID,Q10383930,academic work
P9409,American University of Beirut's Libraries title ID,Q571,book
P941,inspired by,Q11177771,artistic technique
P941,inspired by,Q1190554,occurrence
P941,inspired by,Q1400264,artist collective
P941,inspired by,Q14897293,fictional entity
P941,inspired by,Q215380,musical group
P941,inspired by,Q24334685,mythical entity
P941,inspired by,Q386724,work
P9412,Arca author ID,Q5,human
P9415,ÖCV Biolex ID,Q5,human
P9417,Camptocamp ID,Q2221906,geographic location
P9418,Biblio.com ID,Q200764,bookstore
P942,theme music,Q14897293,fictional entity
P942,theme music,Q110879246,video work
P942,theme music,Q1190554,occurrence
P942,theme music,Q43229,organization
P942,theme music,Q5,human
P9420,CNN contributor ID,Q5,human
P9421,IFVPF ID,Q131596,farm
P9422,Musikasten ID,Q5,human
P9425,Image Comics creator ID,Q5,human
P9426,Generals of World War II ID,Q5,human
P9427,La Réunion des Livres ID,Q5,human
P9429,Humanitāro zinātņu virtuālā enciklopēdija person ID,Q5,human
P943,programmer,Q386724,work
P9430,Encyclopedia of Jewish Women ID,Q5,human
P9432,GCD publisher ID,Q2085381,publishing house
P9433,Letecká badatelna accident ID,Q744913,aviation accident
P9435,KATOTTH ID,Q203323,administrative territorial entity of Ukraine
P9436,La Fenice Theatre in Venice person ID,Q5,human
P9439,National Inventory of Dams ID,Q12323,dam
P944,code of nomenclature,Q16521,taxon
P9441,Wissens-Aggregator Mittelalter und Frühe Neuzeit ID,Q43229,organization
P9441,Wissens-Aggregator Mittelalter und Frühe Neuzeit ID,Q5,human
P9443,Virginia House of Delegates ID,Q5,human
P9444,CAOI person ID,Q5,human
P9446,Our Campaigns race ID,Q189760,voting
P9447,Olympedia affiliations ID,Q43229,organization
P9448,introduced on,Q49371,legislation
P9448,introduced on,Q820655,statute
P9449,ANPI place numeric ID,Q43229,organization
P945,allegiance,Q176799,military unit
P945,allegiance,Q215627,person
P945,allegiance,Q16631188,military position
P945,allegiance,Q95074,character
P9450,National Provider Identifier,Q43229,organization
P9450,National Provider Identifier,Q5,human
P9451,Dicionário Histórico-Biográfico Brasileiro ID,Q5,human
P9452,Brapci author ID,Q5,human
P9454,WikiRoutes ID,Q1067164,transport service itinerary
P9455,Biographia Benedictina ID,Q5,human
P9456,Periodical ID in a database of the Ministry of Culture of the Czech Republic,Q1002697,periodical
P9458,Russians of Latvia ID,Q5,human
P9459,Rekhta author ID,Q2085381,publishing house
P9459,Rekhta author ID,Q5,human
P946,ISIN,Q223371,stock market index
P946,ISIN,Q431289,brand
P946,ISIN,Q43229,organization
P9461,DzygaMDB film ID,Q11424,film
P9461,DzygaMDB film ID,Q5398426,television series
P9462,Bioguiden movie theater ID,Q41253,movie theater
P9463,MovieMeter person ID,Q5,human
P9465,SonyLIV show ID,Q15416,television program
P9465,SonyLIV show ID,Q526877,web series
P9467,IAU member ID (archived),Q5,human
P9468,LIMA media artist ID,Q1400264,artist collective
P9468,LIMA media artist ID,Q5,human
P9469,Singers.com ID,Q5,human
P9469,Singers.com ID,Q207628,composed musical work
P9469,Singers.com ID,Q2088357,musical ensemble
P947,RSL ID (person),Q5,human
P9471,Art for the City inventory number,Q4989906,monument
P9471,Art for the City inventory number,Q860861,sculpture
P9474,Oregon Poetic Voices poet ID,Q5,human
P9476,Malaysian school code,Q3914,school
P9482,Catalogue of the General State Archives ID,Q5,human
P9482,Catalogue of the General State Archives ID,Q1190554,occurrence
P9482,Catalogue of the General State Archives ID,Q43229,organization
P9482,Catalogue of the General State Archives ID,Q8436,family
P9483,CofE archives catalogue ID,Q17537576,creative work
P9483,CofE archives catalogue ID,Q49848,document
P9484,J! Archive player ID,Q5,human
P9485,CofE archives name ID,Q4835091,territory
P9485,CofE archives name ID,Q43229,organization
P9485,CofE archives name ID,Q5,human
P9485,CofE archives name ID,Q8436,family
P9487,GLEIF registration authority code,Q1394657,trade register
P9489,Archdiocese of Liverpool parish ID,Q16970,church building
P9491,CofE archives place ID,Q2221906,geographic location
P9492,NC Highway Historical Marker Program ID,Q721747,commemorative plaque
P9493,artist files at,Q838948,work of art
P9494,accessibility statement URL,Q35127,website
P9496,degrees day,Q2221906,geographic location
P9503,MyBIS species ID,Q16521,taxon
P9504,Beirut Arab University's Libraries title ID,Q571,book
P9505,Gardens of the Roman Empire ID,Q182547,Roman province
P9505,Gardens of the Roman Empire ID,Q1107656,garden
P9505,Gardens of the Roman Empire ID,Q839954,archaeological site
P9506,Ultime lettere di condannati a morte e di deportati della Resistenza italiana person ID,Q5,human
P9509,Mixcloud ID,Q1076968,digital media
P9509,Mixcloud ID,Q17537576,creative work
P9509,Mixcloud ID,Q5,human
P951,NSZL (VIAF) ID,Q43229,organization
P951,NSZL (VIAF) ID,Q5,human
P9510,Forbes Russia profile ID,Q192287,administrative divisions of Russia
P9510,Forbes Russia profile ID,Q43229,organization
P9510,Forbes Russia profile ID,Q5,human
P9510,Forbes Russia profile ID,Q7930989,city or town
P9511,am.hayazg.info ID,Q5,human
P9512,bridgesport.ru player ID,Q5,human
P9515,Nevada SHPO marker ID,Q721747,commemorative plaque
P9516,IUCN Green List ID,Q82794,region
P9517,National Association of Teachers of Singing member ID,Q5,human
P952,ISCO-88 occupation class,Q12737077,occupation
P9520,Auschwitz Prisoners Database ID,Q5,human
P9523,Senate of Romania person ID,Q5,human
P9524,Chamber of Deputies of Romania person ID,Q5,human
P9525,LMIC musician ID,Q2088357,musical ensemble
P9525,LMIC musician ID,Q5,human
P9527,Historic Hawai‘i Foundation place ID,Q27096213,geographic entity
P9527,Historic Hawai‘i Foundation place ID,Q41176,building
P9528,Digital Library of Armenian Literature author ID,Q5,human
P953,work available at URL,Q1076968,digital media
P953,work available at URL,Q1630279,guideline
P953,work available at URL,Q1980247,chapter
P953,work available at URL,Q216200,legal norm
P953,work available at URL,Q34508,video recording
P953,work available at URL,Q386724,work
P953,work available at URL,Q49848,document
P953,work available at URL,Q7748,law
P9532,OpenCorporates register ID,Q1394657,trade register
P9535,IBSF competition ID,Q16510064,sporting event
P9537,NFF club ID,Q28140340,women's association football team
P9537,NFF club ID,Q847017,sports club
P9538,music austria ID,Q215380,musical group
P9538,music austria ID,Q5,human
P9539,Secondary Archive artist ID,Q10648343,duo
P9539,Secondary Archive artist ID,Q5,human
P9540,Editorial Freelancers Association member ID,Q5,human
P9542,representatives1821.gr ID,Q5,human
P9543,Memento Vienna person ID,Q5,human
P9544,universal equine life number,Q726,horse
P9546,Indiana State Historical Marker Program ID,Q721747,commemorative plaque
P9547,counterpart position,Q4164871,position
P9550,Apple Music label ID,Q18127,record label
P9551,bio.se movie theater ID,Q41253,movie theater
P9552,MyBIS protected area ID,Q473972,protected area
P9560,DCinemaToday company ID,Q4830453,business
P9561,CEV coach ID,Q5,human
P9562,CEV team ID,Q12973014,sports team
P9562,CEV team ID,Q847017,sports club
P9564,Biographical Dictionary of Chinese Christianity ID,Q5,human
P9566,diel cycle,Q16521,taxon
P9568,PeakVisor peak ID,Q133056,mountain pass
P9568,PeakVisor peak ID,Q207326,summit
P9568,PeakVisor peak ID,Q54050,hill
P9568,PeakVisor peak ID,Q631305,rock formation
P9568,PeakVisor peak ID,Q8502,mountain
P9569,PeakVisor range ID,Q46831,mountain range
P957,ISBN-10,Q131436,board game
P957,ISBN-10,Q732577,publication
P957,ISBN-10,Q7889,video game
P9571,PeakVisor area ID,Q2221906,geographic location
P9571,PeakVisor area ID,Q82794,region
P9572,PeakVisor park ID,Q22698,park
P9572,PeakVisor park ID,Q473972,protected area
P9573,Anime Filler List show ID,Q63952888,anime television series
P9575,Australian Music Centre artist ID,Q5,human
P9576,Danish 2010 redlist ID,Q16521,taxon
P9579,vedidk ID,Q5,human
P9580,Microlepidoptera.nl ID,Q16521,taxon
P9581,UNITER Award person ID,Q5,human
P9584,The Criterion Collection film ID,Q11424,film
P9586,Apple TV movie ID,Q11424,film
P9586,Apple TV movie ID,Q1261214,television special
P9587,Canadian Music Centre Composer Showcase ID,Q5,human
P9588,causesanti.va ID,Q5,human
P9589,Muziekencyclopedie ID,Q5,human
P9589,Muziekencyclopedie ID,Q57660343,performing arts building
P9591,#SOSBrutalism ID,Q811979,architectural structure
P9592,Online Archive of California finding aid ID,Q7328910,art collection
P9593,Museums in Styria ID,Q33506,museum
P9594,Bodleian Archives & Manuscripts person ID,Q5,human
P9596,ToateAnimalele ID,Q16521,taxon
P9597,type of lens,Q39715,lighthouse
P9599,Polo bibliografico della ricerca author ID,Q43229,organization
P9599,Polo bibliografico della ricerca author ID,Q5,human
P9600,oral history at,Q43229,organization
P9600,oral history at,Q5,human
P9602,OSDN project,Q7397,software
P9603,Scholasticon person ID,Q5,human
P9604,DiVA authority-person,Q5,human
P9605,CDep.Ro NGO ID,Q43229,organization
P9606,WUA author ID,Q5,human
P9607,hush.am person ID,Q5,human
P9608,Moths and Butterflies of Europe and North Africa ID,Q16521,taxon
P9609,What Works Clearinghouse study ID,Q732577,publication
P9610,PoetsGate poet ID,Q5,human
P9611,district heating grid,Q2221906,geographic location
P9614,Australian Music Centre work ID,Q207628,composed musical work
P9614,Australian Music Centre work ID,Q379755,arrangement
P9617,iFixit device ID,Q1183543,appliance
P9618,AlternativeTo software ID,Q9143,programming language
P9618,AlternativeTo software ID,Q6046311,interface standard
P9618,AlternativeTo software ID,Q7058673,video game series
P9618,AlternativeTo software ID,Q7397,software
P9619,Price One Penny author ID,Q5,human
P9620,Nevada Women's History Project ID,Q5,human
P9622,Price One Penny work ID,Q47461344,written work
P9623,Price One Penny library ID,Q22806,national library
P9623,Price One Penny library ID,Q1438040,research library
P9623,Price One Penny library ID,Q28564,public library
P9624,Price One Penny publisher ID,Q5,human
P9625,Dizionario Biografico dell'Educazione (1800–2000) ID,Q5,human
P9626,Biographical Encyclopedia of Astronomers ID,Q5,human
P9627,Romanistenlexikon ID,Q5,human
P9628,composers.am person ID,Q5,human
P9630,OpenCorporates register jurisdiction,Q1394657,trade register
P9631,armradioarchive.am person ID,Q5,human
P9634,AADFI member ID,Q5,human
P9636,Japan PlayStation Software Database ID,Q7889,video game
P9638,Romanian diplomatic mission ID,Q213283,diplomatic mission
P9639,Foreign diplomatic mission in Romania ID,Q213283,diplomatic mission
P964,Austrian municipality key,Q261023,district of Vienna
P964,Austrian municipality key,Q667509,municipality of Austria
P9640,PAS member ID,Q5,human
P9641,fondoambiente.it ID,Q618123,geographical feature
P9642,Olschki author ID,Q5,human
P9643,French Etalab parcel visualization code,Q618123,geographical feature
P9644,Geneanet family name ID,Q4116295,surname
P9645,Online Coins of the Roman Empire ID,Q41207,coin
P9649,Dutch Caribbean Species Register ID,Q16521,taxon
P965,burial plot reference,Q6023295,funerary structure
P9650,Internet Game Database company ID,Q5,human
P9650,Internet Game Database company ID,Q6881511,enterprise
P9651,Book Owners Online person ID,Q5,human
P9652,personality trait of fictional character,Q95074,character
P9653,Bod-Inc Online author ID,Q5,human
P9654,Burke Herbarium Image Collection ID,Q16521,taxon
P9657,Memobase ID,Q2431196,audiovisual work
P9658,Standard Citation Forms for Rare Materials Cataloging ID,Q1789476,bibliographic database
P9659,Skipsrevyen ID,Q1229765,watercraft
P966,MusicBrainz label ID,Q340169,communications media
P966,MusicBrainz label ID,Q43229,organization
P966,MusicBrainz label ID,Q732577,publication
P9662,LdiF person ID,Q5,human
P9663,Musica Baltica person ID,Q5,human
P9665,EGID,Q811979,architectural structure
P9666,RBF event ID,Q16510064,sporting event
P9666,RBF event ID,Q500834,tournament
P9667,date of resignation,Q640506,cabinet
P9667,date of resignation,Q7188,government
P9668,cirkev.cz Catholic services ID,Q811979,architectural structure
P967,guest of honor,Q1190554,occurrence
P9670,ZKM person ID,Q43229,organization
P9670,ZKM person ID,Q5,human
P9671,Bundesstiftung Aufarbeitung person ID,Q5,human
P9673,museumPASSmusées ID,Q2190251,arts center
P9673,museumPASSmusées ID,Q33506,museum
P9674,Burke Herbarium Image Collection contributor ID,Q43229,organization
P9674,Burke Herbarium Image Collection contributor ID,Q5,human
P9677,Hokej.cz player ID,Q5,human
P9679,Companies Registration Office (Ireland) Registration Number,Q43229,organization
P968,email address,Q13226383,facility
P968,email address,Q43229,organization
P968,email address,Q5,human
P968,email address,Q95074,character
P968,email address,Q1656682,event
P968,email address,Q22222786,government program
P968,email address,Q732577,publication
P968,email address,Q7397,software
P9681,voted on by,Q40231,public election
P9681,voted on by,Q2751586,resolution
P9681,voted on by,Q49371,legislation
P9681,voted on by,Q820655,statute
P9682,Gutenberg Biographics ID,Q5,human
P9683,Qualis rank,Q737498,academic journal
P9684,Idaho Species ID,Q16521,taxon
P9685,Montana Field Guide species ID,Q16521,taxon
P9686,Classical Archives composer ID,Q5,human
P9687,author given names,Q268378,work
P9688,author last names,Q268378,work
P9690,E-Fauna BC species ID,Q16521,taxon
P9691,E-Flora BC species ID,Q16521,taxon
P9692,LexM ID,Q5,human
P9693,BES-Net user ID,Q5,human
P9694,VK Music artist ID,Q5,human
P9695,Legie 100 legionary ID,Q5,human
P9696,Buzer.de law identification,Q1006079,Federal Act (Germany)
P9697,VK Play ID,Q7889,video game
P9698,World Curling championship ID,Q13406554,sports competition
P9699,FOIH themes ID,Q2221906,geographic location
P97,noble title,Q14897293,fictional entity
P97,noble title,Q5,human
P97,noble title,Q4164871,position
P97,noble title,Q8436,family
P970,neurological function,Q43054,neuron
P9700,delta of,Q43197,river delta
P9701,African Film Database ID,Q11424,film
P9702,Gameblog.fr game ID,Q116779426,group of video games often treated as a singular game
P9702,Gameblog.fr game ID,Q7889,video game
P9703,CCC in Idaho Collection ID,Q811430,fixed construction
P9704,Monumental Trees ID,Q811534,remarkable tree
P9705,Bauforschung Baden-Württemberg Objekt-ID,Q618123,geographical feature
P9706,Director Identification Number,Q5,human
P9707,GCD creator ID,Q5,human
P9708,Handzone player ID,Q5,human
P9709,Games und Erinnerungskultur Datenbank ID,Q7889,video game
P971,category combines topics,Q4167836,Wikimedia category
P9710,Lexikon Westfälischer Autorinnen und Autoren person ID,Q5,human
P9711,cIMeC.Ro museum ID,Q33506,museum
P9714,taxon range,Q16521,taxon
P9715,Room of Names ID,Q5,human
P9717,Native Land language ID,Q33384,dialect
P9717,Native Land language ID,Q34770,language
P9718,eishockey.info player ID,Q5,human
P9719,HockeyLive player ID,Q5,human
P9721,image of entrance,Q1656682,event
P9721,image of entrance,Q863404,subterranea
P9721,image of entrance,Q22698,park
P9721,image of entrance,Q42889,vehicle
P9721,image of entrance,Q811979,architectural structure
P9722,UFC athlete ID,Q5,human
P9723,20th Century Chinese Biographical Database ID,Q5,human
P9724,Fight Matrix fighter ID,Q5,human
P9725,EBIDAT ID,Q2116450,manor estate
P9725,EBIDAT ID,Q1015644,deserted castle site
P9725,EBIDAT ID,Q57821,fortification
P9725,EBIDAT ID,Q751876,château
P9726,Bellator fighter ID,Q5,human
P9727,Women's Tennis Association coach ID,Q5,human
P9728,Tapology fighter ID,Q5,human
P9729,replacement value,Q18616576,Wikidata property
P9730,Chidlovski.com USSR national ice hockey team player ID,Q5,human
P9731,announced at,Q17537576,creative work
P9732,citizens' initiative URL,Q11204,legislature
P9732,citizens' initiative URL,Q2659904,government organization
P9733,International Tables for Crystallography space group number,Q899033,space group
P9735,Città e Cattedrali ID,Q24398318,religious building
P9735,Città e Cattedrali ID,Q33506,museum
P9735,Città e Cattedrali ID,Q7075,library
P9736,MANTO ID,Q7725634,literary work
P9736,MANTO ID,Q1190554,occurrence
P9736,MANTO ID,Q13002315,legendary figure
P9736,MANTO ID,Q24334685,mythical entity
P9736,MANTO ID,Q618123,geographical feature
P9737,WMO code,Q190107,weather station
P9738,IFPNI author ID,Q5,human
P974,tributary,Q16338046,fictional river
P974,tributary,Q355304,watercourse
P9740,number of request signatories,Q3918409,proposal
P9740,number of request signatories,Q46337,manifesto
P9740,number of request signatories,Q646754,open letter
P9740,number of request signatories,Q660064,citizens' initiative
P9740,number of request signatories,Q697279,petition
P9741,Pladias ID,Q16521,taxon
P9742,Central records of collections ID,Q2668072,collection
P9743,Podchaser creator ID,Q5,human
P9744,Steam Greenlight game ID,Q7889,video game
P9745,translation of,Q17537576,creative work
P9746,CEICE school code,Q2385804,educational institution
P9747,Adventure Corner video game ID,Q7889,video game
P9748,Wikimedia Incubator URL,Q34770,language
P9750,Apple TV episode ID,Q1261214,television special
P9750,Apple TV episode ID,Q21191270,television series episode
P9751,Apple TV show ID,Q5398426,television series
P9751,Apple TV show ID,Q15416,television program
P9751,Apple TV show ID,Q526877,web series
P9753,Wikidata language code,Q17376908,languoid
P9753,Wikidata language code,Q43091,orthography
P9755,Scenic Washington scenic drives and road trips ID,Q2221906,geographic location
P9756,Schoenberg Database of Manuscripts name ID,Q21070598,figure that may or may not be fictional
P9756,Schoenberg Database of Manuscripts name ID,Q43229,organization
P9757,Schoenberg Database of Manuscripts place ID,Q58415929,spatio-temporal entity
P9759,bridge number,Q12743,ford
P9759,bridge number,Q105190,levee
P9759,bridge number,Q1076291,retaining wall
P9759,bridge number,Q12280,bridge
P9759,bridge number,Q44377,tunnel
P9761,IRIS SNS author ID,Q5,human
P9766,FIBA 3x3 player ID,Q5,human
P9767,edition/version,Q108346082,release group
P9767,edition/version,Q1421134,Internet Draft
P9767,edition/version,Q193977,music video
P9767,edition/version,Q20826013,software version
P9767,edition/version,Q7302866,audio track
P9768,Women Also Know History ID,Q5,human
P9769,Marmiton ID,Q2095,food
P9770,Knesset member ID,Q5,human
P9771,free/libre open source software usage policy URL,Q43229,organization
P9772,The New Yorker contributor ID,Q5,human
P9776,e-Rad researcher number,Q5,human
P9777,Rock Paper Shotgun game ID,Q7889,video game
P9778,Looted Cultural Assets Database ID,Q43229,organization
P9778,Looted Cultural Assets Database ID,Q5,human
P9780,The Women's Print History Project person ID,Q5,human
P9781,FANZA AV actress ID,Q5,human
P9782,Belarus Tax Identification Number,Q4830453,business
P9783,IFFR filmmaker ID,Q5,human
P9784,Index Theologicus publication ID,Q47461344,written work
P9785,IrishTheatre.ie company ID,Q11812394,theatre company
P9786,Joods Biografisch Woordenboek ID,Q5,human
P9787,Smartify artwork ID,Q838948,work of art
P9789,Yale Center for British Art artwork Lido ID,Q838948,work of art
P9790,Smithsonian trinomial format regex,Q2221906,geographic location
P9791,ASEE person ID,Q43229,organization
P9791,ASEE person ID,Q5,human
P9792,Alsharek Archive author ID,Q5,human
P9794,UCLA Space Inventory LocID,Q19844914,university building
P9794,UCLA Space Inventory LocID,Q2221906,geographic location
P9795,ARPI author ID,Q5,human
P9796,IRIS SSSUP author ID,Q5,human
P9797,Royal Ontario Museum ID,Q220659,archaeological artefact
P9797,Royal Ontario Museum ID,Q838948,work of art
P9798,Classification of the Functions of Government,Q2659904,government organization
P9799,Palynodata taxa ID,Q16521,taxon
P98,editor,Q192283,news agency
P98,editor,Q386724,work
P9802,Penguin Random House author ID,Q43229,organization
P9802,Penguin Random House author ID,Q5,human
P9803,UEFA stadium category,Q1076486,sports venue
P9804,Palynodata publications ID,Q47461344,written work
P9805,Mapping the Lives ID,Q5,human
P9806,WiiG game ID,Q7889,video game
P9808,arheologi.ro ID,Q5,human
P981,BAG residence ID,Q486972,human settlement
P9810,remix of,Q7302866,audio track
P9811,Asian Historical Architecture structure ID,Q811979,architectural structure
P9812,Likee username,Q5,human
P9812,Likee username,Q43229,organization
P9812,Likee username,Q7889,video game
P9814,Team Deutschland Paralympics athlete ID,Q5,human
P9816,Kartridge game ID,Q7889,video game
P9817,International Swimming League ID,Q5,human
P9818,Penguin Random House work ID,Q47461344,written work
P9819,Daum Cafe ID,Q2088357,musical ensemble
P9819,Daum Cafe ID,Q639669,musician
P9819,Daum Cafe ID,Q713200,performing artist
P982,MusicBrainz area ID,Q82794,region
P9820,Freeview show ID,Q15416,television program
P9821,Unconsenting Media ID,Q2431196,audiovisual work
P9821,Unconsenting Media ID,Q7725634,literary work
P9822,TeamNL athlete ID number (archived),Q5,human
P9823,Volleybox ID,Q114609228,recurring sporting event edition
P9823,Volleybox ID,Q1076486,sports venue
P9823,Volleybox ID,Q15720476,volleyball team
P9823,Volleybox ID,Q5,human
P9823,Volleybox ID,Q847017,sports club
P9825,allabolag person ID,Q5,human
P9828,Fontaines de France ID,Q483453,fountain
P9829,KNHB player ID,Q5,human
P9830,DC Books book ID,Q7725634,literary work
P9832,Igromania company ID,Q5,human
P9832,Igromania company ID,Q1137109,video game publisher
P9832,Igromania company ID,Q210167,video game developer
P9833,Deutsche Sporthilfe ID,Q5,human
P9834,Finnish National Gallery artwork ID,Q838948,work of art
P9835,Igromania series ID,Q196600,media franchise
P9836,NDL Persistent ID,Q732577,publication
P9836,NDL Persistent ID,Q7725634,literary work
P9838,ECO code,Q103632,chess opening
P9839,izeltlabuak.hu ID,Q16521,taxon
P984,IOC country code,Q26213387,Olympic delegation
P984,IOC country code,Q133156,colony
P984,IOC country code,Q3024240,historical country
P984,IOC country code,Q6256,country
P9840,Food.com ID,Q2095,food
P9841,Jornal do Vôlei ID,Q5,human
P9843,IRIS UNINA author ID,Q5,human
P9844,IRIS UNIPV author ID,Q5,human
P9846,HandiSport Équipes de France ID,Q5,human
P9848,Cinemaitaliano film ID,Q11424,film
P9851,DC character ID,Q95074,character
P9852,Media Bias/Fact Check ID,Q1002697,periodical
P9852,Media Bias/Fact Check ID,Q11033,mass media
P9852,Media Bias/Fact Check ID,Q35127,website
P9852,Media Bias/Fact Check ID,Q43229,organization
P9852,Media Bias/Fact Check ID,Q5,human
P9854,eAmbrosia ID,Q2095,food
P9855,Edizioni Ares author ID,Q5,human
P9856,Al-Jazeera author ID,Q5,human
P9857,Turkish Cinema Archive Database film ID,Q11424,film
P9858,Civilisti Italiani member ID,Q5,human
P9864,Télé-Loisirs ID,Q5,human
P9865,Anagrafe degli studiosi ID (archived),Q5,human
P9866,GRAC rating,Q7889,video game
P9867,e-Maapõu stratigraphy ID,Q3694119,stratigraphic unit
P9869,Douyin video ID,Q34508,video recording
P9870,IndieMag game ID,Q7889,video game
P9871,INAPP author ID,Q43229,organization
P9871,INAPP author ID,Q5,human
P9874,INAPP work ID,Q386724,work
P9875,Fondation du patrimoine ID,Q27096235,artificial geographic entity
P9875,Fondation du patrimoine ID,Q8205328,artificial physical object
P9876,Endemia.nc animal taxon ID,Q16521,taxon
P9877,Gry-Online game ID,Q7889,video game
P988,Philippine Standard Geographic Code,Q1350310,administrative territorial entity of the Philippines
P988,Philippine Standard Geographic Code,Q15042037,statistical territorial entity
P9881,Every Noise at Once ID,Q28820001,musical scene
P9881,Every Noise at Once ID,Q3516862,vocal technique
P9884,Online Begraafplaatsen cemetery ID,Q157570,crematorium
P9884,Online Begraafplaatsen cemetery ID,Q39614,cemetery
P9889,NZTCS ID,Q16521,taxon
P9890,Online Begraafplaatsen person ID,Q5,human
P9892,ICCD ID - Santuari Cristiani,Q697295,shrine
P9894,Swedish Food Agency food ID,Q2095,food
P9895,SMECCV classification,Q7889,video game
P9897,App Store age rating,Q620615,mobile app
P9897,App Store age rating,Q7889,video game
P9898,Australian Research Council Grant ID,Q31855,research institute
P9898,Australian Research Council Grant ID,Q13226383,facility
P9898,Australian Research Council Grant ID,Q7315176,research program
P9899,music created for,Q482994,album
P9901,issuing agent of work,Q7094076,online database
P9901,issuing agent of work,Q732577,publication
P9903,All.Rugby player ID,Q5,human
P9904,free/libre open source software development policy URL,Q43229,organization
P9907,swisscovery edition ID,Q34508,video recording
P9907,swisscovery edition ID,Q1027879,graphics
P9907,swisscovery edition ID,Q3302947,audio recording
P9907,swisscovery edition ID,Q4006,map
P9907,swisscovery edition ID,Q7094076,online database
P9907,swisscovery edition ID,Q732577,publication
P9907,swisscovery edition ID,Q838948,work of art
P9907,swisscovery edition ID,Q87167,manuscript
P9908,Hardy's Guide to Marine Gastropods URL,Q16521,taxon
P9909,e-Maapõu locality ID,Q618123,geographical feature
P991,successful candidate,Q40231,public election
P9910,Online Begraafplaatsen memorial ID,Q5003624,memorial
P9910,Online Begraafplaatsen memorial ID,Q6023295,funerary structure
P9911,PoetsGate poem ID,Q7725634,literary work
P9912,NVE reservoir ID,Q131681,reservoir
P9913,FLORE author ID,Q5,human
P9914,USiena air author ID,Q5,human
P9915,IRIS IMT author ID,Q5,human
P9918,Kallías ID,Q16017119,collective pseudonym
P9918,Kallías ID,Q5,human
P9918,Kallías ID,Q732577,publication
P9918,Kallías ID,Q95074,character
P9918,Kallías ID,Q17537576,creative work
P9918,Kallías ID,Q27096213,geographic entity
P9918,Kallías ID,Q43229,organization
P9918,Kallías ID,Q464980,exhibition
P9918,Kallías ID,Q47461344,written work
P9919,Convict Records of Australia ID,Q5,human
P9921,Issuu ID,Q5,human
P9921,Issuu ID,Q43229,organization
P9921,Issuu ID,Q47461344,written work
P9921,Issuu ID,Q732577,publication
P9922,Flipboard ID,Q43229,organization
P9922,Flipboard ID,Q1076968,digital media
P9922,Flipboard ID,Q11033,mass media
P9924,number of evacuated,Q1190554,occurrence
P9925,BBC Food ID,Q38695,cooking
P9925,BBC Food ID,Q1778821,cuisine
P9925,BBC Food ID,Q2095,food
P9925,BBC Food ID,Q5,human
P9925,BBC Food ID,Q6460735,meal
P9926,populates category,Q11266439,Wikimedia template
P9927,number of tries marked,Q27020041,sports season
P9928,Baijiahao ID,Q1639378,social system
P9928,Baijiahao ID,Q340169,communications media
P9928,Baijiahao ID,Q11012,robot
P9928,Baijiahao ID,Q1190554,occurrence
P9928,Baijiahao ID,Q386724,work
P9928,Baijiahao ID,Q4164871,position
P9928,Baijiahao ID,Q5,human
P9929,madhhab,Q110706912,Islamic organization
P9929,madhhab,Q1826286,religious movement
P9929,madhhab,Q5,human
P9929,madhhab,Q6256,country
P9930,Brussels Inventory of Heritage Artefacts institution ID,Q2668072,collection
P9930,Brussels Inventory of Heritage Artefacts institution ID,Q43229,organization
P9932,Vietherb species ID,Q16521,taxon
P9936,Indonesian Museum National Registration System ID,Q33506,museum
P9942,National Gallery Prague work ID,Q220659,archaeological artefact
P9942,National Gallery Prague work ID,Q838948,work of art
P9946,date of probate,Q5,human
P9948,The World Factbook country ID (archived),Q56061,administrative territorial entity
P9949,AFNIL publisher ID,Q43229,organization
P9950,RICS company code,Q43229,organization
P9951,Greek Castles ID,Q811979,architectural structure
P9952,Gente di Tuscia ID,Q5,human
P9952,Gente di Tuscia ID,Q8436,family
P9955,SAM ID,Q43229,organization
P9955,SAM ID,Q56061,administrative territorial entity
P9956,IRIS Sapienza author ID,Q5,human
P9957,museum-digital place ID,Q618123,geographical feature
P9959,PDDikti higher education institution ID,Q38723,higher education institution
P996,document file on Wikimedia Commons,Q49848,document
P9960,VI.BE platform ID,Q2088357,musical ensemble
P9960,VI.BE platform ID,Q5,human
P9961,Owler company ID,Q43229,organization
P9964,Kalliope-Verbund (GND) ID,Q43229,organization
P9964,Kalliope-Verbund (GND) ID,Q5,human
P9964,Kalliope-Verbund (GND) ID,Q811979,architectural structure
P9964,Kalliope-Verbund (GND) ID,Q13002315,legendary figure
P9964,Kalliope-Verbund (GND) ID,Q1656682,event
P9964,Kalliope-Verbund (GND) ID,Q27096213,geographic entity
P9964,Kalliope-Verbund (GND) ID,Q4271324,mythical character
P9965,Musik-Sammler.de artist ID,Q215627,person
P9966,United Nations Treaty Collection object ID,Q131569,treaty
P9967,Washington Rare Plant Field Guide ID (Web version),Q16521,taxon
P9968,RAWG game ID,Q11410,game
P9969,catalogue raisonné,Q5,human
P9972,illustrative content,Q1266946,thesis
P9972,illustrative content,Q732577,publication
P9976,copyright registration,Q17537576,creative work
P9976,copyright registration,Q571,book
P9984,CANTIC ID,Q5,human
P9984,CANTIC ID,Q618123,geographical feature
P9984,CANTIC ID,Q15632617,fictional human
P9984,CANTIC ID,Q21070598,figure that may or may not be fictional
P9984,CANTIC ID,Q3658341,literary character
P9984,CANTIC ID,Q43229,organization
P9984,CANTIC ID,Q61002,pseudonym
P9986,NDL earlier law ID,Q1151067,rule
P9986,NDL earlier law ID,Q846882,sources of law
P9987,AbandonSocios ID,Q210167,video game developer
P9987,AbandonSocios ID,Q7889,video game
P9988,Bat Sheva Archive ID,Q5,human
P999,ARICNS,Q101600,brown dwarf
P999,ARICNS,Q523,star
P999,ARICNS,Q595871,star system
P9996,Chi era Costui plaque ID,Q4989906,monument
P9996,Chi era Costui plaque ID,Q179700,statue
P9996,Chi era Costui plaque ID,Q4364339,plaque
P9997,Bowers acronym,Q815741,geometric shape
